symbol,shortName,longName,exchange,market,quoteType
GZE1R.RG,Latvijas Gaze,AS Latvijas Gaze,RIS,rg_market,EQUITY
MDARA.RG,MADARA Cosmetics,AS MADARA Cosmetics,RIS,rg_market,EQUITY
BAL1R.RG,Latvijas balzams,AS Latvijas balzams,RIS,rg_market,EQUITY
VIRSI.RG,VIRSI-A,"AS ""Virsi-A""",RIS,rg_market,EQUITY
DGR1R.RG,DelfinGroup,DelfinGroup AS,RIS,rg_market,EQUITY
SAF1R.RG,SAF Tehnika,SAF Tehnika A/S,RIS,rg_market,EQUITY
HMX1R.RG,HansaMatrix,AS HansaMatrix,RIS,rg_market,EQUITY
VEF1R.RG,VEF,AS VEF,RIS,rg_market,EQUITY
LJM1R.RG,Latvijas Juras medicinas centrs,AS Latvijas Juras medicinas centrs,RIS,rg_market,EQUITY
SCM1R.RG,Siguldas CMAS,AS Siguldas Ciltslietu Un Maksligas Apseklosanas Stacija,RIS,rg_market,EQUITY
DPK1R.RG,Ditton pievadkezu rupnica,AS Ditton pievadkezu rupnica,RIS,rg_market,EQUITY
RKB1R.RG,Rigas kugu buvetava,AS Rigas kugu buvetava,RIS,rg_market,EQUITY
KA11R.RG,Kurzemes atslega 1,A/S Kurzemes Atslega 1,RIS,rg_market,EQUITY
HAGEN.RG,Hagen Bikes Holding,,RIS,rg_market,EQUITY
MAGIC.RG,TextMagic,,RIS,rg_market,EQUITY
CCLAT067524FA.RG,,,RIS,rg_market,EQUITY
CTS1L.RG,City Service,,RIS,rg_market,EQUITY
K2LT.RG,K2 LT,,RIS,rg_market,EQUITY
LINDA.RG,Linda Nektar,,RIS,rg_market,EQUITY
BERCM.RG,Bercman Technologies,,RIS,rg_market,EQUITY
ELMO.RG,ELMO Rent,,RIS,rg_market,EQUITY
SAUNA.RG,Saunum Group,,RIS,rg_market,EQUITY
EWA1L.RG,East West Agro,,RIS,rg_market,EQUITY
MODE.RG,Modera,,RIS,rg_market,EQUITY
NEOFI.RG,NEO Finance,,RIS,rg_market,EQUITY
