symbol,shortName,longName,exchange,market,quoteType
MSF.BR,Microsoft corp.,Microsoft Corporation,BRU,be_market,EQUITY
CIS.BR,Cisco Systems,"Cisco Systems, Inc.",BRU,be_market,EQUITY
INCO.BR,INTEL CORP,Intel Corporation,BRU,be_market,EQUITY
SIA.BR,SIEMENS Gewone aandelen,Siemens Aktiengesellschaft,BRU,be_market,EQUITY
IBMA.BR,IBM,International Business Machines Corporation,BRU,be_market,EQUITY
VWA.BR,VOLKSWAGEN,Volkswagen AG,BRU,be_market,EQUITY
VWAP.BR,VOLKSWAGEN PREF,Volkswagen AG,BRU,be_market,EQUITY
ABI.BR,AB INBEV,Anheuser-Busch InBev SA/NV,BRU,be_market,EQUITY
DTEL.BR,Deutsche Telekom aandelen,Deutsche Telekom AG,BRU,be_market,EQUITY
SANTA.BR,Banco Santander,"Banco Santander, S.A.",BRU,be_market,EQUITY
ENI.BR,ENI,Eni S.p.A.,BRU,be_market,EQUITY
MEURV.BR,Muenchener Rueckversicherungs a,Münchener Rückversicherungs-Gesellschaft Aktiengesellschaft in München,BRU,be_market,EQUITY
BBV.BR,BCO BILBAO VIZCAYA ARGENTARIA,"Banco Bilbao Vizcaya Argentaria, S.A.",BRU,be_market,EQUITY
KBC.BR,KBC,KBC Group NV,BRU,be_market,EQUITY
EON.BR,E.ON SE,E.ON SE,BRU,be_market,EQUITY
GEN.BR,Generali Assicurazioni aandelen,Assicurazioni Generali S.p.A.,BRU,be_market,EQUITY
TFA.BR,TELEFONICA,"Telefónica, S.A.",BRU,be_market,EQUITY
UCB.BR,UCB,UCB SA,BRU,be_market,EQUITY
GBLB.BR,GBL,Groupe Bruxelles Lambert SA,BRU,be_market,EQUITY
ARGX.BR,ARGENX SE,argenx SE,BRU,be_market,EQUITY
SOF.BR,SOFINA,Sofina Société Anonyme,BRU,be_market,EQUITY
SOLB.BR,SOLVAY,Solvay SA,BRU,be_market,EQUITY
TIT.BR,Telecom Italia,Telecom Italia S.p.A.,BRU,be_market,EQUITY
AGS.BR,AGEAS,ageas SA/NV,BRU,be_market,EQUITY
DIE.BR,D'IETEREN GROUP,D'Ieteren Group SA,BRU,be_market,EQUITY
UMI.BR,UMICORE,Umicore SA,BRU,be_market,EQUITY
ELI.BR,ELIA GROUP,Elia Group SA/NV,BRU,be_market,EQUITY
WDP.BR,WAREHOUSES DE PAUW,Warehouses De Pauw NV,BRU,be_market,EQUITY
ACKB.BR,ACKERMANS V.HAAREN,Ackermans & Van Haaren NV,BRU,be_market,EQUITY
PROX.BR,PROXIMUS,Proximus PLC,BRU,be_market,EQUITY
VGP.BR,VGP,VGP NV,BRU,be_market,EQUITY
COLR.BR,COLRUYT,Etn. Fr. Colruyt NV,BRU,be_market,EQUITY
SHUR.BR,SHURGARD,Shurgard Self Storage S.A.,BRU,be_market,EQUITY
LOTB.BR,LOTUS BAKERIES,Lotus Bakeries NV,BRU,be_market,EQUITY
COFB.BR,COFINIMMO,Cofinimmo SA,BRU,be_market,EQUITY
MELE.BR,MELEXIS,Melexis NV,BRU,be_market,EQUITY
AED.BR,AEDIFICA,Aedifica SA,BRU,be_market,EQUITY
TUB.BR,TUBIZE-FIN,Financière de Tubize SA,BRU,be_market,EQUITY
BREB.BR,BREDERODE,Brederode SA,BRU,be_market,EQUITY
TNET.BR,TELENET GROUP,Telenet Group Holding NV,BRU,be_market,EQUITY
KBCA.BR,KBC ANCORA ord,KBC Ancora SCA,BRU,be_market,EQUITY
CFEB.BR,CFE,Compagnie d'Entreprises CFE SA,BRU,be_market,EQUITY
SOLV.BR,SOLVAC NOM(RETAIL),Solvac S.A.,BRU,be_market,EQUITY
BEKB.BR,BEKAERT,NV Bekaert SA,BRU,be_market,EQUITY
FLUX.BR,FLUXYS BELGIUM,Fluxys Belgium SA,BRU,be_market,EQUITY
MONT.BR,MONTEA NV,Montea Comm. VA,BRU,be_market,EQUITY
BAR.BR,BARCO,Barco NV,BRU,be_market,EQUITY
EURN.BR,EURONAV,Euronav NV,BRU,be_market,EQUITY
BPOST.BR,BPOST,bpost NV/SA,BRU,be_market,EQUITY
TESB.BR,TESSENDERLO GROUP,Tessenderlo Group NV,BRU,be_market,EQUITY
KIN.BR,KINEPOLIS GROUP,Kinepolis Group NV,BRU,be_market,EQUITY
GIMB.BR,GIMV,GIMV NV,BRU,be_market,EQUITY
XIOR.BR,XIOR,Xior Student Housing NV,BRU,be_market,EQUITY
VIO.BR,VIOHALCO,Viohalco S.A.,BRU,be_market,EQUITY
PIC.BR,PICANOL,Picanol nv,BRU,be_market,EQUITY
OBEL.BR,ORANGE BELGIUM,Orange Belgium S.A.,BRU,be_market,EQUITY
FAGR.BR,FAGRON,Fagron NV,BRU,be_market,EQUITY
REC.BR,RECTICEL,Recticel SA/NV,BRU,be_market,EQUITY
TITC.BR,TITAN CEMENT,Titan Cement International S.A.,BRU,be_market,EQUITY
BEFB.BR,BEFIMMO,Befimmo SA,BRU,be_market,EQUITY
RET.BR,RETAIL ESTATES,Retail Estates N.V.,BRU,be_market,EQUITY
MITRA.BR,MITHRA,Mithra Pharmaceuticals SA,BRU,be_market,EQUITY
FLOB.BR,FLORIDIENNE,Floridienne S.A.,BRU,be_market,EQUITY
NEXTA.BR,NEXTENSA,Leasinvest Real Estate SCA,BRU,be_market,EQUITY
INTO.BR,INTERVEST OFF-WARE,Intervest Offices & Warehouses nv,BRU,be_market,EQUITY
SPA.BR,SPADEL,"Société de Services, de Participations, de Direction et d'Elaboration",BRU,be_market,EQUITY
IMMO.BR,IMMOBEL,Immobel SA,BRU,be_market,EQUITY
CPINV.BR,CARE PROPERTY INVEST,Care Property Invest NV,BRU,be_market,EQUITY
ECONB.BR,ECONOCOM GROUP,Econocom Group SE,BRU,be_market,EQUITY
BNB.BR,BQUE NAT. BELGIQUE,Banque nationale de Belgique Société anonyme,BRU,be_market,EQUITY
AGFB.BR,AGFA-GEVAERT,Agfa-Gevaert NV,BRU,be_market,EQUITY
SIP.BR,SIPEF,Sipef NV,BRU,be_market,EQUITY
ONTEX.BR,ONTEX GROUP,Ontex Group NV,BRU,be_market,EQUITY
CENER.BR,CENERGY,Cenergy Holdings SA,BRU,be_market,EQUITY
COMB.BR,CIE BOIS SAUVAGE,Compagnie du Bois Sauvage SA,BRU,be_market,EQUITY
NYXH.BR,NYXOAH SA,Nyxoah S.A.,BRU,be_market,EQUITY
GREEN.BR,GREENYARD,Greenyard NV,BRU,be_market,EQUITY
DECB.BR,DECEUNINCK,Deceuninck NV,BRU,be_market,EQUITY
TINC.BR,TINC,TINC NV,BRU,be_market,EQUITY
HYL.BR,HYLORIS,Hyloris Pharmaceuticals SA,BRU,be_market,EQUITY
UPG.BR,UNIFIEDPOST GROUP SA/NV,Unifiedpost Group SA,BRU,be_market,EQUITY
VAN.BR,VAN DE VELDE,Van de Velde NV,BRU,be_market,EQUITY
RES.BR,RESILUX,Resilux NV,BRU,be_market,EQUITY
WEHB.BR,WERELDHAVE BELGIUM,Wereldhave Belgium Naamloze vennootschap,BRU,be_market,EQUITY
IBAB.BR,ION BEAM APPLICATIONS,Ion Beam Applications SA,BRU,be_market,EQUITY
HOMI.BR,HOME INVEST BELGIUM,Home Invest Belgium S.A.,BRU,be_market,EQUITY
ATEB.BR,ATENOR,Atenor SA,BRU,be_market,EQUITY
ASC.BR,ASCENCIO,Ascencio SCA,BRU,be_market,EQUITY
EVS.BR,EVS BROADC.EQUIPM.,EVS Broadcast Equipment SA,BRU,be_market,EQUITY
EKOP.BR,EKOPAK NV,Ekopak NV,BRU,be_market,EQUITY
EXM.BR,EXMAR ord.,Exmar NV,BRU,be_market,EQUITY
JEN.BR,JENSEN-GROUP,Jensen-Group NV,BRU,be_market,EQUITY
COBH.BR,CO.BR.HA (D),Brouwerij Handelsmaatschappij NV,BRU,be_market,EQUITY
ROU.BR,ROULARTA,Roularta Media Group NV,BRU,be_market,EQUITY
BTLS.BR,BIOTALYS NV,Biotalys NV,BRU,be_market,EQUITY
TERB.BR,TER BEKE,Ter Beke NV,BRU,be_market,EQUITY
BCART.BR,BIOCARTIS,Biocartis Group NV,BRU,be_market,EQUITY
VASTB.BR,VASTNED BELGIUM,Vastned Belgium,BRU,be_market,EQUITY
TISN.BR,Tiscali,Tiscali Spa,BRU,be_market,EQUITY
ACPH.BR,ACACIA PHARMA,Acacia Pharma Group plc,BRU,be_market,EQUITY
QFG.BR,QUESTFOR GR-PRICAF,Quest for Growth Belgium,BRU,be_market,EQUITY
MDXH.BR,MDXHEALTH,MDxHealth SA,BRU,be_market,EQUITY
SEQUA.BR,SEQUANA MEDICAL,Sequana Medical NV,BRU,be_market,EQUITY
WEB.BR,WAREHOUSES ESTATES BELGIUM - W.,Warehouses Estates Belgium SCA,BRU,be_market,EQUITY
PAY.BR,PAYTON PLANAR MAGNETICS,Payton Planar Magnetics Ltd.,BRU,be_market,EQUITY
INCLU.BR,INCLUSIO SA/NV,Inclusio SA,BRU,be_market,EQUITY
MOUR.BR,MOURY CONSTRUCT,Moury Construct SA,BRU,be_market,EQUITY
MIKO.BR,MIKO,Miko NV,BRU,be_market,EQUITY
SMAR.BR,SMARTPHOTO GROUP,Smartphoto Group NV,BRU,be_market,EQUITY
TEXF.BR,TEXAF,Texaf S.A.,BRU,be_market,EQUITY
BALTA.BR,BALTA GROUP,Balta Group NV,BRU,be_market,EQUITY
IEP.BR,IEP INVEST,"Iep Invest, NV",BRU,be_market,EQUITY
ACCB.BR,ACCENTIS,Accentis N.V.,BRU,be_market,EQUITY
QRF.BR,QRF,Qrf Comm. VA,BRU,be_market,EQUITY
CYAD.BR,CELYAD ONCOLOGY,Celyad Oncology SA,BRU,be_market,EQUITY
OXUR.BR,OXURION,Oxurion NV,BRU,be_market,EQUITY
CAMB.BR,CAMPINE,Campine NV,BRU,be_market,EQUITY
ONWD.BR,ONWARD MEDICAL,Onward Medical N.V.,BRU,be_market,EQUITY
ABO.BR,ABO GROUP ENVIRONMENT,ABO-Group Environment NV,BRU,be_market,EQUITY
BELR.BR,BELRECA,Belgian Resources and Capital Company,BRU,be_market,EQUITY
BANI.BR,BANIMMO A,Banimmo SA,BRU,be_market,EQUITY
OPTI.BR,CRESCENT,Crescent NV,BRU,be_market,EQUITY
UNI.BR,FLOWSPARKS,Flowsparks NV,BRU,be_market,EQUITY
NYR.BR,NYRSTAR,Nyrstar NV,BRU,be_market,EQUITY
SCHD.BR,SCHEERD.V KERCHOVE,Scheerders van Kerchove's Verenigde fabrieken nv,BRU,be_market,EQUITY
KEYW.BR,Keyware Technologies,Keyware Technologies NV,BRU,be_market,EQUITY
BEAB.BR,BEAULIEU-AV. CERT,Immo-Beaulieu NV,BRU,be_market,EQUITY
IMMOU.BR,IMMO MOURY (D),Immo Moury SCA,BRU,be_market,EQUITY
MCC.BR,IMMO MECHELEN CITY CENTER,Immo Mcc NV,BRU,be_market,EQUITY
ZEN.BR,ZENOBE GRAMME CERT,Immo-Zenobe Gramme SA,BRU,be_market,EQUITY
BOTHE.BR,BONE THERAPEUTICS,Bone Therapeutics SA,BRU,be_market,EQUITY
DIEG.BR,DIEGEM KENNEDYCERT,Immolease Trust NV,BRU,be_market,EQUITY
REAL.BR,REALCO,Realco S.A.,BRU,be_market,EQUITY
SOFT.BR,SOFTIMAT,Softimat S.A.,BRU,be_market,EQUITY
GENK.BR,GENK LOGIST. CERT,Genk Logistics Naamloze vennootschap,BRU,be_market,EQUITY
ASIT.BR,ASIT,ASIT Biotech S.A.,BRU,be_market,EQUITY
FOU.BR,FOUNTAIN,Fountain S.A.,BRU,be_market,EQUITY
MLNEU.BR,NEUFCOUR-FIN.,Compagnie Financière de Neufcour S.A.,BRU,be_market,EQUITY
CAND.BR,CANDELA INVEST,Candela Invest SA,BRU,be_market,EQUITY
WOLS.BR,WOLUWE SHOPPING CENTER,Woluwe Shopping Center,BRU,be_market,EQUITY
BELU.BR,BELUGA,Beluga NV,BRU,be_market,EQUITY
WOLE.BR,WOL. EXTENS. CERT,Woluwe Extension SA,BRU,be_market,EQUITY
NEWT.BR,NEWTREE,Newtree S.A.,BRU,be_market,EQUITY
CLEX.BR,CUMULEX,Cumulex N.V.,BRU,be_market,EQUITY
ANT.BR,ANTARES CERT,Immo-Antares NV,BRU,be_market,EQUITY
ROCK.BR,WHITESTONE GROUP,Whitestone Group,BRU,be_market,EQUITY
DISL.BR,DISTRI-LAND CERT,Immobiliere Distri-Land NV,BRU,be_market,EQUITY
XS2251601048.BR,ICNSYNERGY6%1DEC25,,BRU,be_market,EQUITY
BE0002657386.BR,GIMV2.875%5JUL26,,BRU,be_market,EQUITY
HYSG.BR,HYBRID SOFTWARE GROUP PLC,,BRU,be_market,EQUITY
BE0002238070.BR,DECEUN3.75%8DEC22,,BRU,be_market,EQUITY
MLTV.BR,CHOICE NV,Choice NV,BRU,be_market,EQUITY
BE0002653344.BR,VRANKE3.45%19JUN24,,BRU,be_market,EQUITY
BE0002654359.BR,VRANKE3.75%19JUN26,,BRU,be_market,EQUITY
BE0002739192.BR,,,BRU,be_market,EQUITY
ATE24.BR,ATENOR3.5%5APR24,,BRU,be_market,EQUITY
BE0002737188.BR,ATENO3.875%23OCT26,,BRU,be_market,EQUITY
UCB23.BR,UCB 5.125% 2 OCTOBER 2023,,BRU,be_market,EQUITY
B320.BR,,,BRU,be_market,EQUITY
BE0002655364.BR,SDWORX3.8%11JUN26,,BRU,be_market,EQUITY
BE0944264663.BR,SCR - SIBELCO,,BRU,be_market,EQUITY
BE0022780820.BR,,,BRU,be_market,EQUITY
BE0941244536.BR,ETEX,,BRU,be_market,EQUITY
BE0002827088.BR,IMMOBEL3%12MAY28,,BRU,be_market,EQUITY
B336.BR,BELG1.9%22JUN38,Belgium 1.9% SNR BDS 22/06/2038 EUR0.01'76''REGS,BRU,be_market,EQUITY
BE0002751320.BR,LALORRAIN3%15DEC27,,BRU,be_market,EQUITY
BE6264882406.BR,IMBAKIN HOLDING,,BRU,be_market,EQUITY
VGP23.BR,VGP 3.9 21SEP2023,VGP NV 3.9% BDS 21/09/2023 EUR1000,BRU,be_market,EQUITY
VGP26.BR,VGP3.5%19MAR2026,,BRU,be_market,EQUITY
NL0013526866.BR,CECMIF6.5%28JUN24,,BRU,be_market,EQUITY
BE0941243520.BR,ALIAXIS,,BRU,be_market,EQUITY
BEC0000BH426.BR,,,BRU,be_market,EQUITY
AZE.BR,AZELIS GROUP NV,Azelis Group NV,BRU,be_market,EQUITY
