symbol,shortName,longName,exchange,market,quoteType
QNBFB.IS,QNB FINANSBANK,QNB Finansbank A.S.,IST,tr_market,EQUITY
ISKUR.IS,IS BANKASI (KUR.),Türkiye Is Bankasi A.S.,IST,tr_market,EQUITY
EREGL.IS,EREGLI DEMIR CELIK,Eregli Demir ve Çelik Fabrikalari T.A.S.,IST,tr_market,EQUITY
FROTO.IS,FORD OTOSAN,Ford Otomotiv Sanayi A.S.,IST,tr_market,EQUITY
ENKAI.IS,ENKA INSAAT,Enka Insaat ve Sanayi A.S.,IST,tr_market,EQUITY
KCHOL.IS,KOC HOLDING,Koç Holding A.S.,IST,tr_market,EQUITY
ISDMR.IS,ISKENDERUN DEMIR CELIK,Iskenderun Demir ve Çelik A.S.,IST,tr_market,EQUITY
SASA.IS,SASA POLYESTER,Sasa Polyester Sanayi A.S.,IST,tr_market,EQUITY
ASELS.IS,ASELSAN,Aselsan Elektronik Sanayi ve Ticaret Anonim Sirketi,IST,tr_market,EQUITY
GARAN.IS,GARANTI BANKASI,Turkiye Garanti Bankasi A.S.,IST,tr_market,EQUITY
TUPRS.IS,TUPRAS,Türkiye Petrol Rafinerileri A.S.,IST,tr_market,EQUITY
MAVI.IS,MAVI GIYIM,Mavi Giyim Sanayi ve Ticaret A.S.,IST,tr_market,EQUITY
SISE.IS,SISE CAM,Türkiye Sise Ve Cam Fabrikalari A.S.,IST,tr_market,EQUITY
BIMAS.IS,BIM MAGAZALAR,BIM Birlesik Magazalar A.S.,IST,tr_market,EQUITY
TOASO.IS,TOFAS OTO. FAB.,Tofas Türk Otomobil Fabrikasi A.S.,IST,tr_market,EQUITY
TCELL.IS,TURKCELL,Turkcell Iletisim Hizmetleri A.S.,IST,tr_market,EQUITY
AKBNK.IS,AKBANK,Akbank T.A.S.,IST,tr_market,EQUITY
KENT.IS,KENT GIDA,Kent Gida Maddeleri Sanayii ve Ticaret A.S.,IST,tr_market,EQUITY
TTKOM.IS,TURK TELEKOM,Türk Telekomünikasyon Anonim Sirketi,IST,tr_market,EQUITY
ISCTR.IS,IS BANKASI (C),Türkiye Is Bankasi A.S.,IST,tr_market,EQUITY
ISBTR.IS,IS BANKASI (B),Türkiye Is Bankasi A.S.,IST,tr_market,EQUITY
ARCLK.IS,ARCELIK,Arçelik Anonim Sirketi,IST,tr_market,EQUITY
THYAO.IS,TURK HAVA YOLLARI,Türk Hava Yollari Anonim Ortakligi,IST,tr_market,EQUITY
KLNMA.IS,T. KALKINMA BANK.,Türkiye Kalkinma ve Yatirim Bankasi A.S.,IST,tr_market,EQUITY
YKBNK.IS,YAPI VE KREDI BANK.,Yapi ve Kredi Bankasi A.S.,IST,tr_market,EQUITY
SAHOL.IS,SABANCI HOLDING,Haci Ömer Sabanci Holding A.S.,IST,tr_market,EQUITY
GUBRF.IS,GUBRE FABRIK.,Gübre Fabrikalari Türk Anonim Sirketi,IST,tr_market,EQUITY
CCOLA.IS,COCA COLA ICECEK,Coca-Cola Içecek Anonim Sirketi,IST,tr_market,EQUITY
PETKM.IS,PETKIM,Petkim Petrokimya Holding A.S.,IST,tr_market,EQUITY
KOZAL.IS,KOZA ALTIN,Koza Altin Isletmeleri A.S.,IST,tr_market,EQUITY
HEKTS.IS,HEKTAS,Hektas Ticaret T.A.S.,IST,tr_market,EQUITY
AEFES.IS,ANADOLU EFES,Anadolu Efes Biracilik ve Malt Sanayii Anonim Sirketi,IST,tr_market,EQUITY
ENJSA.IS,ENERJISA ENERJI,Enerjisa Enerji A.S.,IST,tr_market,EQUITY
PENTA.IS,PENTA TEKNOLOJI URUNLERI DAGITI,Penta Teknoloji Urunleri Dagitim Ticaret A.S.,IST,tr_market,EQUITY
VAKBN.IS,VAKIFLAR BANKASI,Türkiye Vakiflar Bankasi Türk Anonim Ortakligi,IST,tr_market,EQUITY
TAVHL.IS,TAV HAVALIMANLARI,TAV Havalimanlari Holding A.S.,IST,tr_market,EQUITY
PRKAB.IS,TURK PRYSMIAN KABLO,Türk Prysmian Kablo ve Sistemleri Anonim Sirketi,IST,tr_market,EQUITY
AKSEN.IS,AKSA ENERJI,Aksa Enerji Üretim A.S.,IST,tr_market,EQUITY
VESBE.IS,VESTEL BEYAZ ESYA,Vestel Beyaz Esya Sanayi ve Ticaret A.S.,IST,tr_market,EQUITY
DOCO.IS,DO-CO,DO & CO Aktiengesellschaft,IST,tr_market,EQUITY
TTRAK.IS,TURK TRAKTOR,Türk Traktör ve Ziraat Makineleri A.S.,IST,tr_market,EQUITY
HALKB.IS,T. HALK BANKASI,Türkiye Halk Bankasi A.S.,IST,tr_market,EQUITY
KRDMD.IS,KARDEMIR (D),Kardemir Karabük Demir Çelik Sanayi Ve Ticaret A.S.,IST,tr_market,EQUITY
AKSA.IS,AKSA,Aksa Akrilik Kimya Sanayii A.S.,IST,tr_market,EQUITY
KRDMA.IS,KARDEMIR (A),Kardemir Karabük Demir Çelik Sanayi Ve Ticaret A.S.,IST,tr_market,EQUITY
KRDMB.IS,KARDEMIR (B),Kardemir Karabük Demir Çelik Sanayi Ve Ticaret A.S.,IST,tr_market,EQUITY
BRYAT.IS,BORUSAN YAT. PAZ.,Borusan Yatirim ve Pazarlama A.S.,IST,tr_market,EQUITY
PGSUS.IS,PEGASUS,Pegasus Hava Tasimaciligi Anonim Sirketi,IST,tr_market,EQUITY
AKFGY.IS,AKFEN GMYO,Akfen Gayrimenkul Yatirim Ortakligi A.S.,IST,tr_market,EQUITY
OYAKC.IS,OYAK CIMENTO,OYAK Çimento Fabrikalari A.S.,IST,tr_market,EQUITY
QNBFL.IS,QNB FINANS FINANSAL KIRALAMA,QNB Finans Finansal Kiralama AS,IST,tr_market,EQUITY
BANVT.IS,BANVIT,Banvit Bandirma Vitaminli Yem Sanayii Anonim Sirketi,IST,tr_market,EQUITY
AGHOL.IS,ANADOLU GRUBU HOLDING,AG Anadolu Grubu Holding A.S.,IST,tr_market,EQUITY
BRISA.IS,BRISA,Brisa Bridgestone Sabanci Lastik Sanayi ve Ticaret A.S.,IST,tr_market,EQUITY
VESTL.IS,VESTEL,Vestel Elektronik Sanayi ve Ticaret Anonim Sirketi,IST,tr_market,EQUITY
OTKAR.IS,OTOKAR,Otokar Otomotiv ve Savunma Sanayi A.S.,IST,tr_market,EQUITY
SOKM.IS,SOK MARKETLER TICARET,Sok Marketler Ticaret A.S.,IST,tr_market,EQUITY
DOAS.IS,DOGUS OTOMOTIV,Dogus Otomotiv Servis ve Ticaret A.S.,IST,tr_market,EQUITY
EKGYO.IS,EMLAK KONUT GMYO,Emlak Konut Gayrimenkul Yatirim Ortakligi A.S.,IST,tr_market,EQUITY
TKFEN.IS,TEKFEN HOLDING,Tekfen Holding Anonim Sirketi,IST,tr_market,EQUITY
KOZAA.IS,KOZA MADENCILIK,Koza Anadolu Metal Madencilik Isletmeleri A.S.,IST,tr_market,EQUITY
DOHOL.IS,DOGAN HOLDING,Dogan Sirketler Grubu Holding A.S.,IST,tr_market,EQUITY
MGROS.IS,MIGROS TICARET,Migros Ticaret A.S.,IST,tr_market,EQUITY
ISMEN.IS,IS Y. MEN. DEG.,Is Yatirim Menkul Degerler Anonim Sirketi,IST,tr_market,EQUITY
SELEC.IS,SELCUK ECZA DEPOSU,Selçuk Ecza Deposu Ticaret ve Sanayi A.S.,IST,tr_market,EQUITY
PKENT.IS,PETROKENT TURIZM,Petrokent Turizm A.S.,IST,tr_market,EQUITY
NUHCM.IS,NUH CIMENTO,Nuh Çimento Sanayi A.S.,IST,tr_market,EQUITY
AYGAZ.IS,AYGAZ,Aygaz A.S.,IST,tr_market,EQUITY
KORDS.IS,KORDSA TEKNIK TEKSTIL,Kordsa Teknik Tekstil A.S.,IST,tr_market,EQUITY
MPARK.IS,MLP SAGLIK,MLP Saglik Hizmetleri A.S.,IST,tr_market,EQUITY
ULKER.IS,ULKER BISKUVI,Ülker Bisküvi Sanayi A.S.,IST,tr_market,EQUITY
TBORG.IS,T.TUBORG,Türk Tuborg Bira ve Malt Sanayii A.S.,IST,tr_market,EQUITY
SARKY.IS,SARKUYSAN,Sarkuysan Elektrolitik Bakir Sanayi ve Ticaret A.S.,IST,tr_market,EQUITY
TURSG.IS,TURKIYE SIGORTA,Türkiye Sigorta Anonim Sirketi,IST,tr_market,EQUITY
JANTS.IS,JANTSA JANT SANAYI,Jantsa Jant Sanayi ve Ticaret A.S.,IST,tr_market,EQUITY
DEVA.IS,DEVA HOLDING,Deva Holding A.S.,IST,tr_market,EQUITY
ECILC.IS,ECZACIBASI ILAC,"EIS Eczacibasi Ilaç, Sinai ve Finansal Yatirimlar Sanayi ve Ticaret A.S.",IST,tr_market,EQUITY
EGEEN.IS,EGE ENDUSTRI,Ege Endüstri ve Ticaret A.S.,IST,tr_market,EQUITY
CRFSA.IS,CARREFOURSA,CarrefourSA Carrefour Sabanci Ticaret Merkezi A.S.,IST,tr_market,EQUITY
ALARK.IS,ALARKO HOLDING,Alarko Holding A.S.,IST,tr_market,EQUITY
ECZYT.IS,ECZACIBASI YATIRIM,Eczacibasi Yatirim Holding Ortakligi A.S.,IST,tr_market,EQUITY
KONYA.IS,KONYA CIMENTO,Konya Çimento Sanayii Anonim Sirketi,IST,tr_market,EQUITY
SRVGY.IS,SERVET GMYO,Servet Gayrimenkul Yatirim Ortakligi A.S.,IST,tr_market,EQUITY
ANHYT.IS,ANADOLU HAYAT EMEK.,Anadolu Hayat Emeklilik Anonim Sirketi,IST,tr_market,EQUITY
CLEBI.IS,CELEBI,Çelebi Hava Servisi A.S.,IST,tr_market,EQUITY
ICBCT.IS,ICBC TURKEY BANK,ICBC Turkey Bank A.S.,IST,tr_market,EQUITY
KUTPO.IS,KUTAHYA PORSELEN,Kütahya Porselen Sanayi Anonim Sirketi,IST,tr_market,EQUITY
CIMSA.IS,CIMSA,Çimsa Çimento Sanayi ve Ticaret A.S.,IST,tr_market,EQUITY
ULUSE.IS,ULUSOY ELEKTRIK,Ulusoy Elektrik Imalat Taahhüt ve Ticaret A.S.,IST,tr_market,EQUITY
AYDEM.IS,AYDEM ENERJI,Aydem Yenilenebilir Enerji A.S.,IST,tr_market,EQUITY
ZOREN.IS,ZORLU ENERJI,Zorlu Enerji Elektrik Üretim A.S.,IST,tr_market,EQUITY
TSKB.IS,T.S.K.B.,Türkiye Sinai Kalkinma Bankasi A.S.,IST,tr_market,EQUITY
TRGYO.IS,TORUNLAR GMYO,Torunlar Gayrimenkul Yatirim Ortakligi A.S.,IST,tr_market,EQUITY
CANTE.IS,CAN2 TERMIK,Çan2 Termik A.S.,IST,tr_market,EQUITY
KARTN.IS,KARTONSAN,Kartonsan Karton Sanayi ve Ticaret A.S.,IST,tr_market,EQUITY
AGESA.IS,AGESA HAYAT EMEKLILIK,Agesa Hayat ve Emeklilik A.S.,IST,tr_market,EQUITY
LOGO.IS,LOGO YAZILIM,Logo Yazilim Sanayi ve Ticaret A.S.,IST,tr_market,EQUITY
MAGEN.IS,MARGUN ENERJI,Margün Enerji Üretim Sanayi ve Ticaret Anonim Sirketi,IST,tr_market,EQUITY
BRSAN.IS,BORUSAN MANNESMANN,Borusan Mannesmann Boru Sanayi ve Ticaret A.S.,IST,tr_market,EQUITY
DOKTA.IS,DOKTAS DOKUMCULUK,Döktas Dökümcülük Ticaret ve Sanayi A.S.,IST,tr_market,EQUITY
IPEKE.IS,IPEK DOGAL ENERJI,Ipek Dogal Enerji Kaynaklari Arastirma ve Üretim A.S.,IST,tr_market,EQUITY
SNGYO.IS,SINPAS GMYO,Sinpas Gayrimenkul Yatirim Ortakligi A.S.,IST,tr_market,EQUITY
IZMDC.IS,IZMIR DEMIR CELIK,Izmir Demir Çelik Sanayi Anonim Sirketi,IST,tr_market,EQUITY
DGGYO.IS,DOGUS GMYO,Dogus Gayrimenkul Yatirim Ortakligi A.S.,IST,tr_market,EQUITY
TSPOR.IS,TRABZONSPOR SPORTIF,Trabzonspor Sportif Yatirim ve Futbol Isletmeciligi Ticaret A.S.,IST,tr_market,EQUITY
GOZDE.IS,GOZDE GIRISIM,Gozde Girisim Sermayesi Yatirim Ortakligi A.S.,IST,tr_market,EQUITY
AKCNS.IS,AKCANSA,Akçansa Çimento Sanayi ve Ticaret Anonim Sirketi,IST,tr_market,EQUITY
BERA.IS,BERA HOLDING,Bera Holding A.S.,IST,tr_market,EQUITY
VERUS.IS,VERUSA HOLDING,Verusa Holding A.S.,IST,tr_market,EQUITY
KARSN.IS,KARSAN OTOMOTIV,Karsan Otomotiv Sanayii ve Ticaret A.S.,IST,tr_market,EQUITY
YGGYO.IS,YENI GIMAT GMYO,Yeni Gimat Gayrimenkul Yatirim Ortakligi A.S.,IST,tr_market,EQUITY
ANSGR.IS,ANADOLU SIGORTA,Anadolu Anonim Türk Sigorta Sirketi,IST,tr_market,EQUITY
ALCAR.IS,ALARKO CARRIER,Alarko Carrier Sanayi ve Ticaret A.S.,IST,tr_market,EQUITY
KERVT.IS,KEREVITAS GIDA,Kerevitas Gida Sanayi ve Ticaret A.S.,IST,tr_market,EQUITY
ANGEN.IS,ANATOLIA TANI VE BIYOTEKNOLOJI,Anatolia Tani ve Biyoteknoloji Ürünleri Arastirma Gelistirme Sanayi ve Ticaret Anonim Sirketi,IST,tr_market,EQUITY
ASUZU.IS,ANADOLU ISUZU,Anadolu Isuzu Otomotiv Sanayi ve Ticaret A.S.,IST,tr_market,EQUITY
BFREN.IS,BOSCH FREN SISTEMLERI,Bosch Fren Sistemleri Sanayi ve Ticaret A.S.,IST,tr_market,EQUITY
QUAGR.IS,QUA GRANITE HAYAL YAPI,QUA Granite Hayal Yapi ve Ürünleri Sanayi Ticaret A.S.,IST,tr_market,EQUITY
FENER.IS,FENERBAHCE FUTBOL,Fenerbahçe Futbol A.S.,IST,tr_market,EQUITY
SONME.IS,SONMEZ FILAMENT,Sönmez Filament Sentetik Iplik ve Elyaf Sanayi A.S.,IST,tr_market,EQUITY
KONTR.IS,KONTROLMATIK TEKNOLOJI,Kontrolmatik Teknoloji Enerji Ve Muhendislik Anonim Sirketi,IST,tr_market,EQUITY
AKGRT.IS,AKSIGORTA,Aksigorta A.S.,IST,tr_market,EQUITY
ISGYO.IS,IS GMYO,Is Gayrimenkul Yatirim Ortakligi Anonim Sirketi,IST,tr_market,EQUITY
INVEO.IS,INVEO YATIRIM HOLDING,Inveo Yatirim Holding A.S.,IST,tr_market,EQUITY
EGPRO.IS,EGE PROFIL,Ege Profil Ticaret ve Sanayi Anonim Sirketi,IST,tr_market,EQUITY
PAMEL.IS,PAMEL ELEKTRIK,Pamukova Yenilenebilir Elektrik Uretim A.S.,IST,tr_market,EQUITY
BTCIM.IS,BATI CIMENTO,Batiçim Bati Anadolu Çimento Sanayii Anonim Sirketi,IST,tr_market,EQUITY
ALKIM.IS,ALKIM KIMYA,Alkim Alkali Kimya A.S.,IST,tr_market,EQUITY
PARSN.IS,PARSAN,Parsan Makina Parçalari Sanayii A.S.,IST,tr_market,EQUITY
KAREL.IS,KAREL ELEKTRONIK,Karel Elektronik Sanayi Ve Ticaret A.S.,IST,tr_market,EQUITY
GOODY.IS,GOOD-YEAR,Goodyear Lastikleri T.A.S.,IST,tr_market,EQUITY
OZKGY.IS,OZAK GMYO,Ozak Gayrimenkul Yatirim Ortakligi A.S.,IST,tr_market,EQUITY
ERBOS.IS,ERBOSAN,Erbosan Erciyas Boru Sanayii ve Ticaret A.S.,IST,tr_market,EQUITY
ALBRK.IS,ALBARAKA TURK,Albaraka Türk Katilim Bankasi A.S.,IST,tr_market,EQUITY
CMENT.IS,CIMENTAS,Çimentas Izmir Çimento Fabrikasi Türk A.S.,IST,tr_market,EQUITY
HLGYO.IS,HALK GMYO,Halk Gayrimenkul Yatirim Ortakligi A.S,IST,tr_market,EQUITY
ATATP.IS,ATP BILGISAYAR,ATP Ticari Bilgisayar Agi ve Elektrik Guc Kaynaklari Uretim Pazarlama ve Ticaret A.S.,IST,tr_market,EQUITY
POLHO.IS,POLISAN HOLDING,Polisan Holding A.S.,IST,tr_market,EQUITY
ISFIN.IS,IS FIN.KIR.,Is Finansal Kiralama Anonim Sirketi,IST,tr_market,EQUITY
MRSHL.IS,MARSHALL,Marshall Boya Ve Vernik Sanayii A.S.,IST,tr_market,EQUITY
EGGUB.IS,EGE GUBRE,Ege Gübre Sanayi A.S.,IST,tr_market,EQUITY
NTHOL.IS,NET HOLDING,Net Holding A.S.,IST,tr_market,EQUITY
TUKAS.IS,TUKAS,Tukas Gida Sanayi ve Ticaret A.S.,IST,tr_market,EQUITY
RAYSG.IS,RAY SIGORTA,Ray Sigorta Anonim Sirketi,IST,tr_market,EQUITY
BOSSA.IS,BOSSA,Bossa Ticaret ve Sanayi Isletmeleri T.A.S.,IST,tr_market,EQUITY
TMSN.IS,TUMOSAN MOTOR VE TRAKTOR,Tümosan Motor ve Traktör Sanayi A.S.,IST,tr_market,EQUITY
KLKIM.IS,KALEKIM KIMYEVI MADDELER,Kalekim Kimyevi Maddeler Sanayi Ve Ticaret Anonim Sirketi,IST,tr_market,EQUITY
INTEM.IS,INTEMA,Intema Insaat ve Tesisat Malzemeleri Yatirim ve Pazarlama A.S.,IST,tr_market,EQUITY
GEDIK.IS,GEDIK Y. MEN. DEG.,Gedik Yatirim Menkul Degerler A.S.,IST,tr_market,EQUITY
AYEN.IS,AYEN ENERJI,Ayen Enerji A.S.,IST,tr_market,EQUITY
SKBNK.IS,SEKERBANK,Sekerbank T.A.S.,IST,tr_market,EQUITY
ALGYO.IS,ALARKO GMYO,Alarko Gayrimenkul Yatirim Ortakligi A.S.,IST,tr_market,EQUITY
ODAS.IS,ODAS ELEKTRIK,Odas Elektrik Üretim Sanayi Ticaret A.S.,IST,tr_market,EQUITY
ISBIR.IS,ISBIR HOLDING,Isbir Holding A.S.,IST,tr_market,EQUITY
OLMK.IS,MONDI OLMUKSAN KAGIT VE AMBALAJ,Olmuksan International Paper Ambalaj Sanayi ve Ticaret A.S.,IST,tr_market,EQUITY
TIRE.IS,MONDI TIRE KUTSAN,Mondi Tire Kutsan Kagit ve Ambalaj Sanayi A.S.,IST,tr_market,EQUITY
POLTK.IS,POLITEKNIK METAL,Politeknik Metal Sanayi ve Ticaret Anonim Sirketi,IST,tr_market,EQUITY
BAGFS.IS,BAGFAS,Bagfas Bandirma Gubre Fabrikalari A.S.,IST,tr_market,EQUITY
BUCIM.IS,BURSA CIMENTO,Bursa Cimento Fabrikasi A.S.,IST,tr_market,EQUITY
TSGYO.IS,TSKB GMYO,TSKB Gayrimenkul Yatirim Ortakligi A.S,IST,tr_market,EQUITY
CEMTS.IS,CEMTAS,Çemtas Çelik Makina Sanayi ve Ticaret A.S.,IST,tr_market,EQUITY
RYGYO.IS,REYSAS GMYO,Reysas Gayrimenkul Yatirim Ortakligi A.S.,IST,tr_market,EQUITY
GSRAY.IS,GALATASARAY SPORTIF,Galatasaray Sportif Sinai ve Ticari Yatirimlar A.S.,IST,tr_market,EQUITY
DOBUR.IS,DOGAN BURDA,Dogan Burda Dergi Yayincilik Ve Pazarlama A.S.,IST,tr_market,EQUITY
HEDEF.IS,HEDEF HOLDING,Hedef Holding A.S,IST,tr_market,EQUITY
DARDL.IS,DARDANEL,Dardanel Onentas Gida Sanayi A.S.,IST,tr_market,EQUITY
INDES.IS,INDEKS BILGISAYAR,Indeks Bilgisayar Sistemleri Mühendislik Sanayi ve Ticaret Anonim Sirketi,IST,tr_market,EQUITY
NUGYO.IS,NUROL GMYO,Nurol Gayrimenkul Yatirim Ortakligi A.S.,IST,tr_market,EQUITY
YATAS.IS,YATAS,Yatas Yatak ve Yorgan Sanayi ve Ticaret A.S.,IST,tr_market,EQUITY
FMIZP.IS,F-M IZMIT PISTON,Federal-Mogul Izmit Piston Ve Pim Üretim Tesisleri A.S.,IST,tr_market,EQUITY
VKGYO.IS,VAKIF GMYO,Vakif Gayrimenkul Yatirim Ortakligi AS,IST,tr_market,EQUITY
TATGD.IS,TAT GIDA,Tat Gida Sanayi A.S.,IST,tr_market,EQUITY
AKMGY.IS,AKMERKEZ GMYO,Akmerkez Gayrimenkul Yatirim Ortakligi A.S.,IST,tr_market,EQUITY
VAKFN.IS,VAKIF FIN. KIR.,Vakif Finansal Kiralama A.S.,IST,tr_market,EQUITY
GLCVY.IS,GELECEK VARLIK YONETIMI,Gelecek Varlik Yönetimi Anonim Sirketi,IST,tr_market,EQUITY
VAKKO.IS,VAKKO TEKSTIL,Vakko Tekstil ve Hazir Giyim Sanayi Isletmeleri A.S.,IST,tr_market,EQUITY
MEDTR.IS,MEDITERA TIBBI MALZEME,Meditera Tibbi Malzeme Sanayi ve Ticaret Anonim Sirketi,IST,tr_market,EQUITY
AYCES.IS,ALTINYUNUS CESME,Altin Yunus Çesme Turistik Tesisler A.S.,IST,tr_market,EQUITY
NATEN.IS,NATUREL ENERJI,Naturel Yenilenebilir Enerji Ticaret A.S.,IST,tr_market,EQUITY
GLYHO.IS,GLOBAL YAT. HOLDING,Global Yatirim Holding A.S.,IST,tr_market,EQUITY
MAALT.IS,MARMARIS ALTINYUNUS,Marmaris Altinyunus Turistik Tesisler Anonim Sirketi,IST,tr_market,EQUITY
AFYON.IS,AFYON CIMENTO,Afyon Çimento Sanayi Türk Anonim Sirketi,IST,tr_market,EQUITY
TKNSA.IS,TEKNOSA IC VE DIS TICARET,Teknosa Iç ve Dis Ticaret Anonim Sirketi,IST,tr_market,EQUITY
ARMDA.IS,ARMADA BILGISAYAR,Armada Bilgisayar Sistemleri Sanayi ve Ticaret A.S.,IST,tr_market,EQUITY
YBTAS.IS,YIBITAS INSAAT MALZEME,Yibitas Yozgat Isçi Birligi Insaat Malzemeleri Ticaret ve Sanayi A.S.,IST,tr_market,EQUITY
AKSGY.IS,AKIS GMYO,Akis Gayrimenkul Yatirim Ortakligi A.S.,IST,tr_market,EQUITY
VERTU.IS,VERUSATURK GIRISIM,Verusaturk Girisim Sermayesi Yatirim Ortakligi A.S.,IST,tr_market,EQUITY
BASCM.IS,BASTAS BASKENT CIMENTO,Bastas Baskent Cimento Sanayi ve Ticaret A.S.,IST,tr_market,EQUITY
ULUUN.IS,ULUSOY UN SANAYI,Ulusoy Un Sanayi ve Ticaret A.S.,IST,tr_market,EQUITY
ARENA.IS,ARENA BILGISAYAR,Arena Bilgisayar Sanayi ve Ticaret A.S.,IST,tr_market,EQUITY
AKENR.IS,AK ENERJI,Akenerji Elektrik Üretim A.S.,IST,tr_market,EQUITY
GSDHO.IS,GSD HOLDING,GSD Holding A.S.,IST,tr_market,EQUITY
ARDYZ.IS,ARD BILISIM TEKNOLOJILERI,ARD Grup Bilisim Teknolojileri Anonim Sirketi,IST,tr_market,EQUITY
HURGZ.IS,HURRIYET GZT.,Hürriyet Gazetecilik ve Matbaacilik A.S.,IST,tr_market,EQUITY
NETAS.IS,NETAS TELEKOM.,Netas Telekomünikasyon A.S.,IST,tr_market,EQUITY
SNPAM.IS,SONMEZ PAMUKLU,Sönmez Pamuklu Sanayii A.S.,IST,tr_market,EQUITY
BLCYT.IS,BILICI YATIRIM,Bilici Yatirim Sanayi ve Ticaret A.S.,IST,tr_market,EQUITY
RYSAS.IS,REYSAS LOJISTIK,Reysas Tasimacilik ve Lojistik Ticaret A.S.,IST,tr_market,EQUITY
EGSER.IS,EGE SERAMIK,Ege Seramik Sanayi ve Ticaret A.S.,IST,tr_market,EQUITY
GARFA.IS,GARANTI FAKTORING,Garanti Faktoring A.S.,IST,tr_market,EQUITY
OZBAL.IS,OZBAL CELIK BORU,Ozbal Celik Boru Sanayi Ticaret ve Taahhut Anonim Sirketi,IST,tr_market,EQUITY
ATEKS.IS,AKIN TEKSTIL,Akin Tekstil Anonim Sirketi,IST,tr_market,EQUITY
DZGYO.IS,DENIZ GMYO,Deniz Gayrimenkul Yatirim Ortakligi A.S.,IST,tr_market,EQUITY
ALCTL.IS,ALCATEL LUCENT TELETAS,Alcatel Lucent Teletas Telekomünikasyon A.S.,IST,tr_market,EQUITY
TRCAS.IS,TURCAS PETROL,Turcas Petrol A.S.,IST,tr_market,EQUITY
BJKAS.IS,BESIKTAS FUTBOL YAT.,Besiktas Futbol Yatirimlari Sanayi ve Ticaret A.S.,IST,tr_market,EQUITY
KLGYO.IS,KILER GMYO,Kiler Gayrimenkul Yatirim Ortakligi A.S.,IST,tr_market,EQUITY
SANKO.IS,SANKO PAZARLAMA,Sanko Pazarlama Ithalat Ihracat Anonim Sirketi,IST,tr_market,EQUITY
KONKA.IS,KONYA KAGIT,Konya Kagit Sanayi ve Ticaret A.S.,IST,tr_market,EQUITY
BSOKE.IS,BATISOKE CIMENTO,Batisöke Söke Çimento Sanayii T.A.S.,IST,tr_market,EQUITY
UTPYA.IS,UTOPYA TURIZM,Utopya Turizm Insaat Isletmecilik Ticaret A.S.,IST,tr_market,EQUITY
ORMA.IS,ORMA ORMAN MAHSULLERI,Orma Orman Mahsulleri Integre Sanayi Ve Ticaret A.S.,IST,tr_market,EQUITY
TURGG.IS,TURKER PROJE GAYRIMENKUL,Türker Proje Gayrimenkul ve Yatirim Gelistirme A.S.,IST,tr_market,EQUITY
KATMR.IS,KATMERCILER EKIPMAN,Katmerciler Arac Üstü Ekipman Sanayi ve Ticaret A.S.,IST,tr_market,EQUITY
RTALB.IS,RTA LABORATUVARLARI,RTA Laboratuvarlari Biyolojik Urunler Ilac ve Makine Sanayi Ticaret A.S.,IST,tr_market,EQUITY
DYOBY.IS,DYO BOYA,DYO Boya Fabrikalari Sanayi ve Ticaret A.S.,IST,tr_market,EQUITY
PRKME.IS,PARK ELEK.MADENCILIK,Park Elektrik Üretim Madencilik Sanayi ve Ticaret A.S.,IST,tr_market,EQUITY
BEYAZ.IS,BEYAZ FILO,Beyaz Filo Oto Kiralama A.S.,IST,tr_market,EQUITY
CEMAS.IS,CEMAS DOKUM,Çemas Döküm Sanayi A.S.,IST,tr_market,EQUITY
UNLU.IS,UNLU YATIRIM HOLDING,ÜNLÜ Yatirim Holding A.S.,IST,tr_market,EQUITY
KLMSN.IS,KLIMASAN KLIMA,Klimasan Klima Sanayi ve Ticaret A.S.,IST,tr_market,EQUITY
ALKA.IS,ALKIM KAGIT,Alkim Kagit Sanayi ve Ticaret AS,IST,tr_market,EQUITY
PETUN.IS,PINAR ET VE UN,Pinar Entegre Et ve Un Sanayii A.S.,IST,tr_market,EQUITY
IHLAS.IS,IHLAS HOLDING,Ihlas Holding A.S.,IST,tr_market,EQUITY
BRLSM.IS,BIRLESIM MUHENDISLIK,Birlesim Mühendislik Isitma Sogutma Havalandirma Sanayi ve Ticaret Anonim Sirketi,IST,tr_market,EQUITY
AKSUE.IS,AKSU ENERJI,Aksu Enerji ve Ticaret Anonim Sirketi,IST,tr_market,EQUITY
UFUK.IS,UFUK YATIRIM,UFUK Yatirim Yonetim ve Gayrimenkul A.S.,IST,tr_market,EQUITY
MERIT.IS,MERIT TURIZM,Merit Turizm Yatirim ve Isletme Anonim Sirketi,IST,tr_market,EQUITY
IHLGM.IS,IHLAS GAYRIMENKUL,Ihlas Gayrimenkul Proje Gelistirme ve Ticaret A.S.,IST,tr_market,EQUITY
ADEL.IS,ADEL KALEMCILIK,Adel Kalemcilik Ticaret ve Sanayi A.S.,IST,tr_market,EQUITY
ADESE.IS,ADESE GAYRIMENKUL,Adese Gayrimenkul Yatirim A.S.,IST,tr_market,EQUITY
PNSUT.IS,PINAR SUT,Pinar Süt Mamülleri Sanayii A.S.,IST,tr_market,EQUITY
ARSAN.IS,ARSAN TEKSTIL,Arsan Tekstil Ticaret ve Sanayi Anonim Sirketi,IST,tr_market,EQUITY
PAGYO.IS,PANORA GMYO,Panora Gayrimenkul Yatirim Ortakligi A.S.,IST,tr_market,EQUITY
BIZIM.IS,BIZIM MAGAZALARI,Bizim Toptan Satis Magazalari A.S.,IST,tr_market,EQUITY
AGYO.IS,ATAKULE GMYO,Atakule Gayrimenkul Yatirim Ortakligi A.S.,IST,tr_market,EQUITY
RALYH.IS,RAL YATIRIM HOLDING,Ral Yatirim Holding A.S.,IST,tr_market,EQUITY
MIPAZ.IS,MILPA,Milpa Ticari ve Sinai Ürünler Pazarlama Sanayi ve Ticaret A.S.,IST,tr_market,EQUITY
DGNMO.IS,,Doganlar Mobilya Grubu Imalat Sanayi ve Ticaret Anonim Sirketi,IST,tr_market,EQUITY
SAYAS.IS,SAY YENILENEBILIR ENERJI,Say Yenilenebilir Enerji Ekipmanlari Sanayi ve Ticaret A.S.,IST,tr_market,EQUITY
INFO.IS,INFO YATIRIM,Info Yatirim Menkul Degerler A.S.,IST,tr_market,EQUITY
HDFGS.IS,HEDEF GIRISIM,Hedef Girisim Sermayesi Yatirim Ortakligi A.S.,IST,tr_market,EQUITY
NIBAS.IS,NIGBAS NIGDE BETON,Nigbas Nigde Beton Sanayi Ve Ticaret A.S.,IST,tr_market,EQUITY
GOLTS.IS,GOLTAS CIMENTO,Göltas Göller Bölgesi Cimento Sanayi ve Ticaret A.S.,IST,tr_market,EQUITY
KRSTL.IS,KRISTAL KOLA,Kristal Kola ve Mesrubat Sanayi Ticaret A.S.,IST,tr_market,EQUITY
METRO.IS,METRO HOLDING,Metro Ticari ve Mali Yatirimlar Holding A.S.,IST,tr_market,EQUITY
GENTS.IS,GENTAS,Gentas Dekoratif Yuzeyler Sanayi ve Ticaret A.S.,IST,tr_market,EQUITY
YKSLN.IS,YUKSELEN CELIK,Yukselen Celik Anonim Sirketi,IST,tr_market,EQUITY
DURDO.IS,DURAN DOGAN BASIM,Duran Dogan Basim ve Ambalaj Sanayi A.S.,IST,tr_market,EQUITY
ANELE.IS,ANEL ELEKTRIK,Anel Elektrik Proje Taahhüt ve Ticaret Anonim Sirketi,IST,tr_market,EQUITY
PENGD.IS,PENGUEN GIDA,Penguen Gida Sanayi A.S.,IST,tr_market,EQUITY
TLMAN.IS,TRABZON LIMAN,Trabzon Liman Isletmeciligi Anonim Sirketi,IST,tr_market,EQUITY
BAKAB.IS,BAK AMBALAJ,Bak Ambalaj Sanayi ve Ticaret A.S.,IST,tr_market,EQUITY
CUSAN.IS,CUHADAROGLU METAL,Cuhadaroglu Metal Sanayi ve Pazarlama A.S.,IST,tr_market,EQUITY
DITAS.IS,DITAS DOGAN,Ditas Dogan Yedek Parça Imalat ve Teknik A.S.,IST,tr_market,EQUITY
MAKTK.IS,MAKINA TAKIM,Makina Takim Endüstrisi A.S.,IST,tr_market,EQUITY
CEOEM.IS,CEO EVENT MEDYA,Ceo Event Medya A.S.,IST,tr_market,EQUITY
PEKGY.IS,PEKER GMYO,Peker Gayrimenkul Yatirim Ortakligi Anonim Sirketi,IST,tr_market,EQUITY
ISGSY.IS,IS GIRISIM,Is Girisim Sermayesi Yatirim Ortakligi AS,IST,tr_market,EQUITY
GSDDE.IS,GSD DENIZCILIK,GSD Denizcilik Gayrimenkul Insaat Sanayi ve Ticaret A.S.,IST,tr_market,EQUITY
OSMEN.IS,OSMANLI MENKUL,Osmanli Yatirim Menkul Degerler A.S.,IST,tr_market,EQUITY
IHGZT.IS,IHLAS GAZETECILIK,Ihlas Gazetecilik A.S.,IST,tr_market,EQUITY
KNFRT.IS,KONFRUT GIDA,Konfrut Gida Sanayi ve Ticaret A.S.,IST,tr_market,EQUITY
FADE.IS,FADE GIDA,Fade Gida Yatirim Sanayi Ticaret Anonim Sirketi,IST,tr_market,EQUITY
SUMAS.IS,SUMAS SUNI TAHTA,Sumas Suni Tahta ve Mobilya Sanayi A.S.,IST,tr_market,EQUITY
KUYAS.IS,KUYAS YATIRIM,Kuyumcukent Gayrimenkul Yatirimlari A.S.,IST,tr_market,EQUITY
VBTYZ.IS,VBT YAZILIM,VBT Yazilim Anonim Sirketi,IST,tr_market,EQUITY
MSGYO.IS,MISTRAL GMYO,Mistral Gayrimenkul Yatirim Ortakligi A.S.,IST,tr_market,EQUITY
KRONT.IS,KRON TELEKOMUNIKASYON,Kron Telekomünikasyon Hizmetleri A.S.,IST,tr_market,EQUITY
KAPLM.IS,KAPLAMIN,Kaplamin Ambalaj Sanayi ve Ticaret A.S.,IST,tr_market,EQUITY
MNDRS.IS,MENDERES TEKSTIL,Menderes Tekstil Sanayi ve Ticaret Anonim Sirketi,IST,tr_market,EQUITY
CASA.IS,CASA EMTIA PETROL,Casa Emtia Petrol Kimyevi ve Turevleri San. Tic. A.S.,IST,tr_market,EQUITY
DMSAS.IS,DEMISAS DOKUM,Demisas Döküm Emaye Mamülleri Sanayi Anonim Sirketi,IST,tr_market,EQUITY
LUKSK.IS,LUKS KADIFE,Lüks Kadife Ticaret ve Sanayi A.S.,IST,tr_market,EQUITY
FONET.IS,FONET BILGI TEKNOLOJILERI,Fonet Bilgi Teknolojileri Anonim Sirketi,IST,tr_market,EQUITY
ORGE.IS,ORGE ENERJI ELEKTRIK,Orge Enerji Elektrik Taahhüt Anonim Sirketi,IST,tr_market,EQUITY
ISYAT.IS,IS YAT. ORT.,Is Yatirim Ortakligi A.S.,IST,tr_market,EQUITY
ITTFH.IS,ITTIFAK HOLDING,Ittifak Holding A.S.,IST,tr_market,EQUITY
PAPIL.IS,PAPILON SAVUNMA,Papilon Savunma-Guvenlik Sistemleri Bilisim Muhendislik Hizmetleri Ithalat Ihracat Sanayi ve Ticaret,IST,tr_market,EQUITY
IEYHO.IS,ISIKLAR ENERJI YAPI HOL.,Isiklar Enerji ve Yapi Holding A.S.,IST,tr_market,EQUITY
SODSN.IS,SODAS SODYUM SANAYII,Sodas Sodyum Sanayii A.S.,IST,tr_market,EQUITY
LKMNH.IS,LOKMAN HEKIM SAGLIK,"Lokman Hekim Engürüsag Saglik, Turizm, Egitim Hizmetleri ve Insaat Taahhüt A.S.",IST,tr_market,EQUITY
KRGYO.IS,KORFEZ GMYO,Körfez Gayrimenkul Yatirim Ortakligi A.S.,IST,tr_market,EQUITY
FRIGO.IS,FRIGO PAK GIDA,Frigo-Pak Gida Maddeleri Sanayi ve Ticaret A.S.,IST,tr_market,EQUITY
YONGA.IS,YONGA MOBILYA,Yonga Mobilya Sanayi ve Ticaret A.S.,IST,tr_market,EQUITY
TUCLK.IS,TUGCELIK,Tugçelik Alüminyum Ve Metal Mamulleri Sanayi Ve Ticaret A.S.,IST,tr_market,EQUITY
EPLAS.IS,EGEPLAST,Egeplast Ege Plastik Ticaret ve Sanayi Anonim Sirketi,IST,tr_market,EQUITY
ALMAD.IS,ALTINYAG MADENCILIK VE ENERJI,Altinyag Madencilik ve Enerji Yatirimlari Sanayi ve Ticaret A.S.,IST,tr_market,EQUITY
PKART.IS,PLASTIKKART,Plastikkart Akilli Kart Iletisim Sistemleri Sanayi ve Ticaret A.S.,IST,tr_market,EQUITY
LIDFA.IS,LIDER FAKTORING,Lider Faktoring A.S.,IST,tr_market,EQUITY
YAPRK.IS,YAPRAK SUT VE BESI CIFT.,Yaprak Süt ve Besi Çiftlikleri Sanayi ve Ticaret A.S.,IST,tr_market,EQUITY
GEDZA.IS,GEDIZ AMBALAJ,Gediz Ambalaj Sanayi ve Ticaret A.S.,IST,tr_market,EQUITY
YESIL.IS,YESIL YATIRIM HOLDING,Yesil Yatirim Holding Anonim Sirketi,IST,tr_market,EQUITY
OZGYO.IS,OZDERICI GMYO,Ozderici Gayrimenkul Yatirim Ortakligi A.S.,IST,tr_market,EQUITY
DESA.IS,DESA DERI,Desa Deri Sanayi ve Ticaret A.S.,IST,tr_market,EQUITY
AVOD.IS,A.V.O.D GIDA VE TARIM,A.V.O.D. Kurutulmus Gida ve Tarim Ürünleri A.S.,IST,tr_market,EQUITY
UZERB.IS,UZERTAS BOYA,Uzertas Boya Sanayi Ticaret ve Yatirim A.S.,IST,tr_market,EQUITY
TEKTU.IS,TEK-ART TURIZM,Tek-Art Insaat Ticaret Turizm Sanayi ve Yatirimlar Anonim Sirketi,IST,tr_market,EQUITY
YUNSA.IS,YUNSA,Yünsa Yünlü Sanayi ve Ticaret A.S.,IST,tr_market,EQUITY
GEREL.IS,GERSAN ELEKTRIK,Gersan Elektrik Ticaret ve Sanayi Anonim Sirketi,IST,tr_market,EQUITY
USAK.IS,USAK SERAMIK,Usak Seramik Sanayi A.S.,IST,tr_market,EQUITY
DENGE.IS,DENGE HOLDING,Denge Yatirim Holding A.S.,IST,tr_market,EQUITY
KFEIN.IS,KAFEIN YAZILIM,Kafein Yazilim Hizmetleri Ticaret A.S.,IST,tr_market,EQUITY
SKTAS.IS,SOKTAS,Söktas Tekstil Sanayi Ve Ticaret A.S.,IST,tr_market,EQUITY
SEYKM.IS,SEYITLER KIMYA,Seyitler Kimya Sanayi A.S.,IST,tr_market,EQUITY
CMBTN.IS,CIMBETON,Cimbeton Hazir Beton ve Prefabrik Yapi Elemanlari Sanayi ve Ticaret Anonim Sirketi,IST,tr_market,EQUITY
BNTAS.IS,BANTAS AMBALAJ,Bantas Bandirma Ambalaj Sanayi ve Ticaret A.S.,IST,tr_market,EQUITY
AYES.IS,AYES CELIK HASIR VE CIT,Ayes Celik Hasir Ve Cit Sanayi A.S.,IST,tr_market,EQUITY
TETMT.IS,TETAMAT GIDA,Tetamat Gida Yatirimlari A.S.,IST,tr_market,EQUITY
DAGI.IS,DAGI GIYIM,Dagi Giyim Sanayi ve Ticaret A.S.,IST,tr_market,EQUITY
SANFM.IS,SANIFOAM SUNGER,Sanifoam Sünger Sanayi ve Ticaret A.S.,IST,tr_market,EQUITY
DGATE.IS,DATAGATE BILGISAYAR,Datagate Bilgisayar Malzemeleri Ticaret Anonim Sriketi,IST,tr_market,EQUITY
HATEK.IS,HATAY TEKSTIL,Hateks Hatay Tekstil Isletmeleri A.S.,IST,tr_market,EQUITY
IHEVA.IS,IHLAS EV ALETLERI,Ihlas Ev Aletleri Imalat Sanayi ve Ticaret A.S.,IST,tr_market,EQUITY
ESCOM.IS,ESCORT TEKNOLOJI,Escort Teknoloji Yatirim A.S.,IST,tr_market,EQUITY
KERVN.IS,KERVANSARAY YAT. HOLDING,Kervansaray Yatirim Holding A.S.,IST,tr_market,EQUITY
MZHLD.IS,MAZHAR ZORLU HOLDING,Mazhar Zorlu Holding A.S.,IST,tr_market,EQUITY
CELHA.IS,CELIK HALAT,Çelik Halat ve Tel Sanayii A.S.,IST,tr_market,EQUITY
HUBVC.IS,HUB GIRISIM,Hub Girisim Sermayesi Yatirim Ortakligi A.S.,IST,tr_market,EQUITY
PINSU.IS,PINAR SU,Pinar Su ve Icecek Sanayi ve Ticaret A.S.,IST,tr_market,EQUITY
GLRYH.IS,GULER YAT. HOLDING,Güler Yatirim Holding A.S.,IST,tr_market,EQUITY
IHYAY.IS,IHLAS YAYIN HOLDING,Ihlas Yayin Holding A.S.,IST,tr_market,EQUITY
MERKO.IS,MERKO GIDA,Merko Gida Sanayi ve Ticaret A.S.,IST,tr_market,EQUITY
LINK.IS,LINK BILGISAYAR,Link Bilgisayar Sistemleri Yazilimi ve Donanimi Sanayi ve Ticaret A.S.,IST,tr_market,EQUITY
AVGYO.IS,AVRASYA GMYO,Avrasya Gayrimenkul Yatirim Ortakligi Anonim Sirketi,IST,tr_market,EQUITY
BMSCH.IS,BMS CELIK HASIR,Bms Celik Hasir Sanayi Ve Ticaret Anonim Sirketi,IST,tr_market,EQUITY
IDEAS.IS,IDEAL FINANSAL TEKNOLOJILER,Idealist Danismanlik A.S.,IST,tr_market,EQUITY
MRGYO.IS,MARTI GMYO,Marti Gayrimenkul Yatirim Ortakligi A.S.,IST,tr_market,EQUITY
MEGAP.IS,MEGA POLIETILEN,Mega Polietilen Köpük Sanayi ve Ticaret Anonim Sirketi,IST,tr_market,EQUITY
KRTEK.IS,KARSU TEKSTIL,Karsu Tekstil Sanayii ve Ticaret A.S.,IST,tr_market,EQUITY
IZTAR.IS,IZ HAYVANCILIK TARIM,Iz Hayvancilik Tarim ve Gida Sanayi Ticaret A.S.,IST,tr_market,EQUITY
FORMT.IS,FORMET METAL VE CAM,Formet Celik Kapi Sanayi ve Ticaret A.S.,IST,tr_market,EQUITY
VKING.IS,VIKING KAGIT,Viking Kagit ve Selüloz A.S.,IST,tr_market,EQUITY
SEKFK.IS,SEKER FIN. KIR.,Seker Finansal Kiralama A.S.,IST,tr_market,EQUITY
OTTO.IS,,Otto Holding A.S.,IST,tr_market,EQUITY
BURCE.IS,BURCELIK,Burçelik Bursa Çelik Döküm Sanayii A.S.,IST,tr_market,EQUITY
OSTIM.IS,OSTIM ENDUSTRIYEL YAT,Ostim Endüstriyel Yatirimlar ve Isletme A.S.,IST,tr_market,EQUITY
SAFKR.IS,SAFKAR EGE SOGUTMACILIK,Safkar Ege Sogutmacilik Klima Soguk Hava Tesisleri Ihracat Ithalat Sanayi ve Ticaret A.S.,IST,tr_market,EQUITY
SEKUR.IS,SEKURO PLASTIK,Sekuro Plastik Ambalaj Sanayi A.S.,IST,tr_market,EQUITY
CRDFA.IS,CREDITWEST FAKTORING,Creditwest Faktoring Anonim Sirketi,IST,tr_market,EQUITY
FLAP.IS,FLAP KONGRE TOPLANTI HIZ.,Flap Kongre Toplanti Hizmetleri Otomotiv ve Turizm A.S.,IST,tr_market,EQUITY
ETILR.IS,ETILER GIDA,Etiler Gida Ve Ticari Yatirimlar Sanayi Ve Ticaret Anonim Sirketi,IST,tr_market,EQUITY
KGYO.IS,KORAY GMYO,Koray Gayrimenkul Yatirim Ortakligi A.S.,IST,tr_market,EQUITY
ERSU.IS,ERSU GIDA,Ersu Meyve ve Gida Sanayii A.S.,IST,tr_market,EQUITY
GLBMD.IS,GLOBAL MEN. DEG.,Global Menkul Degerler Anonim Sirketi,IST,tr_market,EQUITY
SILVR.IS,SILVERLINE ENDUSTRI,Silverline Endustri ve Ticaret A.S.,IST,tr_market,EQUITY
YYAPI.IS,YESIL YAPI,Yesil Yapi Endüstrisi A.S.,IST,tr_market,EQUITY
MARTI.IS,MARTI OTEL,Marti Otel Isletmeleri A.S.,IST,tr_market,EQUITY
TGSAS.IS,TGS DIS TICARET,TGS Dis Ticaret Anonim Sirketi,IST,tr_market,EQUITY
BALAT.IS,BALATACILAR BALATACILIK,Balatacilar Balatacilik Sanayi Ve Ticaret A.S.,IST,tr_market,EQUITY
AKYHO.IS,AKDENIZ YATIRIM HOLDING,Akdeniz Yatirim Holding A.S.,IST,tr_market,EQUITY
DESPC.IS,DESPEC BILGISAYAR,Despec Bilgisayar Pazarlama ve Ticaret Anonim Sirketi,IST,tr_market,EQUITY
ROYAL.IS,ROYAL HALI,Royal Hali Iplik Tekstil Mobilya Sanayi ve Ticaret A.S.,IST,tr_market,EQUITY
TMPOL.IS,TEMAPOL POLIMER PLASTIK,Temapol Polimer Plastik ve Insaat Sanayi Ticaret A.S.,IST,tr_market,EQUITY
METUR.IS,METEMTUR YATIRIM,Metemtur Yatirim Enerji Turizm ve Insaat Anonim Sirketi,IST,tr_market,EQUITY
ACSEL.IS,ACIPAYAM SELULOZ,Aciselsan Acipayam Seluloz Sanayi Ve Ticaret A.S.,IST,tr_market,EQUITY
PSDTC.IS,PERGAMON DIS TICARET,Pergamon Status Dis Ticaret A.S.,IST,tr_market,EQUITY
EUHOL.IS,EURO YATIRIM HOLDING,Euro Yatirim Holding A.S.,IST,tr_market,EQUITY
DERIM.IS,DERIMOD,Derimod Konfeksiyon Ayakkabi Deri Sanayi ve Ticaret A.S.,IST,tr_market,EQUITY
EMKEL.IS,EMEK ELEKTRIK,Emek Elektrik Endustrisi Anonim Sirketi,IST,tr_market,EQUITY
EDIP.IS,EDIP GAYRIMENKUL,Edip Gayrimenkul Yatirim Sanayi ve Ticaret A.S.,IST,tr_market,EQUITY
TDGYO.IS,TREND GMYO,Trend Gayrimenkul Yatirim Ortakligi A.S.,IST,tr_market,EQUITY
YGYO.IS,YESIL GMYO,Yesil Gayrimenkul Yatirim Ortakligi A.S.,IST,tr_market,EQUITY
BURVA.IS,BURCELIK VANA,Burçelik Vana Sanayi ve Ticaret A.S.,IST,tr_market,EQUITY
AVHOL.IS,AVRUPA YATIRIM HOLDING,Avrupa Yatirim Holding A.S.,IST,tr_market,EQUITY
PEGYO.IS,PERA GMYO,PERA Gayrimenkul Yatirim Ortakligi AS,IST,tr_market,EQUITY
SNKRN.IS,SENKRON GUVENLIK,Senkron Güvenlik ve Iletisim Sistemleri A.S.,IST,tr_market,EQUITY
SMART.IS,SMARTIKS YAZILIM,Smartiks Yazilim A.S.,IST,tr_market,EQUITY
VKFYO.IS,VAKIF YAT. ORT.,Vakif Menkul Kiymet Yatirim Ortakligi A.S.,IST,tr_market,EQUITY
SERVE.IS,SERVE FILM PRODUKSIYON,Serve Film Prodüksiyon Eglence A.S.,IST,tr_market,EQUITY
MEPET.IS,METRO PETROL VE TESISLERI,Mepet Metro Petrol ve Tesisleri Sanayi Ticaret A.S.,IST,tr_market,EQUITY
DOGUB.IS,DOGUSAN,Dogusan Boru Sanayi ve Ticaret A.S.,IST,tr_market,EQUITY
BAYRK.IS,BAYRAK TABAN SANAYI,Bayrak EBT Taban Sanayi ve Ticaret Anonim Sirketi,IST,tr_market,EQUITY
OZRDN.IS,OZERDEN PLASTIK,Özerden Plastik Sanayi ve Ticaret A.S.,IST,tr_market,EQUITY
YAYLA.IS,YAYLA EN. UR. TUR. VE INS,Yayla Enerji Üretim Turizm ve Insaat Ticaret A.S.,IST,tr_market,EQUITY
SAMAT.IS,SARAY MATBAACILIK,Saray Matbaacilik Kagitçilik kirtasiyecilik Ticaret Ve Sanayi A.S.,IST,tr_market,EQUITY
OYAYO.IS,OYAK YAT. ORT.,Oyak Yatirim Ortakligi AS,IST,tr_market,EQUITY
OYLUM.IS,OYLUM SINAI YATIRIMLAR,Oylum Sinai Yatirimlar Anonim Sirketi,IST,tr_market,EQUITY
PRZMA.IS,PRIZMA PRESS MATBAACILIK,Prizma Pres Matbaacilik Yayincilik Sanayi ve Ticaret A.S.,IST,tr_market,EQUITY
DERHL.IS,DERLUKS YATIRIM HOLDING,Derluks Yatirim Holding Anonim Sirketi,IST,tr_market,EQUITY
BRKSN.IS,BERKOSAN YALITIM,Berkosan Yalitim Ve Tecrit Maddeleri Üretim Ve Ticaret A.S.,IST,tr_market,EQUITY
SANEL.IS,SANEL MUHENDISLIK,San-el Mühendislik Elektrik Taahhüt Sanayi ve Ticaret A.S.,IST,tr_market,EQUITY
RODRG.IS,RODRIGO TEKSTIL,Rodrigo Tekstil Sanayi ve Ticaret A.S.,IST,tr_market,EQUITY
BRKO.IS,BIRKO MENSUCAT,Birko Birlesik Koyunlulular Mensucat Ticaret ve Sanayi A.S.,IST,tr_market,EQUITY
DAGHL.IS,DAGI YATIRIM HOLDING,Dagi Yatirim Holding A.S.,IST,tr_market,EQUITY
VANGD.IS,VANET GIDA,Vanet Gida Sanayi Iç Ve Dis Ticaret Anonim Sirketi,IST,tr_market,EQUITY
EMNIS.IS,EMINIS AMBALAJ,Eminis Ambalaj Sanayi ve Ticaret A.S.,IST,tr_market,EQUITY
IZFAS.IS,IZMIR FIRCA,Izmir Firça Sanayi ve Ticaret Anonim Sirketi,IST,tr_market,EQUITY
AVTUR.IS,AVRASYA PETROL VE TUR.,Avrasya Petrol ve Turistik Tesisler Yatirimlar Anonim Sirketi,IST,tr_market,EQUITY
IDGYO.IS,IDEALIST GMYO,Idealist Gayrimenkul Yatirim Ortakligi A.S.,IST,tr_market,EQUITY
ATAGY.IS,ATA GMYO,Ata Gayrimenkul Yatirim Ortakligi A.S.,IST,tr_market,EQUITY
GRNYO.IS,GARANTI YAT. ORT.,Garanti Yatirim Ortakligi A.S.,IST,tr_market,EQUITY
SELGD.IS,SELCUK GIDA,Selçuk Gida Endüstri Ihracat Ithalat A.S.,IST,tr_market,EQUITY
RHEAG.IS,RHEA GIRISIM,Rhea Girisim Sermayesi Yatirim Ortakligi A.S.,IST,tr_market,EQUITY
MARKA.IS,MARKA YATIRIM HOLDING,Marka Yatirim Holding A.S.,IST,tr_market,EQUITY
ULAS.IS,ULASLAR TURIZM YAT.,Ulaslar Turizm Yatirimlari ve Dayanikli Tüketim Mallari Ticaret Pazarlama A.S.,IST,tr_market,EQUITY
EUKYO.IS,EURO KAPITAL YAT. ORT.,Euro Kapital Yatirim Ortakligi Anonim Sirketi,IST,tr_market,EQUITY
ATSYH.IS,ATLANTIS YATIRIM HOLDING,Atlantis Yatirim Holding A.S.,IST,tr_market,EQUITY
ATLAS.IS,ATLAS YAT. ORT.,Atlas Menkul Kiymetler Yatirim Ortakligi A.S.,IST,tr_market,EQUITY
ETYAT.IS,EURO TREND YAT. ORT.,Euro Trend Yatirim Ortakligi A.S.,IST,tr_market,EQUITY
MTRYO.IS,METRO YAT. ORT.,Metro Yatirim Ortakligi A.S.,IST,tr_market,EQUITY
EUYO.IS,EURO YAT. ORT.,Euro Menkul Kiymet Yatirim Ortakligi Anonim Sirketi,IST,tr_market,EQUITY
COSMO.IS,COSMOS YAT. HOLDING,Cosmos Yatirim Holding Anonim Sirketi,IST,tr_market,EQUITY
EKIZ.IS,EKIZ KIMYA,Ekiz Kimya Sanayi ve Ticaret Anonim Sirketi,IST,tr_market,EQUITY
MMCAS.IS,MMC SAN. VE TIC. YAT.,MMC Sanayi Ve Ticari Yatirimlar A.S.,IST,tr_market,EQUITY
DIRIT.IS,DIRITEKS DIRILIS TEKSTIL,Diriteks Dirilis Tekstil Sanayi ve Ticaret A.S.,IST,tr_market,EQUITY
BRMEN.IS,BIRLIK MENSUCAT,Birlik Mensucat Ticaret ve Sanayi Isletmesi A.S.,IST,tr_market,EQUITY
MERCN.IS,MERCAN KIMYA,Mercan Kimya Sanayi Ve Ticaret Anonim Sirketi,IST,tr_market,EQUITY
MANAS.IS,MANAS ENERJI YONETIMI,Manas Enerji Yonetimi Sanayi Ve Ticaret Anonim Sirketi,IST,tr_market,EQUITY
DNISI.IS,DINAMIK ISI MAKINA YALITIM,Dinamik Isi Makina Yalitim Malzemeleri Sanayi Ve Ticaret Anonim Sirketi,IST,tr_market,EQUITY
OYYAT.IS,OYAK YATIRIM MENKUL,Oyak Yatirim Menkul Degerler A.S.,IST,tr_market,EQUITY
EGEPO.IS,NASMED EGEPOL,Nasmed Özel Saglik Hizmetleri Ticaret Anonim Sirketi,IST,tr_market,EQUITY
ESCAR.IS,ESCAR TURIZM TASIMACILIK,Escar Turizm Tasimacilik Ticaret A.S.,IST,tr_market,EQUITY
ULUFA.IS,ULUSAL FAKTORING,Ulusal Faktoring A.S.,IST,tr_market,EQUITY
GESAN.IS,GIRISIM ELEKTRIK SANAYI,Girisim Elektrik Sanayi Taahhüt ve Ticaret A.S.,IST,tr_market,EQUITY
TRILC.IS,TURK ILAC SERUM,Turk Ilac Ve Serum Sanayi Anonim Sirketi,IST,tr_market,EQUITY
YEOTK.IS,YEO TEKNOLOJI ENERJI,Yeo Teknoloji Enerji Ve Endustri Anonim Sirketi,IST,tr_market,EQUITY
SELVA.IS,SELVA GIDA,Selva Gida Sanayi A.S.,IST,tr_market,EQUITY
IHAAS.IS,IHLAS HABER AJANSI,Ihlas Haber Ajansi A.S.,IST,tr_market,EQUITY
TUREX.IS,TUREKS TURIZM TASIMACILIK,Tureks Turizm Tasimacilik Anonim Sirketi,IST,tr_market,EQUITY
TEZOL.IS,EUROPAP TEZOL KAGIT,Europap Tezol Kagit Sanayi ve Ticaret A.S.,IST,tr_market,EQUITY
NTGAZ.IS,NATURELGAZ,Naturelgaz Sanayi ve Ticaret A.S.,IST,tr_market,EQUITY
ORCAY.IS,ORCAY ORTAKOY CAY SANAYI,Orçay Ortaköy Çay Sanayi ve Ticaret Anonim Sirketi,IST,tr_market,EQUITY
RNPOL.IS,RAINBOW POLIKARBONAT,Rainbow Polikarbonat Sanayi Ticaret Anonim Sirketi,IST,tr_market,EQUITY
BIOEN.IS,BIOTREND CEVRE VE ENERJI,Biotrend Cevre ve Enerji Yatirimlari A.S.,IST,tr_market,EQUITY
PSGYO.IS,PASIFIK GMYO,Pasifik Gayrimenkul Yatirim Ortakligi A.S.,IST,tr_market,EQUITY
KTSKR.IS,KUTAHYA SEKER FABRIKASI,Kutahya Seker Fabrikasi A.S.,IST,tr_market,EQUITY
ISSEN.IS,ISBIR SENTETIK DOKUMA,Isbir Sentetik Dokuma Sanayi A.S.,IST,tr_market,EQUITY
MOBTL.IS,MOBILTEL ILETISIM,Mobiltel Iletisim Hizmetleri Sanayi ve Ticaret A.S.,IST,tr_market,EQUITY
BOBET.IS,BOGAZICI BETON SANAYI,Bogazici Beton Sanayi Ve Ticaret Anonim Sirketi,IST,tr_market,EQUITY
KARYE.IS,KARTAL YEN. ENERJI,Kartal Yenilenebilir Enerji Uretim A.S.,IST,tr_market,EQUITY
GWIND.IS,GALATA WIND ENERJI,Galata Wind Enerji A.S.,IST,tr_market,EQUITY
KRVGD.IS,KERVAN GIDA,Kervan Gida Sanayi ve Ticaret A.S.,IST,tr_market,EQUITY
ELITE.IS,ELITE NATUREL ORGANIK GIDA,Elite Naturel Organik Gida Sanayi ve Ticaret A.S.,IST,tr_market,EQUITY
KZBGY.IS,KIZILBUK GYO,Kizilbük Gayrimenkul Yatirim Ortakligi A.S.,IST,tr_market,EQUITY
EDATA.IS,E-DATA TEKNOLOJI,E-Data Teknoloji Pazarlama Anonim Sirketi,IST,tr_market,EQUITY
ISKPL.IS,ISIK PLASTIK,Isik Plastik Sanayi ve Dis Ticaret Pazarlama Anonim Sirketi,IST,tr_market,EQUITY
ZRGYO.IS,ZIRAAT GMYO,Ziraat Gayrimenkul Yatirim Ortakligi A.S.,IST,tr_market,EQUITY
GENIL.IS,GEN ILAC,Gen Ilac Ve Saglik Urunleri Sanayi Ve Ticaret Anonim Sirketi,IST,tr_market,EQUITY
PCILT.IS,PC ILETISIM MEDYA,PC Iletisim ve Medya Hizmetleri Sanayi Ticaret A.S.,IST,tr_market,EQUITY
ESEN.IS,ESENBOGA ELEKTRIK,Esenboga Elektrik Üretim A.S.,IST,tr_market,EQUITY
KIMMR.IS,KIM MARKET-ERSAN ALISVERIS,Ersan Alisveris Hizmetleri ve Gida Sanayi Ticaret Anonim Sirketi,IST,tr_market,EQUITY
MTRKS.IS,MATRIKS BILGI DAGITIM,Matriks Bilgi Dagitim Hizmetleri A.S.,IST,tr_market,EQUITY
ARZUM.IS,ARZUM EV ALETLERI,Arzum Elektrikli Ev Aletleri Sanayi ve Ticaret A.S.,IST,tr_market,EQUITY
MIATK.IS,MIA TEKNOLOJI,MIA Teknoloji Anonim Sirketi,IST,tr_market,EQUITY
GMTAS.IS,GIMAT MAGAZACILIK,Gimat Magazacilik Sanayi ve Ticaret A.S.,IST,tr_market,EQUITY
ARASE.IS,DOGU ARAS ENERJI,Dogu Aras Enerji Yatirimlari AS,IST,tr_market,EQUITY
KSTUR.IS,KUSTUR KUSADASI TURIZM,Kustur Kusadasi Turizm Endüstrisi A.S.,IST,tr_market,EQUITY
BASGZ.IS,BASKENT DOGALGAZ GMYO,Baskent Dogalgaz Dagitim Gayrimenkul Yatirim Ortakligi A.S.,IST,tr_market,EQUITY
