symbol,shortName,longName,exchange,market,quoteType
CRG.IR,CRH PLC,CRH plc,ISE,ie_market,EQUITY
FLTR.IR,FLUTTER ENTERTAINMENT PLC,Flutter Entertainment plc,ISE,ie_market,EQUITY
KRZ.IR,KERRY GROUP PLC,Kerry Group plc,ISE,ie_market,EQUITY
RYA.IR,RYANAIR HOLDINGS PLC,Ryanair Holdings plc,ISE,ie_market,EQUITY
KRX.IR,KINGSPAN GROUP PLC,Kingspan Group plc,ISE,ie_market,EQUITY
SK3.IR,SMURFIT KAPPA GROUP PLC,Smurfit Kappa Group Plc,ISE,ie_market,EQUITY
A5G.IR,AIB GROUP PLC,AIB Group plc,ISE,ie_market,EQUITY
BIRG.IR,BANK OF IRELAND GROUP PLC,Bank of Ireland Group plc,ISE,ie_market,EQUITY
GL9.IR,GLANBIA PLC,Glanbia plc,ISE,ie_market,EQUITY
UPR.IR,UNIPHAR PLC,Uniphar plc,ISE,ie_market,EQUITY
GRP.IR,GREENCOAT RENEWABLES PLC,Greencoat Renewables PLC,ISE,ie_market,EQUITY
GVR.IR,GLENVEAGH PROPERTIES PLC,Glenveagh Properties PLC,ISE,ie_market,EQUITY
C5H.IR,CAIRN HOMES PLC,Cairn Homes plc,ISE,ie_market,EQUITY
IRES.IR,IRISH RESIDENTIAL PROPERTIES RE,Irish Residential Properties REIT Plc,ISE,ie_market,EQUITY
TQW.IR,TULLOW OIL PLC,Tullow Oil plc,ISE,ie_market,EQUITY
DHG.IR,DALATA HOTEL GROUP PLC,Dalata Hotel Group plc,ISE,ie_market,EQUITY
IR5B.IR,IRISH CONTINENTAL GROUP PLC,Irish Continental Group plc,ISE,ie_market,EQUITY
HBRN.IR,HIBERNIA REIT PLC,Hibernia REIT Plc,ISE,ie_market,EQUITY
IL0A.IR,PERMANENT TSB GROUP HOLDINGS PL,Permanent TSB Group Holdings plc,ISE,ie_market,EQUITY
GYQ.IR,FD TECHNOLOGIES PLC,FD Technologies Plc,ISE,ie_market,EQUITY
KMR.IR,KENMARE RESOURCES PLC,Kenmare Resources plc,ISE,ie_market,EQUITY
OIZ.IR,ORIGIN ENTERPRISES PLC,Origin Enterprises plc,ISE,ie_market,EQUITY
MIO.IR,MINCON GROUP PLC,Mincon Group plc,ISE,ie_market,EQUITY
EG7.IR,FBD HOLDINGS PLC,FBD Holdings plc,ISE,ie_market,EQUITY
MLC.IR,MALIN CORPORATION PLC,Malin Corporation plc,ISE,ie_market,EQUITY
ORPH.IR,OPEN ORPHAN PLC,Open Orphan plc,ISE,ie_market,EQUITY
DLE.IR,DATALEX PLC,Datalex plc,ISE,ie_market,EQUITY
HBCN.IR,HEALTHBEACON PLC SHARES,HealthBeacon plc,ISE,ie_market,EQUITY
YEW.IR,YEW GROVE REIT PLC,Yew Grove REIT plc,ISE,ie_market,EQUITY
P8ET.IR,PETRONEFT RESOURCES PLC,PetroNeft Resources plc,ISE,ie_market,EQUITY
DQ7A.IR,DONEGAL INVESTMENT GROUP PLC,Donegal Investment Group plc,ISE,ie_market,EQUITY
PZQA.IR,PROVIDENCE RESOURCES PLC.,Providence Resources P.l.c.,ISE,ie_market,EQUITY
OVXA.IR,OVOCA BIO PLC,Ovoca Bio plc,ISE,ie_market,EQUITY
ORQ1.IR,ORMONDE MINING PLC,Ormonde Mining plc,ISE,ie_market,EQUITY
EXR.IR,ENGAGE XR HOLDINGS PLC,,ISE,ie_market,EQUITY
