symbol,shortName,longName,exchange,market,quoteType
NOVO-B.CO,Novo Nordisk B A/S,Novo Nordisk A/S,CPH,dk_market,EQUITY
MAERSK-B.CO,A.P. Møller - Mærsk B A/S,A.P. Møller - Mærsk A/S,CPH,dk_market,EQUITY
MAERSK-A.CO,A.P. Møller - Mærsk A A/S,A.P. Møller - Mærsk A/S,CPH,dk_market,EQUITY
DSV.CO,DSV A/S,DSV A/S,CPH,dk_market,EQUITY
NDA-DK.CO,Nordea Bank Abp,Nordea Bank Abp,CPH,dk_market,EQUITY
ORSTED.CO,ORSTED A/S,Ørsted A/S,CPH,dk_market,EQUITY
COLO-B.CO,Coloplast B A/S,Coloplast A/S,CPH,dk_market,EQUITY
VWS.CO,Vestas Wind Systems A/S,Vestas Wind Systems A/S,CPH,dk_market,EQUITY
CARL-B.CO,Carlsberg B A/S,Carlsberg A/S,CPH,dk_market,EQUITY
CARL-A.CO,Carlsberg A A/S,Carlsberg A/S,CPH,dk_market,EQUITY
GMAB.CO,Genmab A/S,Genmab A/S,CPH,dk_market,EQUITY
NZYM-B.CO,Novozymes B A/S,Novozymes A/S,CPH,dk_market,EQUITY
TRYG.CO,Tryg A/S,Tryg A/S,CPH,dk_market,EQUITY
DANSKE.CO,Danske Bank A/S,Danske Bank A/S,CPH,dk_market,EQUITY
DEMANT.CO,Demant A/S,Demant A/S,CPH,dk_market,EQUITY
PNDORA.CO,Pandora A/S,Pandora A/S,CPH,dk_market,EQUITY
CHR.CO,Chr. Hansen Holding A/S,Chr. Hansen Holding A/S,CPH,dk_market,EQUITY
ROCK-A.CO,Rockwool International A A/S,ROCKWOOL International A/S,CPH,dk_market,EQUITY
ROCK-B.CO,Rockwool International B A/S,ROCKWOOL International A/S,CPH,dk_market,EQUITY
GN.CO,GN Store Nord A/S,GN Store Nord A/S,CPH,dk_market,EQUITY
KBHL.CO,Københavns Lufthavne A/S,Københavns Lufthavne A/S,CPH,dk_market,EQUITY
AMBU-B.CO,Ambu A/S,Ambu A/S,CPH,dk_market,EQUITY
RBREW.CO,Royal UNIBREW A/S,Royal Unibrew A/S,CPH,dk_market,EQUITY
ALK-B.CO,ALK-Abelló B A/S,ALK-Abelló A/S,CPH,dk_market,EQUITY
TOP.CO,Topdanmark A/S,Topdanmark A/S,CPH,dk_market,EQUITY
LUN.CO,H. Lundbeck A/S,H. Lundbeck A/S,CPH,dk_market,EQUITY
NETC.CO,Netcompany Group A/S,Netcompany Group A/S,CPH,dk_market,EQUITY
SIM.CO,SimCorp A/S,SimCorp A/S,CPH,dk_market,EQUITY
RILBA.CO,Ringkjøbing Landbobank A/S,Ringkjøbing Landbobank A/S,CPH,dk_market,EQUITY
JYSK.CO,Jyske Bank A/S,Jyske Bank A/S,CPH,dk_market,EQUITY
ISS.CO,ISS A/S,ISS A/S,CPH,dk_market,EQUITY
DFDS.CO,DFDS A/S,DFDS A/S,CPH,dk_market,EQUITY
ALMB.CO,Alm. Brand A/S,Alm. Brand A/S,CPH,dk_market,EQUITY
OSSR.CO,OSSUR HF,Össur hf.,CPH,dk_market,EQUITY
BAVA.CO,Bavarian Nordic A/S,Bavarian Nordic A/S,CPH,dk_market,EQUITY
JDAN.CO,Jeudan A/S,Jeudan A/S,CPH,dk_market,EQUITY
SCHO.CO,Schouw & Co. A/S,Aktieselskabet Schouw & Co.,CPH,dk_market,EQUITY
FLS.CO,FLSmidth & Co. A/S,FLSmidth & Co. A/S,CPH,dk_market,EQUITY
NKT.CO,NKT A/S,NKT A/S,CPH,dk_market,EQUITY
SYDB.CO,Sydbank A/S,Sydbank A/S,CPH,dk_market,EQUITY
STG.CO,Scandinavian Tobacco Group A/S,Scandinavian Tobacco Group A/S,CPH,dk_market,EQUITY
CHEMM.CO,ChemoMetec A/S,ChemoMetec A/S,CPH,dk_market,EQUITY
NTG.CO,NTG Nordic Transport Group A/S,NTG Nordic Transport Group A/S,CPH,dk_market,EQUITY
SPNO.CO,Spar Nord Bank A/S,Spar Nord Bank A/S,CPH,dk_market,EQUITY
DRLCO.CO,The Drilling Company of 1972 A/,The Drilling Company of 1972 A/S,CPH,dk_market,EQUITY
SAS-DKK.CO,SAS AB,SAS AB (publ),CPH,dk_market,EQUITY
DNORD.CO,D/S Norden,Dampskibsselskabet Norden A/S,CPH,dk_market,EQUITY
ZEAL.CO,Zealand Pharma A/S,Zealand Pharma A/S,CPH,dk_market,EQUITY
PAAL-B.CO,Per Aarsleff Holding A/S B,Per Aarsleff Holding A/S,CPH,dk_market,EQUITY
NLFSK.CO,Nilfisk Holding A/S,Nilfisk Holding A/S,CPH,dk_market,EQUITY
UIE.CO,United International Enterprise,UIE PLC,CPH,dk_market,EQUITY
SOLAR-B.CO,Solar B A/S,Solar A/S,CPH,dk_market,EQUITY
TRIFOR.CO,Trifork Holding AG,Trifork Holding AG,CPH,dk_market,EQUITY
SPG.CO,SP Group A/S,SP Group A/S,CPH,dk_market,EQUITY
MATAS.CO,Matas A/S,Matas A/S,CPH,dk_market,EQUITY
TIV.CO,Tivoli A/S,Tivoli A/S,CPH,dk_market,EQUITY
CBRAIN.CO,cBrain A/S,cBrain A/S,CPH,dk_market,EQUITY
VJBA.CO,Vestjysk Bank A/S,Vestjysk Bank A/S,CPH,dk_market,EQUITY
TRMD-A.CO,TORM plc A,TORM plc,CPH,dk_market,EQUITY
GYLD-A.CO,Gyldendal A A/S,Gyldendal A/S,CPH,dk_market,EQUITY
HH.CO,H+H International A/S,H+H International A/S,CPH,dk_market,EQUITY
BO.CO,Bang & Olufsen A/S,Bang & Olufsen a/s,CPH,dk_market,EQUITY
GREENH.CO,Green Hydrogen Systems A/S,Green Hydrogen Systems A/S,CPH,dk_market,EQUITY
SPKSJF.CO,Sparekassen Sjælland-Fyn A/S,Sparekassen Sjælland-Fyn A/S,CPH,dk_market,EQUITY
AOJ-P.CO,Brdr. A & O Johansen præf. A/S,Brødrene A & O Johansen A/S,CPH,dk_market,EQUITY
NNIT.CO,NNIT A/S,NNIT A/S,CPH,dk_market,EQUITY
HART.CO,Brdr.Hartmann A/S,Brødrene Hartmann A/S,CPH,dk_market,EQUITY
BIAEJD.CO,BI Erhvervsejendomme A/S,BI Erhvervsejendomme A/S,CPH,dk_market,EQUITY
HUSCO.CO,HusCompagniet A/S,HusCompagniet A/S,CPH,dk_market,EQUITY
LASP.CO,Lån og Spar Bank A/S,Lån & Spar Bank A/S,CPH,dk_market,EQUITY
DAB.CO,Danske Andelskassers Bank A/S,Danske Andelskassers Bank A/S,CPH,dk_market,EQUITY
FLUG-B.CO,Flügger group A/S B,Flügger group A/S,CPH,dk_market,EQUITY
NORTHM.CO,North Media A/S,North Media A/S,CPH,dk_market,EQUITY
MTHH.CO,MT Højgaard Holding A/S,MT Højgaard Holding A/S,CPH,dk_market,EQUITY
JOBNDX.CO,Jobindex A/S,Jobindex A/S,CPH,dk_market,EQUITY
TCM.CO,TCM Group A/S,TCM Group A/S,CPH,dk_market,EQUITY
RTX.CO,RTX A/S,RTX A/S,CPH,dk_market,EQUITY
BNORDIK-CSE.CO,BankNordik P/F,P/F BankNordik,CPH,dk_market,EQUITY
COLUM.CO,Columbus A/S,Columbus A/S,CPH,dk_market,EQUITY
GABR.CO,Gabriel Holding A/S,Gabriel Holding A/S,CPH,dk_market,EQUITY
PRIMOF.CO,Prime Office A/S,Prime Office A/S,CPH,dk_market,EQUITY
AQP.CO,Aquaporin A/S,Aquaporin A/S,CPH,dk_market,EQUITY
GRLA.CO,Grønlandsbanken A/S,GrønlandsBANKEN A/S,CPH,dk_market,EQUITY
SKJE.CO,Skjern Bank A/S,Skjern Bank A/S,CPH,dk_market,EQUITY
FYNBK.CO,Fynske Bank A/S,Fynske Bank A/S,CPH,dk_market,EQUITY
DJUR.CO,Djurslands Bank A/S,Djurslands Bank A/S,CPH,dk_market,EQUITY
PARKST-A.CO,Park Street A/S A,Park Street A/S,CPH,dk_market,EQUITY
SANI.CO,Sanistål A/S,Sanistål A/S,CPH,dk_market,EQUITY
FPILIM.CO,Formuepleje LimiTTellus,Formuepleje Limittellus,CPH,dk_market,EQUITY
BIOPOR.CO,BioPorto A/S,BioPorto A/S,CPH,dk_market,EQUITY
PARKEN.CO,PARKEN Sport & Entertainment A/,PARKEN Sport & Entertainment A/S,CPH,dk_market,EQUITY
KRE.CO,Kreditbanken A/S,Kreditbanken A/S,CPH,dk_market,EQUITY
YOYO.CO,OrderYOYO A/S,OrderYOYO ApS,CPH,dk_market,EQUITY
SPENN.CO,SPENN Technology A/S,SPENN Technology A/S,CPH,dk_market,EQUITY
LOLB.CO,Lollands Bank A/S,Lollands Bank A/S,CPH,dk_market,EQUITY
EGNETY.CO,"EgnsINVEST Ejd., Tyskland A/S",EgnsINVEST Ejendomme Tyskland A/S,CPH,dk_market,EQUITY
ORPHA.CO,Orphazyme A/S,Orphazyme A/S,CPH,dk_market,EQUITY
FFARMS.CO,FirstFarms A/S,FirstFarms A/S,CPH,dk_market,EQUITY
GYLD-B.CO,Gyldendal B A/S,Gyldendal A/S,CPH,dk_market,EQUITY
LUXOR-B.CO,Luxor B A/S,Investeringsselskabet Luxor A/S,CPH,dk_market,EQUITY
MNBA.CO,Møns Bank A/S,Møns Bank A/S,CPH,dk_market,EQUITY
PENNEO.CO,Penneo A/S,Penneo A/S,CPH,dk_market,EQUITY
RELE.CO,Relesys A/S,Relesys A/S,CPH,dk_market,EQUITY
GERHSP.CO,German High Street Properties A,German High Street Properties A/S,CPH,dk_market,EQUITY
VIRO.CO,ViroGates A/S,ViroGates A/S,CPH,dk_market,EQUITY
RMATCH.CO,Re-Match Holding A/S,Re-Match Holding A/S,CPH,dk_market,EQUITY
NRDF.CO,Nordfyns Bank A/S,Nordfyns Bank A/S,CPH,dk_market,EQUITY
GREENM.CO,GreenMobility A/S,GreenMobility A/S,CPH,dk_market,EQUITY
TOTA.CO,Totalbanken A/S,Totalbanken A/S,CPH,dk_market,EQUITY
MAPS.CO,MapsPeople A/S,Mapspeople A/S,CPH,dk_market,EQUITY
STRINV.CO,Strategic Investments A/S,Strategic Investments A/S,CPH,dk_market,EQUITY
CPHCAP-ST.CO,Copenhagen Capital A/S Stam,Copenhagen Capital A/S,CPH,dk_market,EQUITY
HARB-B.CO,Harboes Bryggeri B A/S,Harboes Bryggeri A/S,CPH,dk_market,EQUITY
FED.CO,Fast Ejendom Danmark A/S,Fast Ejendom Danmark A/S,CPH,dk_market,EQUITY
FOM.CO,FOM Technologies A/S,FOM Technologies A/S,CPH,dk_market,EQUITY
SAME.CO,SameSystem A/S,Samesystem A/S,CPH,dk_market,EQUITY
SCD.CO,Small Cap Danmark A/S,Small Cap Danmark A/S,CPH,dk_market,EQUITY
ONXEO.CO,Onxeo SA,Onxeo SA,CPH,dk_market,EQUITY
BIF.CO,Brøndbyernes IF Fodbold A/S,Brøndbyernes IF Fodbold A/S,CPH,dk_market,EQUITY
AGILC.CO,Agillic A/S,Agillic A/S,CPH,dk_market,EQUITY
IMPERO.CO,Impero A/S,Impero A/S,CPH,dk_market,EQUITY
CEMAT.CO,Cemat A/S,Cemat A/S,CPH,dk_market,EQUITY
DIGIZ.CO,Digizuite A/S,Digizuite A/S,CPH,dk_market,EQUITY
RBLN-B.CO,Roblon B A/S,Roblon A/S,CPH,dk_market,EQUITY
AGAT.CO,Agat Ejendomme A/S,Agat Ejendomme A/S,CPH,dk_market,EQUITY
AGF-B.CO,AGF A/S B,AGF A/S,CPH,dk_market,EQUITY
ASTRLS.CO,Astralis A/S,Astralis A/S,CPH,dk_market,EQUITY
KONSOL.CO,Konsolidator A/S,Konsolidator A/S,CPH,dk_market,EQUITY
DATA.CO,Dataproces Group A/S,Dataproces Group A/S,CPH,dk_market,EQUITY
STENO.CO,STENOCARE A/S,Stenocare A/S,CPH,dk_market,EQUITY
KLEE-B.CO,Brd. Klee B A/S,Brd. Klee A/S,CPH,dk_market,EQUITY
HYDRCT.CO,Hydract A/S,Hydract A/S,CPH,dk_market,EQUITY
BACTIQ.CO,BactiQuant A/S,BactiQuant A/S,CPH,dk_market,EQUITY
HVID.CO,Hvidbjerg Bank A/S,Hvidbjerg Bank A/S,CPH,dk_market,EQUITY
SKAKO.CO,SKAKO A/S,SKAKO A/S,CPH,dk_market,EQUITY
SMSMED.CO,Scandinavian Medical Solutions ,Scandinavian Medical Solutions ApS,CPH,dk_market,EQUITY
RIAS-B.CO,Rias B A/S,RIAS A/S,CPH,dk_market,EQUITY
CPHCAP-PREF.CO,Copenhagen Capital A/S Præf,Copenhagen Capital A/S,CPH,dk_market,EQUITY
DANT.CO,Dantax A/S,Dantax A/S,CPH,dk_market,EQUITY
SIF.CO,Silkeborg IF Invest A/S,Silkeborg IF Invest A/S,CPH,dk_market,EQUITY
MOVINN.CO,Movinn A/S,Movinn A/S,CPH,dk_market,EQUITY
SHAPE.CO,Shape Robotics A/S,Shape Robotics A/S,CPH,dk_market,EQUITY
RLAINV.CO,Ress Life Investments A/S,Ress Life Investments A/S,CPH,dk_market,EQUITY
TGAMES.CO,TROPHY GAMES Development A/S,TROPHY GAMES Development A/S,CPH,dk_market,EQUITY
SIG.CO,Scandinavian Investment Group A,Scandinavian Investment Group A/S,CPH,dk_market,EQUITY
WIRTEK.CO,Wirtek A/S,Wirtek A/S,CPH,dk_market,EQUITY
GJ.CO,Glunz & Jensen Holding A/S,Glunz & Jensen Holding A/S,CPH,dk_market,EQUITY
DONKEY.CO,DonkeyRepublic Holding A/S,DonkeyRepublic Holding A/S,CPH,dk_market,EQUITY
RISMA.CO,RISMA Systems A/S,Risma Systems A/S,CPH,dk_market,EQUITY
NTR-B.CO,NTR Holding B A/S,NTR Holding A/S,CPH,dk_market,EQUITY
WMA.CO,WindowMaster International A/S,WindowMaster International A/S,CPH,dk_market,EQUITY
EAC.CO,EAC Invest A/S,EAC Invest A/S,CPH,dk_market,EQUITY
NORD.CO,NORD.investments A/S,NORD.investments A/S,CPH,dk_market,EQUITY
AUDNTS.CO,Audientes A/S,Audientes A/S,CPH,dk_market,EQUITY
HOVE.CO,Hove A/S,Hove A/S,CPH,dk_market,EQUITY
ODICO.CO,Odico A/S,Odico A/S,CPH,dk_market,EQUITY
LEDIBOND.CO,LED iBond International A/S,LED iBond International A/S,CPH,dk_market,EQUITY
COPY.CO,Copyright Agent A/S,Copyright Agent A/S,CPH,dk_market,EQUITY
ACT.CO,DecideAct A/S,DecideAct A/S,CPH,dk_market,EQUITY
VALUER.CO,Valuer Holding A/S,Valuer Holding A/S,CPH,dk_market,EQUITY
SCAPE.CO,Scape Technologies A/S,Scape Technologies A/S,CPH,dk_market,EQUITY
SLXIT.CO,Seluxit A/S,Seluxit A/S,CPH,dk_market,EQUITY
ALEFRM.CO,Alefarm Brewing A/S,Alefarm Brewing A/S,CPH,dk_market,EQUITY
DAC.CO,Danish Aerospace Company A/S,Danish Aerospace Company A/S,CPH,dk_market,EQUITY
QINTER.CO,Q-Interline A/S,Q-Interline A/S,CPH,dk_market,EQUITY
HYPE.CO,Hypefactors A/S,Hypefactors A/S,CPH,dk_market,EQUITY
NEWCAP.CO,Newcap Holding A/S,Newcap Holding A/S,CPH,dk_market,EQUITY
MDUNDO.CO,Mdundo.com A/S,Mdundo.com A/S,CPH,dk_market,EQUITY
SBS.CO,Scandinavian Brake Systems A/S,Scandinavian Brake Systems A/S,CPH,dk_market,EQUITY
ROV.CO,Rovsing A/S,Rovsing A/S,CPH,dk_market,EQUITY
IMAIL.CO,InterMail A/S,InterMail A/S,CPH,dk_market,EQUITY
NEXCOM.CO,Nexcom A/S,Nexcom A/S,CPH,dk_market,EQUITY
FASTPC.CO,FastPassCorp A/S,FastPassCorp A/S,CPH,dk_market,EQUITY
AAB.CO,Aalborg Boldspilklub A/S,Aalborg Boldspilklub A/S,CPH,dk_market,EQUITY
NORDIC.CO,Nordic Shipholding A/S,Nordic Shipholding A/S,CPH,dk_market,EQUITY
ERRIA.CO,Erria A/S,Erria A/S,CPH,dk_market,EQUITY
MONSO.CO,Monsenso A/S,Monsenso A/S,CPH,dk_market,EQUITY
HAPPY.CO,Happy Helper A/S,Happy Helper A/S,CPH,dk_market,EQUITY
BLVIS-A.CO,Blue Vision A/S A,Blue Vision A/S,CPH,dk_market,EQUITY
BRAINP.CO,Brain+ A/S,Brain+ A/S,CPH,dk_market,EQUITY
TOWN.CO,Hometown A/S,Hometown A/S,CPH,dk_market,EQUITY
ENALYZ.CO,Enalyzer A/S,Enalyzer A/S,CPH,dk_market,EQUITY
ATLA-DKK.CO,Atlantic Petroleum P/F,P/F Atlantic Petroleum,CPH,dk_market,EQUITY
CONFRZ.CO,Conferize A/S,Conferize A/S,CPH,dk_market,EQUITY
STIINM.CO,Storebrand Indeks - Nye Markede,Storebrand Indeks - Nye Markeder,CPH,dk_market,EQUITY
INIAB.CO,Investin Aktiv Balance,Investin - Aktiv Balance,CPH,dk_market,EQUITY
HAIVOB.CO,Handelsinvest Virksomhedsobliga,Handelsinvest - Virksomhedsobligationer,CPH,dk_market,EQUITY
GRIEHY.CO,Gudme Raaschou European High Yi,Gudme Raaschou Eu High Yield,CPH,dk_market,EQUITY
JYILOB.CO,Jyske Invest Lange Obligationer,,CPH,dk_market,EQUITY
NDIJAPENHKL1.CO,Nordea Invest Japan Enhanced KL,Investeringsforeningen Nordea Invest - Japan Enhanced,CPH,dk_market,EQUITY
SYIHRLKOADKKA.CO,Sydinvest HøjrenteLande Ko Obl,Sydinvest HøjrenteLande Korte Obligationer A DKK Akk,CPH,dk_market,EQUITY
SYIVOHYADKKAK.CO,Sydinvest Virksomhedsobl HY A D,Sydinvest - Virksomhedsobligationer HY Akkumulerende KL,CPH,dk_market,EQUITY
WEIFBA.CO,Wealth Invest Forskel - Bæredy,Investeringsforeningen Wealth Invest - Forskel - Bæredygtige Aktier,CPH,dk_market,EQUITY
MMINO.CO,Multi Manager Invest Nye obl.ma,Multi Manager Invest - Nye Obligationsmarkeder,CPH,dk_market,EQUITY
FPKPAR.CO,Formuepleje Pareto KL,Formuepleje - Pareto KL,CPH,dk_market,EQUITY
NBIOF.CO,Nykredit Invest Balance Offensi,Nykredit Invest - Balance Offensiv,CPH,dk_market,EQUITY
NDIGUAKL1.CO,Nordea Invest Globale UdbytteAk,Nordea Invest Globale UdbytteAktier,CPH,dk_market,EQUITY
NDIB1KL1.CO,Nordea Invest Basis 1 KL 1,Nordea Invest Basis 1,CPH,dk_market,EQUITY
BIV75A.CO,BankInvest Optima 75 Akk. KL,BankInvest Optima 75 Akk. KL,CPH,dk_market,EQUITY
CWISAKTKLA.CO,C WorldWide Stabile Aktier KL A,,CPH,dk_market,EQUITY
NDIAKL1.CO,Nordea Invest Aktier KL 1,Nordea Invest Aktier,CPH,dk_market,EQUITY
DKIDKA.CO,Danske Inv Danmark - Akk kl DKK,Investeringsforeningen Danske Invest - Danmark - Akkumulerende KL,CPH,dk_market,EQUITY
HAID10A.CO,Handelsinvest Defensiv 10 (AK),Handelsinvest - Defensiv 10,CPH,dk_market,EQUITY
WEISGA.CO,Wealth Invest Secure Globale Ak,Wealth Invest - Secure Globale Aktier,CPH,dk_market,EQUITY
NBIDE.CO,Nykredit Invest Balance Defensi,Nykredit Invest Balance Defensiv,CPH,dk_market,EQUITY
NDIGUAKL1.CO,Nordea Invest Globale UdbytteAk,Nordea Invest Globale UdbytteAktier,CPH,dk_market,EQUITY
SEIBVP.CO,SEBinvest AKL Balance Vækst P,SEBinvest - Balance Vækst AKL,CPH,dk_market,EQUITY
DKIGLIO.CO,"Danske Inv Glo Lange Indeksobl,",Investeringsforeningen Danske Invest - Globale Lange Indeksobligationer KL,CPH,dk_market,EQUITY
NYILOA.CO,Nykredit Invest Lange Obligatio,Nykredit Invest - Lange Obligationer Akk,CPH,dk_market,EQUITY
BAIESCA.CO,BankInvest Europa Small Cap Akt,Bankinvest - Europa Small Cap Aktier KL,CPH,dk_market,EQUITY
FIIEUM.CO,Falcon Invest Falcon Europe Mom,Falcon Invest - Falcon Europe Momentum,CPH,dk_market,EQUITY
BAIMDOA.CO,BankInvest Mellemlange Danske O,BankInvest Mellemlange Danske Obligationaer,CPH,dk_market,EQUITY
STIINM.CO,Storebrand Indeks - Nye Markede,Storebrand Indeks - Nye Markeder,CPH,dk_market,EQUITY
INIAB.CO,Investin Aktiv Balance,Investin - Aktiv Balance,CPH,dk_market,EQUITY
HAIVOB.CO,Handelsinvest Virksomhedsobliga,Handelsinvest - Virksomhedsobligationer,CPH,dk_market,EQUITY
SYVBUA.CO,Sydinvest Balanceret Udb A,Sydinvest - Balanceret Udb,CPH,dk_market,EQUITY
NDIKOLKL1.CO,Nordea Invest Korte Obl Lagerb.,Nordea Invest - Korte obligationer Lagerbeskattet,CPH,dk_market,EQUITY
DKIEUSHYOAKKDKKH.CO,DI Euro Sustainable HY-Obl -Akk,,CPH,dk_market,EQUITY
DKIMDA.CO,Danske Inv Mix Defensiv Akk KL,Danske Invest Mix Defensiv - Akkumulerende,CPH,dk_market,EQUITY
MAJMAK.CO,Maj Invest Makro,Maj Invest - Makro,CPH,dk_market,EQUITY
NDIGSCKL1.CO,Nordea Invest Global Small Cap ,Nordea Invest Global Small Cap,CPH,dk_market,EQUITY
NDIB1KL1.CO,Nordea Invest Basis 1 KL 1,Nordea Invest Basis 1,CPH,dk_market,EQUITY
BIV75A.CO,BankInvest Optima 75 Akk. KL,BankInvest Optima 75 Akk. KL,CPH,dk_market,EQUITY
DKINYM.CO,"Danske Inv Nye Markeder, kl DKK",Investeringsforeningen Danske Invest - Nye Markeder KL,CPH,dk_market,EQUITY
BLKDA.CO,BLS Invest Danske Aktier KL,BLS Invest Danske Aktier KL,CPH,dk_market,EQUITY
SYVKAA.CO,Sydinvest Konservativ Akk A,Sydinvest - Konservativ Udb,CPH,dk_market,EQUITY
NYIGFA.CO,Nykredit Invest Globale Fokusak,Multi Manager Invest - USA Akk.,CPH,dk_market,EQUITY
SYVKUA.CO,Sydinvest Konservativ Udb A,Sydinvest - Konservativ Udb,CPH,dk_market,EQUITY
SKIAVK.CO,SKAGEN Avkastning,SKAGEN Avkastning,CPH,dk_market,EQUITY
DKINMAKK.CO,"Danske Inv Nye Markeder - Akk, ",Investeringsforeningen Danske Invest - Nye Markeder - Akkumulerende KL,CPH,dk_market,EQUITY
JYIOBAKKL.CO,Jyske Invest Obligationer og Ak,Jyske Invest Obligationer og Aktier KL,CPH,dk_market,EQUITY
BAIGLA.CO,BankInvest Globale Aktier A,Investeringsforeningen Bankinvest Globale - Aktier A Fund,CPH,dk_market,EQUITY
HAID30A.CO,Handelsinvest Defensiv 30 (AK),Handelsinvest - Defensiv 30,CPH,dk_market,EQUITY
MAJVA.CO,Maj Invest Vækstaktier,Maj Invest - Maj Invest Vækstaktier KL,CPH,dk_market,EQUITY
SPIUSSKL.CO,Sparindex INDEX USA Small Cap K,Sparindex INDEX USA Small Cap KL,CPH,dk_market,EQUITY
SPIVIGKLA.CO,SparInvest Virksomhedsobligatio,Sparinvest - Investment Grade Value Bonds Udb. - All Countries KL,CPH,dk_market,EQUITY
DKIGSFUT3.CO,DI Global Sustainable Future 3 ,Danske Invest - Global Sustainable Future 3,CPH,dk_market,EQUITY
SKIVEK.CO,SKAGEN Vekst A,SKAGEN - Vekst,CPH,dk_market,EQUITY
JYIKIKL.CO,Jyske Invest Kinesiske Aktier K,Jyske Invest Kinesiske Aktier KL,CPH,dk_market,EQUITY
MAJGRO.CO,Maj Invest Grønne Obligationer,Investeringsforeningen Maj Invest Grønne Obligationer KL,CPH,dk_market,EQUITY
NYIKA.CO,Nykredit Invest Kreditobligatio,Nykredit Invest - Kreditobligationer Akk,CPH,dk_market,EQUITY
HAIO60A.CO,Handelsinvest Offensiv 60 (AK),Handelsinvest Offensiv 60 (AK),CPH,dk_market,EQUITY
DKIGSFUTDKKD.CO,DI Global Sustainable Future kl,Investeringsforeningen Danske Invest - Global Sustainable Future,CPH,dk_market,EQUITY
STIGS.CO,Storebrand Global Solutions A5,Storebrand Global Solutions Aksjefond,CPH,dk_market,EQUITY
BAIHUAA.CO,BankInvest Højt Udbytte Aktier,BankInvest - Højt Udbytte Aktier KL,CPH,dk_market,EQUITY
SPVIHRKL.CO,Sparindex INDEX Høj Risiko KL,Sparinvest INDEX - INDEX Høj Risiko KL,CPH,dk_market,EQUITY
CWIEMMKL.CO,C WorldWide Emerging Markets KL,C WorldWide Emerging Markets KL,CPH,dk_market,EQUITY
NDIDAFKL1.CO,Nordea Invest Danske Aktier Fok,Nordea Invest Danske Aktier Fokus,CPH,dk_market,EQUITY
SKIM2.CO,SKAGEN m2 A,SKAGEN - m²,CPH,dk_market,EQUITY
FPKPEN.CO,Formuepleje Penta KL,Formuepleje - Penta KL,CPH,dk_market,EQUITY
SPVBEUKL.CO,Sparindex INDEX Bæredygtige Eu,Sparinvest - Index Sektor Industri Kl,CPH,dk_market,EQUITY
MAJDKA.CO,Maj Invest Danske Aktier,Maj Invest Danske Aktier,CPH,dk_market,EQUITY
MMINAM.CO,Multi Manager Invest Nye Aktiem,Multi Manager Invest - Nye Aktiemarkeder,CPH,dk_market,EQUITY
NDI4KL1.CO,Nordea Invest Basis 4 KL 1,Nordea Invest Basis 4,CPH,dk_market,EQUITY
GRIEJD.CO,Gudme Raaschou Europæiske Ejen,Investeringsforeningen Gudme Raaschou - Europæiske Ejendomsaktier,CPH,dk_market,EQUITY
INIAQG.CO,Investin ANNOX Quant Glob Equit,Investeringsforeningen Investin - Annox Quant Global Equity ESG KL Fund,CPH,dk_market,EQUITY
JYINOBV.CO,Jyske Invest Nye Obl.markeder V,Jyske Invest Nye Obligationsmarkeder Valuta KL,CPH,dk_market,EQUITY
NDIDKKL1.CO,Nordea Invest Danmark KL 1,Nordea Invest Danmark,CPH,dk_market,EQUITY
SYIBRIKL.CO,Sydinvest BRIK KL,Sydinvest BRIK KL,CPH,dk_market,EQUITY
PFIBAC.CO,PFA Invest Balance C,PFA Invest Balance C,CPH,dk_market,EQUITY
CWIIA.CO,C WorldWide Indien KL A,Investeringsforeningen C Worldwide Indien Kl,CPH,dk_market,EQUITY
NDIGLENHKL1.CO,Nordea Invest Global Enhanced K,Investeringsforeningen Nordea Invest - Global Enhanced,CPH,dk_market,EQUITY
MAJVAL.CO,Maj Invest Value Aktier,Maj Invest Value Aktier,CPH,dk_market,EQUITY
DKIGSFUT2.CO,DI Global Sustainable Future 2 ,Danske Invest - Global Sustainable Future 2,CPH,dk_market,EQUITY
NDIKMKL1.CO,Nordea Invest Klima og Miljø K,Nordea Invest - Klima og Miljø,CPH,dk_market,EQUITY
IAIMWC.CO,IA Invest MW Compounders,Investeringsforeningen IA Invest - Afdeling MW Compounders,CPH,dk_market,EQUITY
NYIBDA.CO,Nykredit Invest Baeredygtige Ak,Nykredit Invest Bæredygtige Aktier,CPH,dk_market,EQUITY
SKIGLO.CO,SKAGEN Global A,SKAGEN - Global,CPH,dk_market,EQUITY
STIIAM.CO,Storebrand Indeks - Alle Marked,Storebrand Indeks - Alle Markeder,CPH,dk_market,EQUITY
SPIUSGKL.CO,Sparindex INDEX USA Growth KL,Sparindex INDEX USA Growth KL,CPH,dk_market,EQUITY
CMINOA.CO,Carnegie Wealth Management Nord,Investeringsforeningen Carnegie Wealth Management - Nordiske Aktier,CPH,dk_market,EQUITY
LSIMOA.CO,,Investeringsforeningen Laan Spar Invest Mixobligationer Akkumulerende Fund,CPH,dk_market,EQUITY
SYVFKUA.CO,Sydinvest Forvaltning Konservat,,CPH,dk_market,EQUITY
LSKB80.CO,Lån&Spar MixInvest Balance 80,Lån&Spar MixInvest Balance 80,CPH,dk_market,EQUITY
SSIBAEURR.CO,Sparinv SICAV - Balance EUR R,Sparinvest SICAV - Balance,CPH,dk_market,EQUITY
BAILDKOAA.CO,BankInvest Lange Danske Obl. Ak,Investeringsforeningen Bankinvest Lange Danske Obligationer Akk A Fund,CPH,dk_market,EQUITY
DKIENGK4.CO,Danske Inv Engros Kommuner 4 KL,Danske Invest - Engros Kommuner 4,CPH,dk_market,EQUITY
PMIPCSPKLNO.CO,PortfolioManager PP Cap StockPi,Investeringsforeningen PortfolioManager PP Capital - StockPick KL,CPH,dk_market,EQUITY
BSKFDAKL.CO,BankInvest Select Fokus Danske ,Kapitalforeningen BankInvest Select - Fokus Danske Aktier,CPH,dk_market,EQUITY
LSKB60.CO,Lån&Spar MixInvest Balance 60,Lån&Spar MixInvest Balance 60,CPH,dk_market,EQUITY
NYIKOA.CO,Nykredit Invest Korte Obligatio,Nykredit Invest - Korte Obligationer Akk.,CPH,dk_market,EQUITY
BAIKOA.CO,BankInvest EM Korte Obl A,Investeringsforeningen Bankinvest - Emerging Markets Korte Obligationer KL,CPH,dk_market,EQUITY
SPIVHYKLA.CO,SparInvest Virksomhedsobligatio,Sparinvest - Value Virksomhedsobligationer Global Højrente Udb. KL,CPH,dk_market,EQUITY
FIIFLM.CO,Falcon Invest Falcon Flex Momen,Falcon Invest - Falcon Flex Momentum,CPH,dk_market,EQUITY
SPIJASKL.CO,Sparindex INDEX Japan Small Cap,Sparindex INDEX Japan Small Cap KL,CPH,dk_market,EQUITY
FIIGLM.CO,Falcon Invest Falcon Global Mom,Kapitalforeningen Falcon Invest - Afdeling Falcon Global Momentum,CPH,dk_market,EQUITY
FPIGAA.CO,Formuepleje Globale Aktier - Ak,Investeringsforeningen Formuepleje - Globale Aktier - Akkumulerende,CPH,dk_market,EQUITY
BIVOPRAA.CO,BankInvest Optima Rente Akk. A,Bankinvest - Optima Rente Akk KL,CPH,dk_market,EQUITY
DKIEEU.CO,"Danske Inv Østeuropa, kl DKK d",Danske Invest Østeuropa,CPH,dk_market,EQUITY
SPILOLKLA.CO,Sparinv Lange Obligationer KL A,Sparinvest - Lange Obligationer KL,CPH,dk_market,EQUITY
WEILPDF.CO,Wealth Invest Linde & Partners ,,CPH,dk_market,EQUITY
NDIKOKL1.CO,Nordea Invest Korte Obl KL 1,Nordea Invest - Korte obligationer Fund,CPH,dk_market,EQUITY
SPIVEMKLA.CO,Sparinv Value Emerging Markets ,Sparinvest Value Emerging Markets KL,CPH,dk_market,EQUITY
BAIKDOBA.CO,BankInvest Korte Danske Obligat,BankInvest Korte Danske Obligationer,CPH,dk_market,EQUITY
BAIHU.CO,BankInvest Højt Udbytte Aktier,Investeringsforeningen Bankinvest - Højt Udbytte Aktier Akk. A,CPH,dk_market,EQUITY
NDIGOBLKL1.CO,Nordea Invest Globale Obligatio,Nordea Invest Globale obligationer Fund,CPH,dk_market,EQUITY
DKIGLIADKKH.CO,Danske Inv GloLangeIndeksobl Ak,Investeringsforeningen Danske Invest - Globale Lange Indeksobligationer - Akkumulerende KL,CPH,dk_market,EQUITY
SYVVUA.CO,Sydinvest Vækstorienteret Udb ,Sydinvest - Vækstorienteret Udb,CPH,dk_market,EQUITY
SYVAUA.CO,Sydinvest Aggressiv Udb A,Sydinvest - Aggressiv Udb,CPH,dk_market,EQUITY
NDIVOHKL1.CO,,Nordea Invest - Virksomhedsobligationer Højrente,CPH,dk_market,EQUITY
WEKAFKI.CO,Wealth Invest AKL Afkast+ I,Kapitalforeningen Wealth Invest AKL Caba Optimal Plus I,CPH,dk_market,EQUITY
NDIVOBKL1.CO,Nordea Invest Virksomhedsobl KL,Nordea Invest - Virksomhedsobligationer,CPH,dk_market,EQUITY
PFIBA.CO,PFA Invest Balance AA,PFA Invest - Balance AA,CPH,dk_market,EQUITY
DKIMA.CO,Danske Inv Mix Akk KL,Danske Invest Mix - Akkumulerende,CPH,dk_market,EQUITY
BAIVOHYA.CO,BankInvest Virksomhedsobligatio,Bankinvest - Virksomhedsobligationer HY KL,CPH,dk_market,EQUITY
BAIEMOAKA.CO,BankInvest EM Obligationer Akk.,BankInvest - Emerging Markets Obligationer Akk.,CPH,dk_market,EQUITY
SPIMLRKLA.CO,Sparinv Mix Lav Risiko KL A,Sparinvest Mix Lav Risiko KL,CPH,dk_market,EQUITY
SPIJAVKL.CO,Sparindex INDEX Japan Value KL,Sparindex INDEX Japan Value KL,CPH,dk_market,EQUITY
SPIMAAKLA.CO,Sparinv Momentum Aktier Akk. KL,Sparinvest  Momentum Aktier Akk. KL,CPH,dk_market,EQUITY
SYIMOADKK.CO,Sydinvest Mellemlange Obligatio,Sydinvest Mellemlange Obligationer A DKK,CPH,dk_market,EQUITY
SYIVLVADKKA.CO,Sydinvest Verden Ligevægt&Val ,Investeringsforeningen AP,CPH,dk_market,EQUITY
NYILO.CO,Nykredit Invest Lange obligatio,Nykredit Invest Lange Obligationer,CPH,dk_market,EQUITY
DKINVO.CO,Danske Inv Nordiske Virk.obl Ak,Investeringsforeningen Danske Invest - Nordiske Virksomhedsobligationer - Akkumulerende KL,CPH,dk_market,EQUITY
SYIHYADKKA.CO,Sydinvest HøjrenteLande A DKK ,Sydinvest HøjrenteLande Akkumulerende KL,CPH,dk_market,EQUITY
BAIVOIGA.CO,BankInvest Virksomhedsobligatio,BankInvest - Virksomhedsobligationer IG KL,CPH,dk_market,EQUITY
NDIVOMKL1.CO,Nordea Inv. Verdens Obl.marked ,Nordea Invest - Verdens Obligationsmarkeder,CPH,dk_market,EQUITY
MAJDKO.CO,Maj Invest Danske Obligationer,Maj Invest - Danske Obligationer,CPH,dk_market,EQUITY
SYVFKUA.CO,Sydinvest Forvaltning Konservat,,CPH,dk_market,EQUITY
LSIMOA.CO,,Investeringsforeningen Laan Spar Invest Mixobligationer Akkumulerende Fund,CPH,dk_market,EQUITY
LSKB80.CO,Lån&Spar MixInvest Balance 80,Lån&Spar MixInvest Balance 80,CPH,dk_market,EQUITY
SSIBAEURR.CO,Sparinv SICAV - Balance EUR R,Sparinvest SICAV - Balance,CPH,dk_market,EQUITY
BAILDKOAA.CO,BankInvest Lange Danske Obl. Ak,Investeringsforeningen Bankinvest Lange Danske Obligationer Akk A Fund,CPH,dk_market,EQUITY
DKIENGK4.CO,Danske Inv Engros Kommuner 4 KL,Danske Invest - Engros Kommuner 4,CPH,dk_market,EQUITY
PMIPCSPKLNO.CO,PortfolioManager PP Cap StockPi,Investeringsforeningen PortfolioManager PP Capital - StockPick KL,CPH,dk_market,EQUITY
DKIDKLOBL.CO,Danske Inv Danske Lange Obl kl ,Danske Invest - Danske Lange Obligationer,CPH,dk_market,EQUITY
SYVAUA.CO,Sydinvest Aggressiv Udb A,Sydinvest - Aggressiv Udb,CPH,dk_market,EQUITY
SSIEGVEURR.CO,Sparinv SICAV - Ethical Glob Va,Sparinvest SICAV - Ethical Global Value,CPH,dk_market,EQUITY
SYIBDAADKK.CO,Sydinvest Bæredygtige Aktier A,Investeringsforeningen Sydinvest Baeredygtige Aktier A Dkk,CPH,dk_market,EQUITY
NDIVOHKL1.CO,,Nordea Invest - Virksomhedsobligationer Højrente,CPH,dk_market,EQUITY
PFIBAA.CO,PFA Invest Balance A,PFA Invest Balance A,CPH,dk_market,EQUITY
SYIKOADKK.CO,Sydinvest Korte Obligationer A ,Sydinvest Korte Obligationer KL,CPH,dk_market,EQUITY
INIOLC.CO,Investin Optimal Livscyklus 203,Investin Optimal Livscyklus 2030-40 Fund,CPH,dk_market,EQUITY
NDIEUENHKL1.CO,Nordea Invest Europe Enhanced K,Nordea Invest Europe Enhanced,CPH,dk_market,EQUITY
DKIDMOBL.CO,Danske Inv Dannebr Mellemla. Ob,Investeringsforeningen Danske Invest - Dannebrog Mellemlange Obligationer KL,CPH,dk_market,EQUITY
SYIFJEADKK.CO,Sydinvest Fjernøsten A DKK,Sydinvest Fjernøsten KL,CPH,dk_market,EQUITY
IIVGLESGA.CO,Independent Global ESG Akk,Independent Global,CPH,dk_market,EQUITY
JYINYAKL.CO,Jyske Invest Nye Aktiemarkeder ,Jyske Invest Nye Aktiemarkeder KL,CPH,dk_market,EQUITY
ACAEUC.CO,Accunia Inv European CLO AAA/AA,Aif-Vaerdipapirfonden Accunia Invest European Clo Aaa/Aa.(Kl),CPH,dk_market,EQUITY
NDIBAKL1.CO,Nordea Invest Bæredygtige Akti,Investeringsforeningen Nordea Invest - Bæredygtige Aktier KL,CPH,dk_market,EQUITY
NYIGAS.CO,Nykredit Invest Globale Aktier ,Nykredit Invest Globale Aktier SRI Akk.,CPH,dk_market,EQUITY
SHIGVAKL.CO,Stonehenge Globale Valueaktier ,Stonehenge Globale Valueaktier KL,CPH,dk_market,EQUITY
DKIFJIX.CO,"Danske Inv Fjernøsten Indeks, ",Danske Invest Fjernøsten Indeks,CPH,dk_market,EQUITY
SPVILRKL.CO,Sparindex INDEX Lav Risiko KL,Sparinvest INDEX - Lav Risiko KL,CPH,dk_market,EQUITY
SPIEUCKL.CO,Sparindex INDEX Europa Small Ca,Sparindex INDEX Europa Small Cap KL,CPH,dk_market,EQUITY
BIV30.CO,BankInvest Optima 30 KL,Bankinvest - DKK100 Optima Fund,CPH,dk_market,EQUITY
INIOVM.CO,Investin Optimal VerdensIndex M,Investin Optimal VerdensIndex Moderat,CPH,dk_market,EQUITY
NDISTAAKL1.CO,Nordea Invest Stabile Aktier Ak,Nordea Invest Stabile Aktier Akkumulerende,CPH,dk_market,EQUITY
DKIEUIX.CO,"Danske Inv Europa Indeks, klass",Danske Invest - Europa Indeks KL,CPH,dk_market,EQUITY
FUISP.CO,Fundamental Invest Stock Pick,Fundamental Invest Stock Pick,CPH,dk_market,EQUITY
DKIKI.CO,"Danske Inv Kina, kl DKK d",Danske Invest Kina,CPH,dk_market,EQUITY
NDIB3KL1.CO,Nordea Invest Basis 3 KL 1,Nordea Invest Basis 3,CPH,dk_market,EQUITY
SPVIGAKL.CO,Sparindex INDEX Globale Aktier ,Sparinvest INDEX - Globale Aktier KL,CPH,dk_market,EQUITY
DKIGI.CO,"Danske Inv Global Indeks, kl DK",Danske Invest - Global Indeks KL,CPH,dk_market,EQUITY
JYIBDA.CO,Jyske Invest Bæredygtige Aktie,Investeringsforeningen Jyske Invest - Jyske Invest Bæredygtige Aktier Kl,CPH,dk_market,EQUITY
CWIASKLA.CO,C WorldWide Asien KL A,,CPH,dk_market,EQUITY
MAJEMV.CO,Maj Invest Emerging Markets Val,Maj Invest - Investeringsforeningsbevis,CPH,dk_market,EQUITY
FPKSAF.CO,Formuepleje Safe KL,Formuepleje - Safe KL,CPH,dk_market,EQUITY
SPIC25KL.CO,Sparindex INDEX OMX C25 KL,Sparindex INDEX OMX C25 KL,CPH,dk_market,EQUITY
DKIEUSC.CO,Danske Inv Europa Small Cap kl ,Danske Invest - Europa Small Cap,CPH,dk_market,EQUITY
INIDEM.CO,Investin Demetra,Investin Demetra Fund,CPH,dk_market,EQUITY
HAIHYB.CO,Handelsinvest High Yield Bonds,Handelsinvest High Yield Bonds Fund,CPH,dk_market,EQUITY
HAID10AKK.CO,Handelsinvest Defensiv 10 Akk (,Investeringsforeningen Handelsinvest Defensiv 10 Akkumulerende (AK) Fund,CPH,dk_market,EQUITY
SYVFVUA.CO,Sydinvest Forvaltning Vækstori,,CPH,dk_market,EQUITY
NDIGSEKL1.CO,Nordea Invest Global SmCap Enha,Investeringsforeningen Nordea Invest - Global Small Cap Enhanced,CPH,dk_market,EQUITY
NYIKRO.CO,Nykredit Invest Kreditobligatio,Nykredit Invest - Kreditobligationer,CPH,dk_market,EQUITY
JYIHRV.CO,,,CPH,dk_market,EQUITY
SSIGEHYDKKRH.CO,Sparinvest SICAV Glob Ethical H,Sparinvest SICAV - Value Bonds - Global Ethical High Yield Fund,CPH,dk_market,EQUITY
SPIBDVAA.CO,Sparinvest Bæredygtige Value A,Investeringsforeningen Sparinvest - Bæredygtige Value Aktier KL,CPH,dk_market,EQUITY
SYIVOHYEADKK.CO,Sydinvest Virksomhedsobl HY Eti,Sydinvest Virksomhedsobligationer HY ETIK A DKK,CPH,dk_market,EQUITY
SSIPDKKR.CO,Sparinv SICAV - Procedo DKK R,Sparinvest SICAV - Procedo,CPH,dk_market,EQUITY
SEIJHP.CO,SEBinvest AKL Japan Hybrid P,SEBinvest - Japan Hybrid AKL,CPH,dk_market,EQUITY
SHIVMAKL.CO,Stonehenge Value Mix Akkumulere,Stonehenge Value Mix Akkumulerende KL,CPH,dk_market,EQUITY
GRIEMA.CO,Gudme Raaschou Emerging Markets,Gudme Raaschou Emerging Markets Aktier,CPH,dk_market,EQUITY
SSIBDKKR.CO,Sparinv SICAV - Balance DKK R,Sparinvest SICAV - Balance,CPH,dk_market,EQUITY
LSIVSE.CO,Lån & Spar Invest Verden Selec,Lån & Spar Invest - Verden Selection,CPH,dk_market,EQUITY
SYIVIGADKK.CO,Sydinvest Virksomhedsobl IG A D,Sydinvest Virksomhedsobligationer IG A DKK,CPH,dk_market,EQUITY
FPIGHY.CO,Formuepleje Global High Yield,Formuepleje - Global High Yield,CPH,dk_market,EQUITY
DKIFO.CO,"Danske Inv Fonde, kl DKK d",Investeringsforeningen Danske Invest - Fonde KL,CPH,dk_market,EQUITY
LSKB40.CO,Lån & Spar MixInvestBalance 40,Lån & Spar MixInvest Balance 40,CPH,dk_market,EQUITY
IAIIRDKA.CO,IA Invest IR Danske Aktier,IR Invest - Danske Aktier,CPH,dk_market,EQUITY
LSIGAA.CO,Lån & Spar Invest Globale Akt ,Lån & Spar Invest - Globale Aktier Basis Akkumulerende,CPH,dk_market,EQUITY
JYIVIRK.CO,Jyske Invest Virksomhedsobligat,,CPH,dk_market,EQUITY
SEIMOBL.CO,SEB Invest Mellemlange Obligati,SEBinvest Mellemlange Obligationer,CPH,dk_market,EQUITY
IIVBONDESG.CO,Independent Bond ESG,Independent Bond,CPH,dk_market,EQUITY
DKIGHYB.CO,"Danske Inv Glo High Yield-Obl, ",Investeringsforeningen Danske Invest - Globale High Yield-Obligationer KL,CPH,dk_market,EQUITY
JYIKOB.CO,Jyske Invest Korte Obligationer,Jyske Invest Korte Obligationer KL,CPH,dk_market,EQUITY
HAIOF80A.CO,Handelsinvest Offensiv 80 (AK),Handelsinvest Offensiv 80 (AK),CPH,dk_market,EQUITY
FPIOPT.CO,Formuepleje Optimum,Formuepleje Optimum,CPH,dk_market,EQUITY
FPKEPI.CO,Formuepleje Epikur KL,Formuepleje - Epikur KL,CPH,dk_market,EQUITY
DKIEUSCADKK.CO,Danske Inv Europa Small Cap Akk,Danske Invest - Europa Small Cap - Akkumulerende KL,CPH,dk_market,EQUITY
WEKSMP.CO,Wealth Invest Secure Market Pow,Kapitalforeningen Wealth Invest - Secure Market Power,CPH,dk_market,EQUITY
SYIDKI.CO,Sydinvest Danmark Indeks A DKK,Investeringsforeningen Sydinvest - Danmark Indeks Kl,CPH,dk_market,EQUITY
HAIDK.CO,Handelsinvest Danmark,Handelsinvest Danmark,CPH,dk_market,EQUITY
CWIGAKLA.CO,C WorldWide Globale Aktier KL A,,CPH,dk_market,EQUITY
LSIDKA.CO,Lån & Spar Invest Danske Aktie,Lån & Spar Invest Danske Aktier,CPH,dk_market,EQUITY
NDIEMMAENKL1.CO,Nordea Invest Em Markets Enhanc,Investeringsforeningen Nordea Invest - Emerging Markets Enhanced,CPH,dk_market,EQUITY
SYIULVADKK.CO,Sydinvest USA Ligevægt & Value,Sydinvest - USA Ligevægt & Value,CPH,dk_market,EQUITY
PFIGLA.CO,PFA Invest Globale Aktier,PFA Invest Globale Aktier Fund,CPH,dk_market,EQUITY
NDINOSKL1.CO,Nordea Invest Nordic Stars KL 1,Nordea Invest Nordic Stars,CPH,dk_market,EQUITY
HAIVER.CO,Handelsinvest Verden,Handelsinvest Verden,CPH,dk_market,EQUITY
JYIVIRK.CO,Jyske Invest Virksomhedsobligat,,CPH,dk_market,EQUITY
JYIKOB.CO,Jyske Invest Korte Obligationer,Jyske Invest Korte Obligationer KL,CPH,dk_market,EQUITY
DKIGHYB.CO,"Danske Inv Glo High Yield-Obl, ",Investeringsforeningen Danske Invest - Globale High Yield-Obligationer KL,CPH,dk_market,EQUITY
GRIEMA.CO,Gudme Raaschou Emerging Markets,Gudme Raaschou Emerging Markets Aktier,CPH,dk_market,EQUITY
JYIHRV.CO,,,CPH,dk_market,EQUITY
SYVFVUA.CO,Sydinvest Forvaltning Vækstori,,CPH,dk_market,EQUITY
INIDEM.CO,Investin Demetra,Investin Demetra Fund,CPH,dk_market,EQUITY
HAIHYB.CO,Handelsinvest High Yield Bonds,Handelsinvest High Yield Bonds Fund,CPH,dk_market,EQUITY
NDIGSEKL1.CO,Nordea Invest Global SmCap Enha,Investeringsforeningen Nordea Invest - Global Small Cap Enhanced,CPH,dk_market,EQUITY
NYIKRO.CO,Nykredit Invest Kreditobligatio,Nykredit Invest - Kreditobligationer,CPH,dk_market,EQUITY
HAID10AKK.CO,Handelsinvest Defensiv 10 Akk (,Investeringsforeningen Handelsinvest Defensiv 10 Akkumulerende (AK) Fund,CPH,dk_market,EQUITY
SSIBDKKR.CO,Sparinv SICAV - Balance DKK R,Sparinvest SICAV - Balance,CPH,dk_market,EQUITY
LSIGAA.CO,Lån & Spar Invest Globale Akt ,Lån & Spar Invest - Globale Aktier Basis Akkumulerende,CPH,dk_market,EQUITY
SYIVIGADKK.CO,Sydinvest Virksomhedsobl IG A D,Sydinvest Virksomhedsobligationer IG A DKK,CPH,dk_market,EQUITY
FPIGHY.CO,Formuepleje Global High Yield,Formuepleje - Global High Yield,CPH,dk_market,EQUITY
IAIIRDKA.CO,IA Invest IR Danske Aktier,IR Invest - Danske Aktier,CPH,dk_market,EQUITY
DKIFO.CO,"Danske Inv Fonde, kl DKK d",Investeringsforeningen Danske Invest - Fonde KL,CPH,dk_market,EQUITY
LSKB40.CO,Lån & Spar MixInvestBalance 40,Lån & Spar MixInvest Balance 40,CPH,dk_market,EQUITY
LSIVSE.CO,Lån & Spar Invest Verden Selec,Lån & Spar Invest - Verden Selection,CPH,dk_market,EQUITY
SPIMAKKLA.CO,Sparinv Momentum Aktier KL A,Sparinvest Momentum Aktier KL,CPH,dk_market,EQUITY
SPIBDA.CO,Sparinvest Bæredygtige Aktier ,Investeringsforeningen Sparinvest - Bæredygtige Aktier KL,CPH,dk_market,EQUITY
DKIEAUHU.CO,Danske Inv Europa Højt Udbytte,Investeringsforeningen Danske Invest - Europa Højt Udbytte KL,CPH,dk_market,EQUITY
SPINOBKLA.CO,Sparinv Nye Obligationsmarkeder,Sparinvest Nye Obligationsmarkeder KL,CPH,dk_market,EQUITY
HAINAM.CO,Handelsinvest Nordamerika,Handelsinvest Nordamerika Fund,CPH,dk_market,EQUITY
VAIGLOA.CO,ValueInvest Global A,ValueInvest Global KL,CPH,dk_market,EQUITY
PMICTAAKLNEUR.CO,PortfolioMan PP Cap TactAssAllo,Investeringsforeningen PortfolioManager PP Capital - Tactical Asset Allocation KL,CPH,dk_market,EQUITY
SYIGEAADKK.CO,Sydinvest Globale EM-aktier A D,Sydinvest Globale EM-Aktier KL,CPH,dk_market,EQUITY
WEILESCP.CO,Wealth Invest AKL Lannebo EU Sm,Wealth Invest AKL Lannebo Europa Small Cap P,CPH,dk_market,EQUITY
NYIGSA.CO,Nykredit Invest Globale Aktier ,Nykredit Invest Globale Aktier SRI,CPH,dk_market,EQUITY
SYIFONKL.CO,Sydinvest Fonde KL,Sydinvest Fonde KL,CPH,dk_market,EQUITY
BAIGOBUA.CO,BankInvest Glob Obl Bæredygtig,Investeringsforeningen BankInvest - Globale Obligationer Bæredygtig Udvikling Akk. KL,CPH,dk_market,EQUITY
NDIB2KL1.CO,Nordea Invest Basis 2 KL 1,Nordea Invest Basis 2,CPH,dk_market,EQUITY
DKIDKIEXOMXC20D.CO,"DI Danmark Indeks ex OMXC20, kl",Danske Invest - Danmark Indeks ex OMXC20,CPH,dk_market,EQUITY
MMIGLVAAKTAKK.CO,Multi Manager Inv Globale Value,Investeringsforeningen Multi Manager Invest - Globale Value Aktier Akk.,CPH,dk_market,EQUITY
DKINMOBL.CO,"Danske Inv Nye Mark Obl, kl DKK",Danske Invest - Nye Markeder Obligationer,CPH,dk_market,EQUITY
BLKGA.CO,BLS Invest Globale Aktier KL,BLS Invest Globale Aktier KL,CPH,dk_market,EQUITY
IIVGESGA.CO,Independent Generations ESG Akk,Independent Invest II - Independent Generations Fund,CPH,dk_market,EQUITY
SYVAAA.CO,Sydinvest Aggressiv Akk A,Sydinvest - Aggressiv Udb,CPH,dk_market,EQUITY
INIOEFKL.CO,,Investin - Othania Etisk Formuevækst KL,CPH,dk_market,EQUITY
BAIGAA.CO,BankInvest Globale Aktier Akk. ,Investeringsforeningen Bankinvest Globale Aktier Akk A Fund,CPH,dk_market,EQUITY
COIMRA.CO,Coop Opsparing Moderat,Investeringsforeningen Coop Opsparing - Moderat,CPH,dk_market,EQUITY
DKIMOB.CO,Danske Inv Mix Obligationer KL,Investeringsforeningen Danske Invest - Mix Obligationer KL,CPH,dk_market,EQUITY
SPVIMRKL.CO,Sparindex INDEX Mellem Risiko K,Sparinvest INDEX - Mellem Risiko KL,CPH,dk_market,EQUITY
COIMOD.CO,Coop Opsparing Modig,Investeringsforeningen Coop Opsparing - Moderat,CPH,dk_market,EQUITY
FPKFO.CO,Formuepleje Fokus KL,Formuepleje - Fokus KL,CPH,dk_market,EQUITY
DKIGIADKKH.CO,"Danske Inv Glob Indeks - Akk, k",Investeringsforeningen Danske Invest - Global Indeks - Akkumulerende KL,CPH,dk_market,EQUITY
NDIEUSTKL1.CO,Nordea Invest European Stars KL,Nordea Invest European Stars,CPH,dk_market,EQUITY
FPIGA.CO,Formuepleje Globale Aktier,Formuepleje Globale Aktier,CPH,dk_market,EQUITY
SPVIBGKL.CO,Sparindex INDEX Bæredygtige Gl,Sparindex INDEX Bæredygtige Global KL,CPH,dk_market,EQUITY
SPIEUVKL.CO,Sparindex INDEX Europa Value KL,Sparindex INDEX Europa Value KL,CPH,dk_market,EQUITY
PFIBAB.CO,PFA Invest Balance B,PFA Invest Balance B,CPH,dk_market,EQUITY
SPIVAKLA.CO,Sparinv Value Aktier KL A,Sparinvest Value Aktier KL,CPH,dk_market,EQUITY
DKIMOPA.CO,Danske Inv Mix Offensiv Plus Ak,Danske Invest Mix Offensiv Plus - Akkumulerende,CPH,dk_market,EQUITY
SSISDKKR.CO,Sparinv SICAV - Securus DKK R,Sparinvest SICAV - Securus,CPH,dk_market,EQUITY
GDIEUV.CO,Great Dane Europa Value,,CPH,dk_market,EQUITY
WEISA.CO,Wealth Invest Strategi Alternat,Wealth Invest Strategi Alternativer,CPH,dk_market,EQUITY
FPIOBL.CO,Formuepleje Obligationer,Formuepleje - Obligationer,CPH,dk_market,EQUITY
SYIVLVEADKK.CO,Sydinvest Verden Ligevæ&Value ,Investeringsforeningen SI Verden Ligevægt & Value Etik KL Fund,CPH,dk_market,EQUITY
LSIDAB.CO,Lån & Spar Invest Danske Aktie,Lån & Spar Invest - Danske Aktier Basis,CPH,dk_market,EQUITY
SPIMMRIA.CO,Sparinvest Mix Maksimum Risiko ,Si Mix Maksimum Risiko Fund,CPH,dk_market,EQUITY
SEISHP.CO,SEBinv AKL US ShMat SuHY (SKY H,SEBinvest - US HY Bonds Short Duration (SKY Harbor) AKL,CPH,dk_market,EQUITY
NDIEHYKL1.CO,Nordea Invest European HY Bonds,Nordea Invest - European High Yield Bonds,CPH,dk_market,EQUITY
LSIDBA.CO,Lån & Spar Invest DK Akt Basis,Lån & Spar Invest - Danske Aktier Basis,CPH,dk_market,EQUITY
BLKBSCKL.CO,Blue Strait Capital KL,Kapitalforeningen Blue Strait Capital - Blue Strait Capital KL,CPH,dk_market,EQUITY
NDIEUSCKL1.CO,Nordea Invest Europa Small Cap ,Nordea Invest Europa Small Cap,CPH,dk_market,EQUITY
WEISGO.CO,Wealth Invest Secure Globale Ob,Wealth Invest - Secure Globale Obligationer,CPH,dk_market,EQUITY
BLKDKAA.CO,BLS Invest Danske Aktier Akk.,Kapitalforeningen BLS Invest - Danske Aktier AKK.,CPH,dk_market,EQUITY
NYIKO.CO,Nykredit Invest Korte obligatio,Nykredit Invest Korte Obligationer,CPH,dk_market,EQUITY
BIV10.CO,BankInvest Optima 10 KL,Bankinvest - DKK100 Optima Fund,CPH,dk_market,EQUITY
GDIIND.CO,Great Dane INDEX+,,CPH,dk_market,EQUITY
ACKEHY.CO,Accunia Invest European High Yi,Kapitalforeningen Accunia Invest European High Yield Fund,CPH,dk_market,EQUITY
DKIEUSHYODKKDH.CO,DI Euro Sustainable HY Obl kl D,Investeringsforeningen Danske Invest - Euro High Yield-Obligationer KL,CPH,dk_market,EQUITY
JYINOB.CO,Jyske Invest Nye Obligationsmar,,CPH,dk_market,EQUITY
SYIMOADKKA.CO,Sydinvest Mellemlange Obl A DKK,Sydinvest Mellemlange Obligationer A DKK Akk,CPH,dk_market,EQUITY
SPIGFA.CO,Sparinvest Globale Fokusaktier ,Investeringsforeningen Sparinvest - Globale Fokusaktier Kl,CPH,dk_market,EQUITY
SPIMIXMINRISKKLA.CO,Sparinvest Mix Minimum Risiko K,Sparinvest Mix Minimum Risiko KL A,CPH,dk_market,EQUITY
SYIHYMADKK.CO,Sydinvest HøjrenteLande Mix A ,Sydinvest HøjrenteLande Mix KL,CPH,dk_market,EQUITY
DKIMOA.CO,"Danske Inv Mix Obl Akk, kl DKK ",Investeringsforeningen Danske Invest - Mix Obligationer - Akkumulerende KL,CPH,dk_market,EQUITY
WEIKCA.CO,Wealth Invest K Inv Globale Sma,,CPH,dk_market,EQUITY
IIVGLOESG.CO,Independent Global ESG,Independent Global,CPH,dk_market,EQUITY
IIKESGMIX.CO,Independent ESG Mix,World Wide Invest Independent Mix,CPH,dk_market,EQUITY
SEIBSP.CO,SEBinvest AKL Balance Stabil P,SEBinvest - Balance Stabil AKL,CPH,dk_market,EQUITY
PFIDKA.CO,PFA Invest Danske Aktier,PFA Invest Danske Aktier Fund,CPH,dk_market,EQUITY
NDISTABAKL1.CO,Nordea Invest Stabile Aktier KL,Nordea Invest Stabile Aktier,CPH,dk_market,EQUITY
ACACIGDKK.CO,Accunia Invest EUR CLO Invest G,Kapitalforeningen Accunia Invest European Investment Grade Credit Kl,CPH,dk_market,EQUITY
DKIGMI.CO,Danske Inv GloMellemlang IndObl,Danske Invest - Globale Mellemlange Indeksobligationer KL,CPH,dk_market,EQUITY
DKIKO.CO,Danske Inv Danske Korte Obl kl ,Danske Invest - Danske Korte Obligationer,CPH,dk_market,EQUITY
WEISTS.CO,Wealth Invest Strategi Stabil,Strategi Invest Stabil,CPH,dk_market,EQUITY
FPIPPM.CO,Formuepleje PensionsPlanner Mod,Absalon Invest PensionPlanner Moderat,CPH,dk_market,EQUITY
NDISTABKL1.CO,Nordea Invest Stabil Balanceret,Nordea Invest Stabil Balanceret,CPH,dk_market,EQUITY
SYIHYVADKK.CO,Sydinvest HøjrenteLande Valuta,Sydinvest HøjrenteLande Valuta KL,CPH,dk_market,EQUITY
NDILAOKL1.CO,Nordea Invest Lange Obligatione,Nordea Invest -  Lange obligationer Pension Fund,CPH,dk_market,EQUITY
BAIKHYOA.CO,BankInvest Korte HY Obligatione,Investeringsforeningen BI Korte Hy Obligationer Fund,CPH,dk_market,EQUITY
SSIEEURR.CO,Sparinv SICAV - Equitas EUR R,Sparinvest SICAV - Equitas,CPH,dk_market,EQUITY
DKIEUHUAKLDKK.CO,Danske Inv Europa Højt Udb Akk,Investeringsforeningen Danske Invest - Europa Højt Udbytte - Akkumulerende KL,CPH,dk_market,EQUITY
BAIGOBUAKKA.CO,BankInvest Glob Obl Bæredygt U,Investeringsforeningen Bankinvest Globale Obligationer Baeredygtig Udvikling Akk A Fund,CPH,dk_market,EQUITY
FPIPPB.CO,Formuepleje PensionsPlanner Bal,Formuepleje - PensionPlanner Balance,CPH,dk_market,EQUITY
SSISEURR.CO,Sparinv SICAV - Securus EUR R,Sparinvest SICAV - Securus,CPH,dk_market,EQUITY
SYVHESGUA.CO,Sydinvest Højrentelande ESG Ud,SYD Invest - DKK100 Hojrentelande Fund,CPH,dk_market,EQUITY
BIV30A.CO,BankInvest Optima 30 Akk. KL,Bankinvest - DKK100 Optima Fund,CPH,dk_market,EQUITY
SYIGEMAADKKA.CO,Sydinvest Globale EM-aktier A D,Sydinvest Globale EM-Aktier Akk KL,CPH,dk_market,EQUITY
BIV55.CO,BankInvest Optima 55 KL,Bankinvest - DKK100 Optima Fund,CPH,dk_market,EQUITY
FIIDKM.CO,Falcon Invest Falcon Danske Akt,Falcon Invest - Falcon Danske Aktier Momentum,CPH,dk_market,EQUITY
FPIBWG.CO,Formuepleje Better World Global,Investeringsforeningen Formuepleje - Better World Global Opportunities,CPH,dk_market,EQUITY
NYIDAA.CO,Nykredit Invest Danske Aktier A,Nykredit Invest Danske aktier Akk.,CPH,dk_market,EQUITY
BAIKDKOAKA.CO,BankInvest Korte Danske Obl Akk,BankInvest - Korte Danske Obligationer Akk. KL,CPH,dk_market,EQUITY
HAIEU.CO,Handelsinvest Europa,Handelsinvest Europa,CPH,dk_market,EQUITY
SPIVEUKLA.CO,Sparinv Value Europa KL A,Sparinvest Value Europa KL,CPH,dk_market,EQUITY
SYIHYLVADKK.CO,Sydinvest HøjrenteLande Lokal ,Sydinvest - HøjrenteLande Lokal Valuta KL,CPH,dk_market,EQUITY
SEIBDP.CO,SEBinvest AKL Balance Defensiv ,SEBinvest - Balance Defensiv AKL,CPH,dk_market,EQUITY
SSIEEURR.CO,Sparinv SICAV - Equitas EUR R,Sparinvest SICAV - Equitas,CPH,dk_market,EQUITY
DKIEUHUAKLDKK.CO,Danske Inv Europa Højt Udb Akk,Investeringsforeningen Danske Invest - Europa Højt Udbytte - Akkumulerende KL,CPH,dk_market,EQUITY
SSISEURR.CO,Sparinv SICAV - Securus EUR R,Sparinvest SICAV - Securus,CPH,dk_market,EQUITY
BAIKHYOA.CO,BankInvest Korte HY Obligatione,Investeringsforeningen BI Korte Hy Obligationer Fund,CPH,dk_market,EQUITY
NDIEMKL1.CO,Nordea Invest Emerging markets ,Nordea Invest Emerging Markets,CPH,dk_market,EQUITY
NDILAOKL1.CO,Nordea Invest Lange Obligatione,Nordea Invest -  Lange obligationer Pension Fund,CPH,dk_market,EQUITY
GDIGA.CO,Great Dane Globale Aktier,Halberg-Gundersen Invest - Globale Aktier,CPH,dk_market,EQUITY
SEINAII.CO,SEBinvest AKL Nordamerika Indek,SEBinvest Nordamerika Indeks,CPH,dk_market,EQUITY
SSILDBDKKR.CO,Sparinv SICAV - Long Danish Bon,Sparinvest SICAV - Long Danish Bonds,CPH,dk_market,EQUITY
SYITYSKADKK.CO,Sydinvest Tyskland A DKK,Sydinvest Tyskland KL,CPH,dk_market,EQUITY
MAJVASRI.CO,Maj Invest Value Aktier SRI+,Investeringsforeningen Maj Invest - Value Aktier Sri+ Kl,CPH,dk_market,EQUITY
SPIMMRKLA.CO,Sparinv Mix Mellem Risiko KL A,Sparinvest - Mix Mellem Risiko KL,CPH,dk_market,EQUITY
BAIGABUA.CO,BankInvest Glob Akt Bæredygtig,Investeringsforeningen Bankinvest Globale Aktier Baeredygtig Udvikling A,CPH,dk_market,EQUITY
STIGEP.CO,Storebrand Global ESG Plus A5,Storebrand Global ESG Plus,CPH,dk_market,EQUITY
MAJPEN.CO,Maj Invest Pension,Maj Invest Pension,CPH,dk_market,EQUITY
COIFOR.CO,Coop Opsparing Forsigtig,Investeringsforeningen Coop Opsparing - Moderat,CPH,dk_market,EQUITY
NDIESKL1.CO,Nordea Invest Emerging Stars KL,Nordea Invest - Emerging Stars Fund,CPH,dk_market,EQUITY
SPIMAKLA.CO,Sparinvest Mix Aktier KL A,Sparinvest Cumulus Value KL,CPH,dk_market,EQUITY
DKIGSFUT.CO,DI Global Sustainable Future-Ak,Danske Invest - Global Sustainable Future Akk,CPH,dk_market,EQUITY
MAJKON.CO,Maj Invest Kontra,Maj Invest Kontra,CPH,dk_market,EQUITY
SPIJAGKL.CO,Sparindex INDEX Japan Growth KL,Sparindex INDEX Japan Growth KL,CPH,dk_market,EQUITY
SPVIGAMRAKL.CO,Sparindex INDEX Glob Akt Min. R,Sparinvest - INDEX Globale Aktier Min. Risiko Akk. KL,CPH,dk_market,EQUITY
SSIGCBEURR.CO,Sparinvest SICAV Glob Conver Bo,Sparinvest  SICAV - Global Convertible Bonds Fund,CPH,dk_market,EQUITY
BOOZT-DKK.CO,Boozt AB,Boozt AB (publ),CPH,dk_market,EQUITY
SYIMSTARSULIKL.CO,Sydinv Morningstar Sust Leaders,Investeringsforeningen Sydinvest- Morningstar Global Markets Sustainability Leaders Kl,CPH,dk_market,EQUITY
SEIESCP.CO,SEBinvest AKL Europa Small Cap ,SEBinvest - Europa Small Cap AKL,CPH,dk_market,EQUITY
SRIGAU.CO,StockRate Invest Globale Aktier,StockRate Invest - Globale Aktier Udloddende,CPH,dk_market,EQUITY
MAJGS.CO,Maj Invest Global Sundhed,Maj Invest - Global Sundhed KL,CPH,dk_market,EQUITY
BSKSMCDKAKL.CO,BankInvest Select Small Cap DK ,Kapitalforeningen Bankinvest Select Small Cap Danske Aktier Kl,CPH,dk_market,EQUITY
SPIGLAMRIKL.CO,Sparindex INDEX Globale Akt Min,Sparindex INDEX Globale Aktier Min. Risiko KL,CPH,dk_market,EQUITY
SPIUSVKL.CO,Sparindex INDEX USA Value KL,Sparindex INDEX USA Value KL,CPH,dk_market,EQUITY
MMINAA.CO,Multi Manager Invest Nye Aktiem,Multi Manager Invest - Nye Aktiemarkeder Akk.,CPH,dk_market,EQUITY
SDKGBA.CO,SDG Invest Globale Bæredygtige,Kapitalforeningen SDG Invest,CPH,dk_market,EQUITY
SPIEUGKL.CO,Sparindex INDEX Europa Growth K,Sparindex INDEX Europa Growth KL,CPH,dk_market,EQUITY
SPIEMIKL.CO,Sparindex INDEX Emerging Market,Sparindex INDEX Emerging Markets KL,CPH,dk_market,EQUITY
DKIDKIX.CO,Danske Inv Danmark Indeks kl DK,Danske Invest - Danmark Indeks,CPH,dk_market,EQUITY
NYIDA.CO,Nykredit Invest Danske Aktier,Nykredit Invest Danske Aktier,CPH,dk_market,EQUITY
DKIENEICBR.CO,Danske Inv EurInvGradCorBondsRe,Danske Invest - Euro Investment Grade Corporate Bonds Restricted KL,CPH,dk_market,EQUITY
NYIEVO.CO,Nykredit Invest Eur. Virksomhed,Nykredit Invest - Europæiske Virksomhedsobligationer SRI,CPH,dk_market,EQUITY
INIDOA.CO,Investin HP Invest Danske Obl A,HP Invest Danske Obligationer Akk. - KL,CPH,dk_market,EQUITY
SSIGLIGEURR.CO,Sparinvest SICAV Global Inv Gra,Sparinvest SICAV - Investment Grade Value Bonds,CPH,dk_market,EQUITY
SKITEL.CO,SKAGEN Tellus A,SKAGEN - Tellus,CPH,dk_market,EQUITY
HAINOR.CO,Handelsinvest Norden,Handelsinvest - Norden,CPH,dk_market,EQUITY
SYIVOHYADKK.CO,Sydinvest Virksomhedsobl HY A D,Sydinvest Virksomhedsobligationer HY KL,CPH,dk_market,EQUITY
SEIEHUP.CO,SEBinvest AKL Europa Højt Udby,SEBinvest - Europa Højt Udbytte AKL,CPH,dk_market,EQUITY
SSIGVEURR.CO,Sparinv SICAV - Global Value EU,Sparinvest SICAV - Global Value,CPH,dk_market,EQUITY
DKIGLOVO.CO,"Danske Inv Globale Virk obl, kl",Danske Invest - Globale Virksomhedsobligationer,CPH,dk_market,EQUITY
LSIGAB.CO,Lån & Spar Invest Globale Akti,Lån & Spar Invest - Globale Aktier Basis Fund,CPH,dk_market,EQUITY
BAIEMOLVA.CO,BankInvest EM Obl Lokalvaluta A,BankInvest - Emerging Markets Obligationer Lokalvaluta,CPH,dk_market,EQUITY
SPIVHYKORTKLA.CO,Sparinv Virksomhedsobligationer,Sparinvest Value Virksomhedsobligationer - Global Højrente Kort Løbetid Udb. KL,CPH,dk_market,EQUITY
SYIVOIGEADKK.CO,Sydinvest Virksomhedsobl IG Eti,Sydinvest Virksomhedsobligationer IG A DKK,CPH,dk_market,EQUITY
FPIEVO.CO,Formuepleje EM Virksomhedsoblig,Formuepleje - EM Virksomhedsobligationer,CPH,dk_market,EQUITY
FPIPPV.CO,Formuepleje PensionPlanner Væk,Formuepleje - PensionPlanner Vækst,CPH,dk_market,EQUITY
WEISTA.CO,Wealth Invest Strategi Aktier,Strategi Invest Aktier,CPH,dk_market,EQUITY
DKIGOM.CO,Danske Inv Globale Obligationsm,Investeringsforeningen Danske Invest - Globale Obligationsmarkeder KL,CPH,dk_market,EQUITY
HAIO80AKK.CO,Handelsinvest Offensiv 80 Akk (,Investeringsforeningen Handelsinvest Offensiv 80 Akkumulerende (AK) Fund,CPH,dk_market,EQUITY
SKIKON.CO,SKAGEN Kon-Tiki A,SKAGEN - Kon-Tiki,CPH,dk_market,EQUITY
INISWO.CO,Investin Sustainable World,Investeringsforeningen Investin - Sustainable World,CPH,dk_market,EQUITY
HAIHRTL.CO,Handelsinvest Højrentelande,Handelsinvest Højrentelande,CPH,dk_market,EQUITY
MMIGLVAAKT.CO,Multi Manager Inv Globale Value,MMI Globale Value Aktier,CPH,dk_market,EQUITY
WEILPGVF.CO,Wealth Invest Linde&Partners Gl,,CPH,dk_market,EQUITY
PFIBAK.CO,PFA Invest Balance Akkumulerend,PFA Invest - Balance Akkumulerende,CPH,dk_market,EQUITY
VAIGAKA.CO,ValueInvest Global Akk A,ValueInvest Global Akk KL,CPH,dk_market,EQUITY
LSIOBL.CO,Lån & Spar Invest Obligationer,Lån & Spar Invest Obligationer,CPH,dk_market,EQUITY
SYVVAA.CO,Sydinvest Vækstorienteret Akk ,Sydinvest - Vækstorienteret Udb,CPH,dk_market,EQUITY
MMINOA.CO,Multi Manager Invest Nye obl.ma,Multi Manager Invest - Nye obligationsmarkeder Akk.,CPH,dk_market,EQUITY
SYIVLVIKL.CO,Sydinv Verden Lav Volatilitet I,Investeringsforeningen Sydinvest Verden Lav Volatilitet Indeks Kl Fund,CPH,dk_market,EQUITY
ACAECO.CO,Accunia Invest EUR CLO Opportun,Kapitalforeningen Accunia Invest European High Yield Credit Fund,CPH,dk_market,EQUITY
FIIFBF.CO,Falcon Invest Falcon Brighter F,Investeringsforeningen Falcon Invest Falcon Brighter Future Fund,CPH,dk_market,EQUITY
NDIBOKL1.CO,Nordea Invest Bæredygtige Obl ,Investeringsforeningen Nordea Invest Bæredygtige Obligationer Kl,CPH,dk_market,EQUITY
BAIEMOBA.CO,BankInvest EM Obligationer A,BankInvest - Emerging Markets Obligationer,CPH,dk_market,EQUITY
PMIPCBAKLNEUR.CO,PortfolioManager PP Cap Basis k,Investeringsforeningen PortfolioManager PP Capital - BASIS KL,CPH,dk_market,EQUITY
NYKDFA.CO,Nykredit Invest Danske Fokusakt,Nykredit Invest - Danske Fokusaktier,CPH,dk_market,EQUITY
DKINMSC.CO,"Danske Inv Nye Mark Small Cap, ",Danske Invest - Nye Markeder Small Cap,CPH,dk_market,EQUITY
WEKSTPLSI.CO,Wealth Invest AKL St. Petri L/S,Kapitalforeningen Wealth Invest AKL St. Petri L/S - Investeringsforeningsbevis,CPH,dk_market,EQUITY
MSIVAK.CO,MS Invest Value Aktier,MS Invest Value Aktier,CPH,dk_market,EQUITY
DKIEU2KL.CO,Danske Invest Europa 2 KL,Danske Invest - Europa 2 KL,CPH,dk_market,EQUITY
BAIDKAIBA.CO,BankInvest DK Akt Indeks Bæred,Investeringsforeningen Bankinvest - Danske Aktier Indeks Bæredygtig Kl,CPH,dk_market,EQUITY
SYIEULVADKK.CO,Sydinvest Europa Ligevægt & Va,Sydinvest Europa Ligevægt & Value KL,CPH,dk_market,EQUITY
BIV55A.CO,BankInvest Optima 55 Akk. KL,BankInvest Optima 55 Akk. KL,CPH,dk_market,EQUITY
SEINAKP.CO,SEBinvest AKL Nordiske Aktier P,SEBinvest - Nordiske Aktier AKL,CPH,dk_market,EQUITY
CWIGAEKLUDL.CO,C WorldWide Globale Aktier Etik,,CPH,dk_market,EQUITY
SYIVLVADKK.CO,Sydinvest Verden Ligevægt & Va,Sydinvest Verden Ligevægt & Value KL,CPH,dk_market,EQUITY
NDIHOJLKL1.CO,Nordea Invest HøjrenteLande KL,Nordea Invest HøjrenteLande Fund,CPH,dk_market,EQUITY
BAIDKAIBAKKA.CO,BankInvest DK Akt Indeks Bæred,Investeringsforeningen Bankinvest - Danske Aktier Indeks Bæredygtig Akk A,CPH,dk_market,EQUITY
BAILDOBA.CO,BankInvest Lange Danske Obligat,BankInvest Lange Danske Obligationer,CPH,dk_market,EQUITY
BIVORA.CO,BankInvest Optima Rente A,Bankinvest - Optima Rente KL,CPH,dk_market,EQUITY
CWIGAAKKKLA.CO,C WorldWide Globale Aktier - AK,,CPH,dk_market,EQUITY
FPIPPS.CO,Formuepleje PensionPlanner Stab,Formuepleje - PensionPlanner Stabil,CPH,dk_market,EQUITY
DKIDKF.CO,Danske Inv Danmark Fokus kl DKK,Investeringsforeningen Danske Invest - Danmark Fokus KL,CPH,dk_market,EQUITY
FPIBWEL.CO,Formuepleje Better World Enviro,Investeringsforeningen Formuepleje - Better World,CPH,dk_market,EQUITY
CWIGAEKLUDL.CO,C WorldWide Globale Aktier Etik,,CPH,dk_market,EQUITY
SEINAKP.CO,SEBinvest AKL Nordiske Aktier P,SEBinvest - Nordiske Aktier AKL,CPH,dk_market,EQUITY
BIV55A.CO,BankInvest Optima 55 Akk. KL,BankInvest Optima 55 Akk. KL,CPH,dk_market,EQUITY
MAJHIO.CO,Maj Invest High Income Obligati,Maj Invest - High Income Obligationer,CPH,dk_market,EQUITY
DKIDIO.CO,Danske Inv Danske Indeksobl KL,Investeringsforeningen Danske Invest - Danske Indeksobligationer KL,CPH,dk_market,EQUITY
SIIEQT.CO,Selected Investments Equities,Investeringsforeningen Selected Investments - Afdeling Equities,CPH,dk_market,EQUITY
SYIVLVADKK.CO,Sydinvest Verden Ligevægt & Va,Sydinvest Verden Ligevægt & Value KL,CPH,dk_market,EQUITY
DKIUSAIKLDKKD.CO,"Danske Invest USA Indeks, klass",Investeringsforeningen Danske Invest - USA KL,CPH,dk_market,EQUITY
JYIALVKL.CO,Jyske Invest Aktier Lav Volatil,Jyske Invest Aktier Lav Volatilitet KL,CPH,dk_market,EQUITY
HAIFJ.CO,Handelsinvest Fjernøsten,Handelsinvest - Fjernøsten AK,CPH,dk_market,EQUITY
WEITISOP.CO,Wealth Invest AKL TimeInv Sust ,Investeringsforeningen Wealth Invest - Timeinvest Sustainable Opportunities AKL,CPH,dk_market,EQUITY
NDIAKTIIKL1.CO,Nordea Invest Aktier II KL 1,Nordea Invest Aktier II,CPH,dk_market,EQUITY
SPIKOOKLA.CO,Sparinv Korte Obligationer KL A,Sydinvest Korte Obligationer KL,CPH,dk_market,EQUITY
BIV10A.CO,BankInvest Optima 10 Akk. KL,BankInvest Optima 10 Akk. KL,CPH,dk_market,EQUITY
SYIBRIKADKKAKK.CO,Sydinvest BRIK A DKK Akk,Sydinvest BRIK Akkumulerende KL,CPH,dk_market,EQUITY
JYIFJEKL.CO,Jyske Invest Fjernøsten Aktier,Jyske Invest - Fjernøsten Aktier KL,CPH,dk_market,EQUITY
INIOL2040-50.CO,Investin Optimal Livscyklus 204,Investin Optimal Livscyklus 2040-50 Fund,CPH,dk_market,EQUITY
NDIGAIKL1.CO,Nordea Inv. Globale Aktier Inde,Nordea Invest - Nordea Invest Globale Aktier Indeks Fund,CPH,dk_market,EQUITY
BAIGAI.CO,BankInvest Globale Aktier Indek,Investeringsforeningen Bankinvest - Globale Aktier Indeks Kl,CPH,dk_market,EQUITY
MAJVAA.CO,Maj Invest Value Aktier Akkumul,Maj Invest Value Aktier,CPH,dk_market,EQUITY
NDINASTKL1.CO,Nordea Invest North American St,Nordea Invest North American Stars,CPH,dk_market,EQUITY
SPVBUSAKL.CO,Sparindex INDEX Bæredygtige US,Sparinvest - Index Sektor Energi Kl,CPH,dk_market,EQUITY
NBIMO.CO,Nykredit Invest Balance Moderat,Nykredit Invest Balance Moderat,CPH,dk_market,EQUITY
DKIEUIXBNP.CO,"Danske Inv Europa Indeks BNP, k",Danske Invest - Europa Indeks BNP,CPH,dk_market,EQUITY
NDIGSTKL1.CO,Nordea Invest Global Stars KL 1,Nordea Invest Global Stars,CPH,dk_market,EQUITY
NYIGLA.CO,Nykredit Invest Globale Fokusak,Nykredit Invest - Globale Fokusaktier,CPH,dk_market,EQUITY
SYIFJERADKKA.CO,Sydinvest Fjernøsten A DKK Akk,Sydinvest Fjernøsten Akkumulerende KL,CPH,dk_market,EQUITY
SYVBAA.CO,Sydinvest Balanceret Akk A,Sydinvest - Balanceret Udb,CPH,dk_market,EQUITY
JYIINAKL.CO,Jyske Invest Indiske Aktier KL,Jyske Invest Indiske Aktier KL,CPH,dk_market,EQUITY
SPIDJWKL.CO,Sparindex INDEX DJSI World KL,Sparindex INDEX Dow Jones Sustainability World KL,CPH,dk_market,EQUITY
NDINSCKL1.CO,Nordea Invest Nordic Small Cap ,Nordea Invest Nordic Small Cap,CPH,dk_market,EQUITY
BAIDKAA.CO,BankInvest Danske Aktier A,BankInvest - Danske Aktier KL,CPH,dk_market,EQUITY
