symbol,shortName,longName,exchange,market,quoteType
ADI.BA,ANALOG DEVICES INC,"Analog Devices, Inc.",BUE,ar_market,EQUITY
ADP.BA,AUTO DATA PROCESS,"Automatic Data Processing, Inc.",BUE,ar_market,EQUITY
MDT.BA,MEDTRONIC PLC,Medtronic plc,BUE,ar_market,EQUITY
COST.BA,COSTCO WHOLESALE,Costco Wholesale Corporation,BUE,ar_market,EQUITY
TSM.BA,TAIWAN SEMICON MAN,Taiwan Semiconductor Manufacturing Company Limited,BUE,ar_market,EQUITY
BABA.BA,ALIBABA GROUP HLDG,Alibaba Group Holding Limited,BUE,ar_market,EQUITY
TM.BA,TOYOTA MOTOR CORP,Toyota Motor Corporation,BUE,ar_market,EQUITY
AZN.BA,ASTRAZENECA,AstraZeneca PLC,BUE,ar_market,EQUITY
AAPL.BA,APPLE INC,Apple Inc.,BUE,ar_market,EQUITY
MSI.BA,MOTOROLA SOLUTIONS,"Motorola Solutions, Inc.",BUE,ar_market,EQUITY
C.BA,CITIGROUP INC,Citigroup Inc.,BUE,ar_market,EQUITY
IP.BA,INTL PAPER CO,International Paper Company,BUE,ar_market,EQUITY
USB.BA,US BANCORP,U.S. Bancorp,BUE,ar_market,EQUITY
MSFT.BA,MICROSOFT CORP,Microsoft Corporation,BUE,ar_market,EQUITY
DE.BA,DEERE & CO,Deere & Company,BUE,ar_market,EQUITY
JPM.BA,JPMORGAN CHASE &CO,JPMorgan Chase & Co.,BUE,ar_market,EQUITY
FB.BA,META PLATFORMS INC,"Meta Platforms, Inc.",BUE,ar_market,EQUITY
GOOGL.BA,ALPHABET INC,Alphabet Inc.,BUE,ar_market,EQUITY
AMZN.BA,AMAZON COM INC,"Amazon.com, Inc.",BUE,ar_market,EQUITY
ORAN.BA,ORANGE,Orange S.A.,BUE,ar_market,EQUITY
AMGN.BA,AMGEN INC,Amgen Inc.,BUE,ar_market,EQUITY
NUE.BA,NUCOR CORP,Nucor Corporation,BUE,ar_market,EQUITY
PCAR.BA,PACCAR INC,PACCAR Inc,BUE,ar_market,EQUITY
CL.BA,COLGATE-PALMOLIVE,Colgate-Palmolive Company,BUE,ar_market,EQUITY
DISN.BA,WALT DISNEY CO.,The Walt Disney Company,BUE,ar_market,EQUITY
TSLA.BA,TESLA INC,"Tesla, Inc.",BUE,ar_market,EQUITY
V.BA,VISA INC,Visa Inc.,BUE,ar_market,EQUITY
MO.BA,ALTRIA GROUP INC,"Altria Group, Inc.",BUE,ar_market,EQUITY
JNJ.BA,JOHNSON & JOHNSON,Johnson & Johnson,BUE,ar_market,EQUITY
VOD.BA,VODAFONE GROUP,Vodafone Group Public Limited Company,BUE,ar_market,EQUITY
SNP.BA,CHINA PETROLEUM &,China Petroleum & Chemical Corporation,BUE,ar_market,EQUITY
PHG.BA,KONINKLIJKE PHILIP,Koninklijke Philips N.V.,BUE,ar_market,EQUITY
E.BA,ENI SPA,Eni S.p.A.,BUE,ar_market,EQUITY
NVDA.BA,NVIDIA CORP,NVIDIA Corporation,BUE,ar_market,EQUITY
BCS.BA,BARCLAYS PLC,Barclays PLC,BUE,ar_market,EQUITY
FDX.BA,FEDEX CORP,FedEx Corporation,BUE,ar_market,EQUITY
FSLR.BA,FIRST SOLAR INC,"First Solar, Inc.",BUE,ar_market,EQUITY
HD.BA,HOME DEPOT INC,"The Home Depot, Inc.",BUE,ar_market,EQUITY
PG.BA,PROCTER & GAMBLE,The Procter & Gamble Company,BUE,ar_market,EQUITY
WMT.BA,WALMART INC,Walmart Inc.,BUE,ar_market,EQUITY
RDS.BA,ROYAL DUTCH SHELL,Royal Dutch Shell plc,BUE,ar_market,EQUITY
PFE.BA,PFIZER INC,Pfizer Inc.,BUE,ar_market,EQUITY
XOM.BA,EXXON MOBIL CORP,Exxon Mobil Corporation,BUE,ar_market,EQUITY
SONY.BA,SONY GROUP CORPORA,Sony Group Corporation,BUE,ar_market,EQUITY
AMD.BA,ADVANCED MICRO DEV,"Advanced Micro Devices, Inc.",BUE,ar_market,EQUITY
HSBC.BA,HSBC HOLDINGS PLC,HSBC Holdings plc,BUE,ar_market,EQUITY
KO.BA,COCA-COLA CO,The Coca-Cola Company,BUE,ar_market,EQUITY
CSCO.BA,CISCO SYSTEMS,"Cisco Systems, Inc.",BUE,ar_market,EQUITY
NKE.BA,NIKE INC,"NIKE, Inc.",BUE,ar_market,EQUITY
ABEV.BA,AMBEV SA,Ambev S.A.,BUE,ar_market,EQUITY
LLY.BA,ELI LILLY AND CO,Eli Lilly and Company,BUE,ar_market,EQUITY
ADBE.BA,ADOBE INC,Adobe Inc.,BUE,ar_market,EQUITY
CVX.BA,CHEVRON CORP,Chevron Corporation,BUE,ar_market,EQUITY
LVS.BA,LAS VEGAS SANDS CO,Las Vegas Sands Corp.,BUE,ar_market,EQUITY
PEP.BA,PEPSICO INC,"PepsiCo, Inc.",BUE,ar_market,EQUITY
ABT.BA,ABBOTT LABS,Abbott Laboratories,BUE,ar_market,EQUITY
NFLX.BA,NETFLIX INC,"Netflix, Inc.",BUE,ar_market,EQUITY
ORCL.BA,ORACLE CORP,Oracle Corporation,BUE,ar_market,EQUITY
TMO.BA,THERMO FISHER SCIE,Thermo Fisher Scientific Inc.,BUE,ar_market,EQUITY
VZ.BA,VERIZON COMMUN,Verizon Communications Inc.,BUE,ar_market,EQUITY
CRM.BA,SALESFORCE.COM INC,"salesforce.com, inc.",BUE,ar_market,EQUITY
GSK.BA,GLAXOSMITHKLINE,GlaxoSmithKline plc,BUE,ar_market,EQUITY
PYPL.BA,PAYPAL HOLDINGS IN,"PayPal Holdings, Inc.",BUE,ar_market,EQUITY
WFC.BA,WELLS FARGO & CO,Wells Fargo & Company,BUE,ar_market,EQUITY
INTC.BA,INTEL CORP,Intel Corporation,BUE,ar_market,EQUITY
JD.BA,JD.COM INC,"JD.com, Inc.",BUE,ar_market,EQUITY
MRK.BA,MERCK & CO INC,"Merck & Co., Inc.",BUE,ar_market,EQUITY
MCD.BA,MCDONALD'S CORP,McDonald's Corporation,BUE,ar_market,EQUITY
QCOM.BA,QUALCOMM INC,QUALCOMM Incorporated,BUE,ar_market,EQUITY
NVS.BA,NOVARTIS AG,Novartis AG,BUE,ar_market,EQUITY
T.BA,AT&T INC,AT&T Inc.,BUE,ar_market,EQUITY
TTE.BA,TOTALENERGIES SE,TotalEnergies SE,BUE,ar_market,EQUITY
PTR.BA,PETROCHINA CO,PetroChina Company Limited,BUE,ar_market,EQUITY
TXN.BA,TEXAS INSTRUMENTS,Texas Instruments Incorporated,BUE,ar_market,EQUITY
BHP.BA,BHP GROUP LTD,BHP Group,BUE,ar_market,EQUITY
SAP.BA,SAP SE,SAP SE,BUE,ar_market,EQUITY
IBN.BA,ICICI BANK,ICICI Bank Limited,BUE,ar_market,EQUITY
HON.BA,HONEYWELL INTL INC,Honeywell International Inc.,BUE,ar_market,EQUITY
BMY.BA,BRISTOL-MYRS SQUIB,Bristol-Myers Squibb Company,BUE,ar_market,EQUITY
SNAP.BA,SNAP INC,Snap Inc.,BUE,ar_market,EQUITY
AXP.BA,AMER EXPRESS CO,American Express Company,BUE,ar_market,EQUITY
AMX.BA,AMERICA MOVIL SAB,"América Móvil, S.A.B. de C.V.",BUE,ar_market,EQUITY
AMAT.BA,APPLIED MATERIALS,"Applied Materials, Inc.",BUE,ar_market,EQUITY
GS.BA,GOLDMAN SACHS GRP,"The Goldman Sachs Group, Inc.",BUE,ar_market,EQUITY
BA.BA,BOEING CO,The Boeing Company,BUE,ar_market,EQUITY
SBUX.BA,STARBUCKS CORP,Starbucks Corporation,BUE,ar_market,EQUITY
DEO.BA,DIAGEO,Diageo plc,BUE,ar_market,EQUITY
CAT.BA,CATERPILLAR INC,Caterpillar Inc.,BUE,ar_market,EQUITY
IBM.BA,INTL BUSINESS MCHN,International Business Machines Corporation,BUE,ar_market,EQUITY
RIO.BA,RIO TINTO,Rio Tinto Group,BUE,ar_market,EQUITY
GE.BA,GEN ELEC CO,General Electric Company,BUE,ar_market,EQUITY
BP.BA,BP,BP p.l.c.,BUE,ar_market,EQUITY
TGT.BA,TARGET CORP,Target Corporation,BUE,ar_market,EQUITY
MMM.BA,3M COMPANY,3M Company,BUE,ar_market,EQUITY
NGG.BA,NATIONAL GRID,National Grid plc,BUE,ar_market,EQUITY
HMC.BA,HONDA MOTOR CO,"Honda Motor Co., Ltd.",BUE,ar_market,EQUITY
AIG.BA,AMER INTL GRP,"American International Group, Inc.",BUE,ar_market,EQUITY
INFY.BA,INFOSYS LTD,Infosys Limited,BUE,ar_market,EQUITY
LMT.BA,LOCKHEED MARTIN CO,Lockheed Martin Corporation,BUE,ar_market,EQUITY
ACH.BA,ALUMINUM CORP CHN.,Aluminum Corporation of China Limited,BUE,ar_market,EQUITY
SID.BA,CIA SIDERURGICA NC,Companhia Siderúrgica Nacional,BUE,ar_market,EQUITY
GILD.BA,GILEAD SCIENCES,"Gilead Sciences, Inc.",BUE,ar_market,EQUITY
BBV.BA,BBVA(BILB-VIZ-ARG),"Banco Bilbao Vizcaya Argentaria, S.A.",BUE,ar_market,EQUITY
BIDU.BA,BAIDU INC,"Baidu, Inc.",BUE,ar_market,EQUITY
ITUB.BA,ITAU UNIBANCO HOLD,Itaú Unibanco Holding S.A.,BUE,ar_market,EQUITY
VALE.BA,VALE S.A.,Vale S.A.,BUE,ar_market,EQUITY
EBR.BA,CENTRAIS ELET BRAS,Centrais Elétricas Brasileiras S.A. - Eletrobrás,BUE,ar_market,EQUITY
BBD.BA,BCO BRADESCO SA,Banco Bradesco S.A.,BUE,ar_market,EQUITY
GGB.BA,GERDAU SA,Gerdau S.A.,BUE,ar_market,EQUITY
FCX.BA,FREEPORT-MCMORAN,Freeport-McMoRan Inc.,BUE,ar_market,EQUITY
FMX.BA,FOMENTO ECON MEXIC,"Fomento Económico Mexicano, S.A.B. de C.V.",BUE,ar_market,EQUITY
WBK.BA,WESTPAC BKG CORP,Westpac Banking Corporation,BUE,ar_market,EQUITY
MELI.BA,MERCADOLIBRE INC,"MercadoLibre, Inc.",BUE,ar_market,EQUITY
HOG.BA,HARLEY DAVIDSON,"Harley-Davidson, Inc.",BUE,ar_market,EQUITY
BK.BA,BK OF NY MELLON CP,The Bank of New York Mellon Corporation,BUE,ar_market,EQUITY
SCCO.BA,SOUTHERN COPPER CO,Southern Copper Corporation,BUE,ar_market,EQUITY
CS.BA,CREDIT SUISSE GP,Credit Suisse Group AG,BUE,ar_market,EQUITY
KMB.BA,KIMBERLY-CLARK CP,Kimberly-Clark Corporation,BUE,ar_market,EQUITY
SLB.BA,SCHLUMBERGER,Schlumberger Limited,BUE,ar_market,EQUITY
LYG.BA,LLOYDS BANKING GP,Lloyds Banking Group plc,BUE,ar_market,EQUITY
NEM.BA,NEWMONT CORPORATIO,Newmont Corporation,BUE,ar_market,EQUITY
EBAY.BA,EBAY INC,eBay Inc.,BUE,ar_market,EQUITY
HPQ.BA,HP INC,HP Inc.,BUE,ar_market,EQUITY
ROST.BA,ROSS STORES INC,"Ross Stores, Inc.",BUE,ar_market,EQUITY
ERIC.BA,ERICSSON,Telefonaktiebolaget LM Ericsson (publ),BUE,ar_market,EQUITY
BIIB.BA,BIOGEN INC,Biogen Inc.,BUE,ar_market,EQUITY
GLW.BA,CORNING INC,Corning Incorporated,BUE,ar_market,EQUITY
MFG.BA,MIZUHO FINL GP,"Mizuho Financial Group, Inc.",BUE,ar_market,EQUITY
TWTR.BA,TWITTER INC,"Twitter, Inc.",BUE,ar_market,EQUITY
BNG.BA,BUNGE LIMITED,Bunge Limited,BUE,ar_market,EQUITY
VIV.BA,TELEFONICA BRASIL,Telefônica Brasil S.A.,BUE,ar_market,EQUITY
VRSN.BA,VERISIGN,"VeriSign, Inc.",BUE,ar_market,EQUITY
ERJ.BA,EMBRAER SA,Embraer S.A.,BUE,ar_market,EQUITY
CAR.BA,AVIS BUDGET GROUP,"Avis Budget Group, Inc.",BUE,ar_market,EQUITY
BSBR.BA,BANCO SANTANDER(BR,Banco Santander (Brasil) S.A.,BUE,ar_market,EQUITY
BRFS.BA,BRF SA,BRF S.A.,BUE,ar_market,EQUITY
AEG.BA,AEGON NV,Aegon N.V.,BUE,ar_market,EQUITY
TXR.BA,TERNIUM SA,Ternium S.A.,BUE,ar_market,EQUITY
SBS.BA,SABESP CIA SANEAME,Companhia de Saneamento Básico do Estado de São Paulo - SABESP,BUE,ar_market,EQUITY
AVY.BA,AVERY DENNISON CP,Avery Dennison Corporation,BUE,ar_market,EQUITY
PBI.BA,PITNEY BOWES INC,Pitney Bowes Inc.,BUE,ar_market,EQUITY
GFI.BA,GOLD FIELDS LTD,Gold Fields Limited,BUE,ar_market,EQUITY
GOLD.BA,BARRICK GOLD CORP,Barrick Gold Corporation,BUE,ar_market,EQUITY
CAH.BA,CARDINAL HEALTH,"Cardinal Health, Inc.",BUE,ar_market,EQUITY
KGC.BA,KINROSS GOLD CORP,Kinross Gold Corporation,BUE,ar_market,EQUITY
MBT.BA,MOBILE TELESYSTEMS,Mobile TeleSystems Public Joint Stock Company,BUE,ar_market,EQUITY
AEM.BA,AGNICO EAGLE MINES,Agnico Eagle Mines Limited,BUE,ar_market,EQUITY
XROX.BA,XEROX HLDGS CORP,Xerox Holdings Corporation,BUE,ar_market,EQUITY
AUY.BA,YAMANA GOLD INC,Yamana Gold Inc.,BUE,ar_market,EQUITY
X.BA,UNITED STATES STEE,United States Steel Corporation,BUE,ar_market,EQUITY
GLNT.BA,GLOBANT SA,Globant S.A.,BUE,ar_market,EQUITY
DD.BA,DUPONT DE NEMOURS,E. I. du Pont de Nemours and Company,BUE,ar_market,EQUITY
TXAR.BA,TERNIUM ARGENTINA,Ternium Argentina S.A.,BUE,ar_market,EQUITY
UGP.BA,ULTRAPAR PARTICIPA,Ultrapar Participações S.A.,BUE,ar_market,EQUITY
ARCO.BA,ARCOS DORADOS HOLD,Arcos Dorados Holdings Inc.,BUE,ar_market,EQUITY
HMY.BA,HARMONY GOLD MNG,Harmony Gold Mining Company Limited,BUE,ar_market,EQUITY
TECO2.BA,TELEC ARGENTINA SA,Telecom Argentina S.A.,BUE,ar_market,EQUITY
TRIP.BA,TRIPADVISOR INC,"TripAdvisor, Inc.",BUE,ar_market,EQUITY
ANF.BA,ABERCROMBIE & FITC,Abercrombie & Fitch Co.,BUE,ar_market,EQUITY
ADGO.BA,ADECOAGRO S A,Adecoagro S.A.,BUE,ar_market,EQUITY
YPFD.BA,YPF SA,YPF Sociedad Anónima,BUE,ar_market,EQUITY
GGAL.BA,GPO FIN GALICIA,Grupo Financiero Galicia S.A.,BUE,ar_market,EQUITY
CDE.BA,COEUR MINING INC,"Coeur Mining, Inc.",BUE,ar_market,EQUITY
ALUA.BA,ALUAR ALUMINIO ARG,Aluar Aluminio Argentino S.A.I.C.,BUE,ar_market,EQUITY
PAMP.BA,PAMPA ENERGIA S.A.,Pampa Energía S.A.,BUE,ar_market,EQUITY
CBRD.BA,CIA BRAS DE DISTRI,Companhia Brasileira de Distribuição,BUE,ar_market,EQUITY
CELU.BA,CELULOSA ARGENTINA,Celulosa Argentina S.A.,BUE,ar_market,EQUITY
BMA.BA,BANCO MACRO S.A.,Banco Macro S.A.,BUE,ar_market,EQUITY
LOMA.BA,LOMA NEGRA CIA IND,Loma Negra Compañía Industrial Argentina Sociedad Anónima,BUE,ar_market,EQUITY
DESP.BA,DESPEGAR COM CORP,"Despegar.com, Corp.",BUE,ar_market,EQUITY
BRIO.BA,BANC SANTANDER RIO,Banco Santander Río S.A.,BUE,ar_market,EQUITY
TGSU2.BA,TRANSPORT GAS SUR,Transportadora de Gas del Sur S.A.,BUE,ar_market,EQUITY
BRIO6.BA,BANC SANTANDER RIO,Banco Santander Río S.A.,BUE,ar_market,EQUITY
BBAR.BA,BANCO BBVA ARGENTI,Banco BBVA Argentina S.A.,BUE,ar_market,EQUITY
SAMI.BA,SAN MIGUEL SA,S.A. San Miguel A.G.I.C.I. y F.,BUE,ar_market,EQUITY
CVH.BA,CABLEVISION HLDG S,Cablevisión Holding S.A.,BUE,ar_market,EQUITY
CEPU.BA,CENTRAL PUERTO SA,Central Puerto S.A.,BUE,ar_market,EQUITY
CTIO.BA,CONSULTATIO SA,Consultatio S.A.,BUE,ar_market,EQUITY
FERR.BA,FERRUM SA CERAMICA,Ferrum Sociedad Anonima de Ceramica y Metalurgia,BUE,ar_market,EQUITY
BYMA.BA,BOLSAS Y MERC.ARG,Bolsas y Mercados Argentinos S.A.,BUE,ar_market,EQUITY
IRCP.BA,IRSA PROPIEDADES C,IRSA Propiedades Comerciales S.A.,BUE,ar_market,EQUITY
HARG.BA,HOLCIM (ARGENTINA),Holcim (Argentina) S.A.,BUE,ar_market,EQUITY
MIRG.BA,MIRGOR SA,"Mirgor Sociedad Anónima, Comercial, Industrial, Financiera, Inmobiliaria y Agropecuaria",BUE,ar_market,EQUITY
BPAT.BA,BANCO PATAGONIA SA,Banco Patagonia S.A.,BUE,ar_market,EQUITY
CRES.BA,CRESUD SACIFYA,"Cresud Sociedad Anónima Comercial, Inmobiliaria, Financiera y Agropecuaria",BUE,ar_market,EQUITY
MOLA.BA,MOLINOS AGRO SA,Molinos Agro S.A.,BUE,ar_market,EQUITY
IRSA.BA,IRSA INVERSIONES Y,IRSA Inversiones y Representaciones Sociedad Anónima,BUE,ar_market,EQUITY
EDN.BA,EMP DIS NOR EDENOR,Empresa Distribuidora y Comercializadora Norte Sociedad Anónima,BUE,ar_market,EQUITY
TGNO4.BA,TRANSPORT GAS NORT,Transportadora de Gas del Norte S.A.,BUE,ar_market,EQUITY
SUPV.BA,GRUPO SUPERVIELLE,Grupo Supervielle S.A.,BUE,ar_market,EQUITY
PGR.BA,PHOENIX GLOBAL RES,Phoenix Global Resources plc,BUE,ar_market,EQUITY
LEDE.BA,LEDESMA AGRICOLA,Ledesma Sociedad Anónima Agrícola Industrial,BUE,ar_market,EQUITY
MTR.BA,MATBA ROFEX SA,Matba Rofex S.A.,BUE,ar_market,EQUITY
MOLI.BA,MOLINOS RIO PLATA,Molinos Rio de la Plata S.A.,BUE,ar_market,EQUITY
TRAN.BA,CIA DE TRANSP ENER,Compañía de Transporte de Energía Eléctrica en Alta Tensión Transener S.A.,BUE,ar_market,EQUITY
METR.BA,METROGAS SA,MetroGAS S.A.,BUE,ar_market,EQUITY
GBAN.BA,NATURGY BAN SA,"Naturgy BAN, S.A.",BUE,ar_market,EQUITY
CAPX.BA,CAPEX SA,Capex S.A.,BUE,ar_market,EQUITY
CECO2.BA,ENEL GENERACION,Enel Generación Costanera S.A.,BUE,ar_market,EQUITY
RIGO.BA,RIGOLLEAU SA,Rigolleau S.A.,BUE,ar_market,EQUITY
PATA.BA,IMP Y EX PATAGONIA,Sociedad Anónima Importadora y Exportadora de la Patagonia,BUE,ar_market,EQUITY
RICH.BA,LAB RICHMOND,Laboratorios Richmond S.A.C.I.F.,BUE,ar_market,EQUITY
GAMI.BA,B-GAMING S.A.,B-Gaming S.A.,BUE,ar_market,EQUITY
INVJ.BA,INVRS JURAMENTO SA,Inversora Juramento S.A.,BUE,ar_market,EQUITY
GCLA.BA,GRUPO CLARIN SA,Grupo Clarín S.A.,BUE,ar_market,EQUITY
CGPA2.BA,CAMUZZI GAS PAMPEA,Camuzzi Gas Pampeana S.A.,BUE,ar_market,EQUITY
BOLT.BA,BOLDT SA,Boldt S.A.,BUE,ar_market,EQUITY
BHIP.BA,BCO HIPOTECAR SA,Banco Hipotecario S.A.,BUE,ar_market,EQUITY
AUSO.BA,AUTOPISTAS DEL SOL,Autopistas Del Sol SA,BUE,ar_market,EQUITY
DGCU2.BA,DISTRIB GAS CUYANA,Distribuidora de Gas Cuyana S.A.,BUE,ar_market,EQUITY
OEST.BA,GPO CONCESIONARIO,Grupo Concesionario del Oeste S.A.,BUE,ar_market,EQUITY
GRIM.BA,GRIMOLDI,Grimoldi S.A.,BUE,ar_market,EQUITY
MORI.BA,MORIXE HERMANOS,Morixe Hermanos S.A.C.I.,BUE,ar_market,EQUITY
AGRO.BA,AGROMETAL SA,Agrometal S.A.I.,BUE,ar_market,EQUITY
DYCA.BA,DYCASA SA,DYCASA Sociedad Anónima,BUE,ar_market,EQUITY
CADO.BA,CARLOS CASADO SA,Carlos Casado S.A.,BUE,ar_market,EQUITY
TGLT.BA,TGLT SA,TGLT S.A.,BUE,ar_market,EQUITY
INTR.BA,CIA INTRODUCTORA,Compañía Introductora de Buenos Aires S.A.,BUE,ar_market,EQUITY
HAVA.BA,HAVANNA HOLDING SA,Havanna Holding S.A.,BUE,ar_market,EQUITY
LONG.BA,LONGVIE,Longvie S.A.,BUE,ar_market,EQUITY
GARO.BA,GAROVAGLIO ZORRAQ,Garovaglio y Zorraquín S.A.,BUE,ar_market,EQUITY
DOME.BA,DOMEC SA,DOMEC Compañía de Artefactos Domésticos S.A.I.C.y F.,BUE,ar_market,EQUITY
CARC.BA,CARBOCLOR S.A.,Carboclor S.A.,BUE,ar_market,EQUITY
SEMI.BA,MOLINOS JUAN SEMIN,Molinos Juan Semino S.A.,BUE,ar_market,EQUITY
FIPL.BA,FIPLASTO,Fiplasto S.A.,BUE,ar_market,EQUITY
ROSE.BA,INSTITUTO ROSENBUC,Instituto Rosenbusch S.A.,BUE,ar_market,EQUITY
COME.BA,SOC COM DEL PLATA,Sociedad Comercial del Plata S.A.,BUE,ar_market,EQUITY
RIOD.BA,RIO TINTO,,BUE,ar_market,EQUITY
VISTD.BA,VISTA OIL & GAS,,BUE,ar_market,EQUITY
CRE3W.BA,CRESUD SACIFYA COM ARS1(S/R 05/,,BUE,ar_market,EQUITY
QCOMD.BA,QUALCOMM INC,,BUE,ar_market,EQUITY
WFCD.BA,WELLS FARGO & CO,,BUE,ar_market,EQUITY
X21O2.BA,,,BUE,ar_market,EQUITY
BB37D.BA,,,BUE,ar_market,EQUITY
ARCOD.BA,ARCOS DORADOS HOLD,,BUE,ar_market,EQUITY
HL.BA,HECLA MINING CO,Hecla Mining Company,BUE,ar_market,EQUITY
TWTRD.BA,TWITTER INC,,BUE,ar_market,EQUITY
CX.BA,CEMEX SAB DE CV,,BUE,ar_market,EQUITY
KEP.BA,KOREA ELEC POWER,,BUE,ar_market,EQUITY
CRMD.BA,SALESFORCE.COM INC,"salesforce.com, inc.",BUE,ar_market,EQUITY
INTCD.BA,INTEL CORP,Intel Corporation,BUE,ar_market,EQUITY
BIDUD.BA,BAIDU INC,,BUE,ar_market,EQUITY
AVGOD.BA,BROADCOM INC,Broadcom Inc.,BUE,ar_market,EQUITY
AUYD.BA,YAMANA GOLD INC,Yamana Gold Inc.,BUE,ar_market,EQUITY
TEFO.BA,TELEFONICA SA,"Telefónica, S.A.",BUE,ar_market,EQUITY
AMZND.BA,AMAZON COM INC,"Amazon.com, Inc.",BUE,ar_market,EQUITY
DOCUD.BA,DOCUSIGN INC,"DocuSign, Inc.",BUE,ar_market,EQUITY
UNH.BA,UNITEDHEALTH GRP,UnitedHealth Group Incorporated,BUE,ar_market,EQUITY
GLNTD.BA,GLOBANT SA,Globant S.A.,BUE,ar_market,EQUITY
PEPD.BA,PEPSICO INC,"PepsiCo, Inc.",BUE,ar_market,EQUITY
VD.BA,VISA INC,Visa Inc.,BUE,ar_market,EQUITY
ABTD.BA,ABBOTT LABS,Abbott Laboratories,BUE,ar_market,EQUITY
HMYD.BA,HARMONY GOLD MNG,Harmony Gold Mining Company Limited,BUE,ar_market,EQUITY
GILDD.BA,GILEAD SCIENCES,"Gilead Sciences, Inc.",BUE,ar_market,EQUITY
MCDD.BA,MCDONALD'S CORP,McDonald's Corporation,BUE,ar_market,EQUITY
BRKBD.BA,BERKSHIRE HATHAWAY,,BUE,ar_market,EQUITY
VZD.BA,VERIZON COMMUN,Verizon Communications Inc.,BUE,ar_market,EQUITY
GFVA.BA,GPO FINANC VALORES,Grupo Financiero Valores S.A.,BUE,ar_market,EQUITY
NVDAD.BA,NVIDIA CORP,NVIDIA Corporation,BUE,ar_market,EQUITY
AMDDB.BA,ADVANCED MICRO DEV,,BUE,ar_market,EQUITY
X16G2.BA,,,BUE,ar_market,EQUITY
BA37D.BA,,,BUE,ar_market,EQUITY
S31M2.BA,,,BUE,ar_market,EQUITY
BPD.BA,BP,,BUE,ar_market,EQUITY
JPMD.BA,JPMORGAN CHASE &CO,JPMorgan Chase & Co.,BUE,ar_market,EQUITY
MELID.BA,MERCADOLIBRE INC,"MercadoLibre, Inc.",BUE,ar_market,EQUITY
BB.BA,BLACKBERRY LTD,BlackBerry Limited,BUE,ar_market,EQUITY
HAL.BA,HALLIBURTON,Halliburton Company,BUE,ar_market,EQUITY
FBD.BA,META PLATFORMS INC,"Meta Platforms, Inc.",BUE,ar_market,EQUITY
NKED.BA,NIKE INC,"NIKE, Inc.",BUE,ar_market,EQUITY
MUFG.BA,MITSUBISHI UFJ FIN,"Mitsubishi UFJ Financial Group, Inc.",BUE,ar_market,EQUITY
WBA.BA,WALGREENS BOOTS AL,"Walgreens Boots Alliance, Inc.",BUE,ar_market,EQUITY
DESPD.BA,DESPEGAR COM CORP,"Despegar.com, Corp.",BUE,ar_market,EQUITY
PSXD.BA,PHILLIPS 66,Phillips 66,BUE,ar_market,EQUITY
PSX.BA,PHILLIPS 66,Phillips 66,BUE,ar_market,EQUITY
TD.BA,AT&T INC,AT&T Inc.,BUE,ar_market,EQUITY
CATD.BA,CATERPILLAR INC,Caterpillar Inc.,BUE,ar_market,EQUITY
BBVD.BA,BBVA(BILB-VIZ-ARG),"Banco Bilbao Vizcaya Argentaria, S.A.",BUE,ar_market,EQUITY
ETSYD.BA,ETSY INC,"Etsy, Inc.",BUE,ar_market,EQUITY
EBAYD.BA,EBAY INC,eBay Inc.,BUE,ar_market,EQUITY
PBR.BA,PETROL BRASILEIROS,Petróleo Brasileiro S.A. - Petrobras,BUE,ar_market,EQUITY
XO2X.BA,,,BUE,ar_market,EQUITY
BA-C.BA,BK OF AMERICA CORP,,BUE,ar_market,EQUITY
PFED.BA,PFIZER INC,,BUE,ar_market,EQUITY
XG2X.BA,,,BUE,ar_market,EQUITY
IRS2W.BA,IRSA INVERSIONES Y REPRESENTACI,,BUE,ar_market,EQUITY
S31Y2.BA,,,BUE,ar_market,EQUITY
NTCO.BA,NATURA &CO HDLS SA,,BUE,ar_market,EQUITY
S29A2.BA,,,BUE,ar_market,EQUITY
DISND.BA,WALT DISNEY CO.,,BUE,ar_market,EQUITY
GPRK.BA,GEOPARK LIMITED,GeoPark Limited,BUE,ar_market,EQUITY
MRKD.BA,MERCK & CO INC,"Merck & Co., Inc.",BUE,ar_market,EQUITY
AVYD.BA,AVERY DENNISON CP,Avery Dennison Corporation,BUE,ar_market,EQUITY
FDXD.BA,FEDEX CORP,FedEx Corporation,BUE,ar_market,EQUITY
TEND.BA,TENARIS S.A.,Tenaris S.A.,BUE,ar_market,EQUITY
DOCU.BA,DOCUSIGN INC,"DocuSign, Inc.",BUE,ar_market,EQUITY
HALD.BA,HALLIBURTON,Halliburton Company,BUE,ar_market,EQUITY
UL.BA,UNILEVER PLC,Unilever PLC,BUE,ar_market,EQUITY
JNJD.BA,JOHNSON & JOHNSON,Johnson & Johnson,BUE,ar_market,EQUITY
NTES.BA,NETEASE INC,"NetEase, Inc.",BUE,ar_market,EQUITY
GOLDD.BA,BARRICK GOLD CORP,Barrick Gold Corporation,BUE,ar_market,EQUITY
PGD.BA,PROCTER & GAMBLE,The Procter & Gamble Company,BUE,ar_market,EQUITY
SAN.BA,BANCO SANTANDER,"Banco Santander, S.A.",BUE,ar_market,EQUITY
LMTD.BA,LOCKHEED MARTIN CO,Lockheed Martin Corporation,BUE,ar_market,EQUITY
SQD.BA,BLOCK INC,"Block, Inc.",BUE,ar_market,EQUITY
YY.BA,JOYY INC,JOYY Inc.,BUE,ar_market,EQUITY
CSCOD.BA,CISCO SYSTEMS,"Cisco Systems, Inc.",BUE,ar_market,EQUITY
ZMD.BA,ZOOM VIDEO COMMUNI,"Zoom Video Communications, Inc.",BUE,ar_market,EQUITY
KOD.BA,COCA-COLA CO,The Coca-Cola Company,BUE,ar_market,EQUITY
PAAS.BA,PAN AMER SILVER,Pan American Silver Corp.,BUE,ar_market,EQUITY
PKS.BA,POSCO,POSCO,BUE,ar_market,EQUITY
OGZD.BA,GAZPROM PJSC,Public Joint Stock Company Gazprom,BUE,ar_market,EQUITY
HDD.BA,,,BUE,ar_market,EQUITY
BRKB.BA,BERKSHIRE HATHAWAY,,BUE,ar_market,EQUITY
AMDD.BA,ADVANCED MICRO DEV,,BUE,ar_market,EQUITY
BUY22.BA,,,BUE,ar_market,EQUITY
BUF22.BA,,,BUE,ar_market,EQUITY
S28F2.BA,,,BUE,ar_market,EQUITY
BYMAC.BA,,,BUE,ar_market,EQUITY
GOGLD.BA,ALPHABET INC,,BUE,ar_market,EQUITY
TSLAD.BA,TESLA INC,,BUE,ar_market,EQUITY
VALED.BA,VALE S.A.,,BUE,ar_market,EQUITY
TTM.BA,TATA MOTORS LTD.,,BUE,ar_market,EQUITY
AAPLD.BA,APPLE INC,,BUE,ar_market,EQUITY
WBO.BA,WEIBO CORPORATION,,BUE,ar_market,EQUITY
BBDD.BA,BCO BRADESCO SA,Banco Bradesco S.A.,BUE,ar_market,EQUITY
MMMD.BA,3M COMPANY,3M Company,BUE,ar_market,EQUITY
SHOP.BA,SHOPIFY INC,Shopify Inc.,BUE,ar_market,EQUITY
TEN.BA,TENARIS S.A.,Tenaris S.A.,BUE,ar_market,EQUITY
PYPLD.BA,PAYPAL HOLDINGS IN,"PayPal Holdings, Inc.",BUE,ar_market,EQUITY
ERJD.BA,EMBRAER SA,Embraer S.A.,BUE,ar_market,EQUITY
ADID.BA,ANALOG DEVICES INC,"Analog Devices, Inc.",BUE,ar_market,EQUITY
MAD.BA,MASTERCARD INCORPO,Mastercard Incorporated,BUE,ar_market,EQUITY
UNHD.BA,UNITEDHEALTH GRP,UnitedHealth Group Incorporated,BUE,ar_market,EQUITY
ADBED.BA,ADOBE INC,Adobe Inc.,BUE,ar_market,EQUITY
RTX.BA,RAYTHEON TECHNOLOG,Raytheon Technologies Corporation,BUE,ar_market,EQUITY
ABBV.BA,ABBVIE INC,AbbVie Inc.,BUE,ar_market,EQUITY
BNGD.BA,BUNGE LIMITED,Bunge Limited,BUE,ar_market,EQUITY
ORCLD.BA,ORACLE CORP,Oracle Corporation,BUE,ar_market,EQUITY
AMATD.BA,APPLIED MATERIALS,"Applied Materials, Inc.",BUE,ar_market,EQUITY
WMTD.BA,WALMART INC,Walmart Inc.,BUE,ar_market,EQUITY
NMR.BA,NOMURA HOLDINGS,"Nomura Holdings, Inc.",BUE,ar_market,EQUITY
XD.BA,UNITED STATES STEE,United States Steel Corporation,BUE,ar_market,EQUITY
HWM.BA,HOWMET AEROSPACE I,Howmet Aerospace Inc.,BUE,ar_market,EQUITY
SLBD.BA,SCHLUMBERGER,Schlumberger Limited,BUE,ar_market,EQUITY
SQ.BA,BLOCK INC,"Block, Inc.",BUE,ar_market,EQUITY
BIOX.BA,BIOCERES CROP SOLU,Bioceres Crop Solutions Corp.,BUE,ar_market,EQUITY
HDB.BA,HDFC BANK,,BUE,ar_market,EQUITY
OGZDD.BA,GAZPROM PJSC,Public Joint Stock Company Gazprom,BUE,ar_market,EQUITY
RDSD.BA,ROYAL DUTCH SHELL,,BUE,ar_market,EQUITY
BA-CD.BA,BK OF AMERICA CORP,,BUE,ar_market,EQUITY
BUM22.BA,,,BUE,ar_market,EQUITY
TCOM.BA,TRIP COM GROUP LTD,,BUE,ar_market,EQUITY
TMD.BA,TOYOTA MOTOR CORP,,BUE,ar_market,EQUITY
RUC3D.BA,,,BUE,ar_market,EQUITY
PBRD.BA,PETROL BRASILEIROS,,BUE,ar_market,EQUITY
SF2X.BA,,,BUE,ar_market,EQUITY
CAAP.BA,CORPORACION AMERIC,Corporación América Airports S.A.,BUE,ar_market,EQUITY
MSFTD.BA,MICROSOFT CORP,Microsoft Corporation,BUE,ar_market,EQUITY
EFX.BA,EQUIFAX INC,Equifax Inc.,BUE,ar_market,EQUITY
IBMD.BA,INTL BUSINESS MCHN,International Business Machines Corporation,BUE,ar_market,EQUITY
TXRD.BA,TERNIUM SA,Ternium S.A.,BUE,ar_market,EQUITY
AXPD.BA,AMER EXPRESS CO,American Express Company,BUE,ar_market,EQUITY
MA.BA,MASTERCARD INCORPO,Mastercard Incorporated,BUE,ar_market,EQUITY
BABAD.BA,ALIBABA GROUP HLDG,Alibaba Group Holding Limited,BUE,ar_market,EQUITY
SPOTD.BA,SPOTIFY TECHNOLOGY,Spotify Technology S.A.,BUE,ar_market,EQUITY
SPOT.BA,SPOTIFY TECHNOLOGY,Spotify Technology S.A.,BUE,ar_market,EQUITY
GED.BA,GEN ELEC CO,General Electric Company,BUE,ar_market,EQUITY
SHOPD.BA,SHOPIFY INC,Shopify Inc.,BUE,ar_market,EQUITY
NFLXD.BA,NETFLIX INC,"Netflix, Inc.",BUE,ar_market,EQUITY
GSD.BA,GOLDMAN SACHS GRP,"The Goldman Sachs Group, Inc.",BUE,ar_market,EQUITY
DJNJ2.BA,JOHNSON & JOHNSON,Johnson & Johnson,BUE,ar_market,EQUITY
ABBVD.BA,ABBVIE INC,AbbVie Inc.,BUE,ar_market,EQUITY
XOMD.BA,EXXON MOBIL CORP,Exxon Mobil Corporation,BUE,ar_market,EQUITY
MOD.BA,ALTRIA GROUP INC,"Altria Group, Inc.",BUE,ar_market,EQUITY
BAD.BA,BOEING CO,The Boeing Company,BUE,ar_market,EQUITY
ZM.BA,ZOOM VIDEO COMMUNI,"Zoom Video Communications, Inc.",BUE,ar_market,EQUITY
NOKA.BA,NOKIA OYJ,Nokia Corporation,BUE,ar_market,EQUITY
SNOWD.BA,SNOWFLAKE INC,Snowflake Inc.,BUE,ar_market,EQUITY
SNOW.BA,SNOWFLAKE INC,Snowflake Inc.,BUE,ar_market,EQUITY
TSMD.BA,TAIWAN SEMICON MAN,Taiwan Semiconductor Manufacturing Company Limited,BUE,ar_market,EQUITY
UNP.BA,UNION PACIFIC CORP,Union Pacific Corporation,BUE,ar_market,EQUITY
HSY.BA,HERSHEY COMPANY,The Hershey Company,BUE,ar_market,EQUITY
ETSY.BA,ETSY INC,"Etsy, Inc.",BUE,ar_market,EQUITY
CVXD.BA,CHEVRON CORP,Chevron Corporation,BUE,ar_market,EQUITY
AVGO.BA,BROADCOM INC,Broadcom Inc.,BUE,ar_market,EQUITY
VIST.BA,VISTA OIL & GAS,"Vista Oil & Gas, S.A.B. de C.V.",BUE,ar_market,EQUITY
AZND.BA,ASTRAZENECA,AstraZeneca PLC,BUE,ar_market,EQUITY
