symbol,shortName,longName,exchange,market,quoteType
MC.PA,lvmh,LVMH,EURONEXT,dr_market,EQUITY
OR.PA,l-oreal,L'OREAL,EURONEXT,dr_market,EQUITY
MRK.PA,merck-and-co,MERCK AND CO INC,EURONEXT,dr_market,EQUITY
RMS.PA,hermes,HERMES INTL,EURONEXT,dr_market,EQUITY
CDI.PA,dior,CHRISTIAN DIOR,EURONEXT,dr_market,EQUITY
TTE.PA,total,TOTALENERGIES,EURONEXT,dr_market,EQUITY
SAN.PA,sanofi,SANOFI,EURONEXT,dr_market,EQUITY
DGE.PA,diageo,DIAGEO,EURONEXT,dr_market,EQUITY
CATR.PA,caterpillar,CATERPILLAR INC,EURONEXT,dr_market,EQUITY
GNE.PA,general-electric,GENERAL ELECTRIC,EURONEXT,dr_market,EQUITY
SU.PA,schneider,SCHNEIDER ELECTRIC SE,EURONEXT,dr_market,EQUITY
AIR.PA,airbus,AIRBUS SE,EURONEXT,dr_market,EQUITY
KER.PA,kering,KERING,EURONEXT,dr_market,EQUITY
BNP.PA,paribas,BNP PARIBAS ACT.A,EURONEXT,dr_market,EQUITY
EL.PA,essilorluxottica,ESSILORLUXOTTICA,EURONEXT,dr_market,EQUITY
AI.PA,liquide,AIR LIQUIDE,EURONEXT,dr_market,EQUITY
CS.PA,axa,AXA,EURONEXT,dr_market,EQUITY
DSY.PA,,DASSAULT SYSTEMES,EURONEXT,dr_market,EQUITY
STLA.PA,stellantis,STELLANTIS NV,EURONEXT,dr_market,EQUITY
DG.PA,vinci,VINCI,EURONEXT,dr_market,EQUITY
RI.PA,pernod,PERNOD RICARD,EURONEXT,dr_market,EQUITY
SAF.PA,safran,SAFRAN,EURONEXT,dr_market,EQUITY
SLB.PA,schlumberger,SCHLUMBERGER,EURONEXT,dr_market,EQUITY
STM.PA,stmicroelectronics,STMICROELECTRONICS,EURONEXT,dr_market,EQUITY
ACA.PA,credit-agricole,CREDIT AGRICOLE,EURONEXT,dr_market,EQUITY
DIM.PA,,SARTORIUS STED BIO,EURONEXT,dr_market,EQUITY
BN.PA,danone,DANONE,EURONEXT,dr_market,EQUITY
CAP.PA,,CAPGEMINI,EURONEXT,dr_market,EQUITY
SGO.PA,,SAINT GOBAIN,EURONEXT,dr_market,EQUITY
EDF.PA,,EDF,EURONEXT,dr_market,EQUITY
ENGI.PA,engie,ENGIE,EURONEXT,dr_market,EQUITY
NOKIA.PA,nokia,NOKIA,EURONEXT,dr_market,EQUITY
HOLN.PA,,HOLCIM LTD,EURONEXT,dr_market,EQUITY
ML.PA,,MICHELIN,EURONEXT,dr_market,EQUITY
LR.PA,,LEGRAND,EURONEXT,dr_market,EQUITY
GLE.PA,societe-generale,SOCIETE GENERALE,EURONEXT,dr_market,EQUITY
ORA.PA,orange,ORANGE,EURONEXT,dr_market,EQUITY
VIE.PA,veolia-environnement,VEOLIA ENVIRON.,EURONEXT,dr_market,EQUITY
TEP.PA,,TELEPERFORMANCE,EURONEXT,dr_market,EQUITY
ERF.PA,,EUROFINS SCIENT.,EURONEXT,dr_market,EQUITY
HO.PA,,THALES,EURONEXT,dr_market,EQUITY
PUB.PA,,PUBLICIS GROUPE SA,EURONEXT,dr_market,EQUITY
CNP.PA,,CNP ASSURANCES,EURONEXT,dr_market,EQUITY
AMUN.PA,,AMUNDI,EURONEXT,dr_market,EQUITY
WLN.PA,,WORLDLINE,EURONEXT,dr_market,EQUITY
BOL.PA,bollore,BOLLORE,EURONEXT,dr_market,EQUITY
CA.PA,carrefour,CARREFOUR,EURONEXT,dr_market,EQUITY
BIM.PA,,BIOMERIEUX,EURONEXT,dr_market,EQUITY
SEV.PA,,SUEZ,EURONEXT,dr_market,EQUITY
BVI.PA,,BUREAU VERITAS,EURONEXT,dr_market,EQUITY
VIV.PA,,VIVENDI SE,EURONEXT,dr_market,EQUITY
EN.PA,,BOUYGUES,EURONEXT,dr_market,EQUITY
ALO.PA,,ALSTOM,EURONEXT,dr_market,EQUITY
ADP.PA,,AEROPORTS DE PARIS,EURONEXT,dr_market,EQUITY
SW.PA,sodexo,SODEXO,EURONEXT,dr_market,EQUITY
IAM.PA,,MAROC TELECOM,EURONEXT,dr_market,EQUITY
EDEN.PA,,EDENRED,EURONEXT,dr_market,EQUITY
RCO.PA,,REMY COINTREAU,EURONEXT,dr_market,EQUITY
RNO.PA,renault,RENAULT,EURONEXT,dr_market,EQUITY
AKE.PA,,ARKEMA,EURONEXT,dr_market,EQUITY
ENX.PA,,EURONEXT,EURONEXT,dr_market,EQUITY
GFC.PA,,GECINA,EURONEXT,dr_market,EQUITY
FGR.PA,,EIFFAGE,EURONEXT,dr_market,EQUITY
AM.PA,,DASSAULT AVIATION,EURONEXT,dr_market,EQUITY
AC.PA,accor,ACCOR,EURONEXT,dr_market,EQUITY
GET.PA,,GETLINK SE,EURONEXT,dr_market,EQUITY
SK.PA,,S.E.B.,EURONEXT,dr_market,EQUITY
FDJ.PA,,LA FRANCAISE DES,EURONEXT,dr_market,EQUITY
SOI.PA,,SOITEC,EURONEXT,dr_market,EQUITY
COV.PA,,COVIVIO,EURONEXT,dr_market,EQUITY
IPN.PA,,IPSEN,EURONEXT,dr_market,EQUITY
FR.PA,,VALEO,EURONEXT,dr_market,EQUITY
LI.PA,klepierre,KLEPIERRE,EURONEXT,dr_market,EQUITY
EO.PA,,FAURECIA,EURONEXT,dr_market,EQUITY
SO.PA,,SOMFY SA,EURONEXT,dr_market,EQUITY
RF.PA,,EURAZEO SE,EURONEXT,dr_market,EQUITY
ALD.PA,,ALD,EURONEXT,dr_market,EQUITY
RXL.PA,,REXEL,EURONEXT,dr_market,EQUITY
ORP.PA,,ORPEA,EURONEXT,dr_market,EQUITY
ANTIN.PA,,ANTIN INFRASTRUCTURE PARTNERS,EURONEXT,dr_market,EQUITY
ODET.PA,,ODET(COMPAGNIE DE L-),EURONEXT,dr_market,EQUITY
SCR.PA,,SCOR SE,EURONEXT,dr_market,EQUITY
ATE.PA,,ALTEN,EURONEXT,dr_market,EQUITY
UBI.PA,ubisoft,UBISOFT ENTERTAIN,EURONEXT,dr_market,EQUITY
DEC.PA,,JC DECAUX SA.,EURONEXT,dr_market,EQUITY
ICAD.PA,,ICADE,EURONEXT,dr_market,EQUITY
MF.PA,,WENDEL,EURONEXT,dr_market,EQUITY
ATO.PA,atos,ATOS,EURONEXT,dr_market,EQUITY
RE.PA,,COLAS,EURONEXT,dr_market,EQUITY
TKO.PA,,TIKEHAU CAPITAL,EURONEXT,dr_market,EQUITY
ITP.PA,,INTERPARFUMS,EURONEXT,dr_market,EQUITY
CBDG.PA,,CAMBODGE NOM.,EURONEXT,dr_market,EQUITY
NEX.PA,,NEXANS,EURONEXT,dr_market,EQUITY
SPIE.PA,,SPIE,EURONEXT,dr_market,EQUITY
FBEL.PA,,BEL,EURONEXT,dr_market,EQUITY
VRLA.PA,,VERALLIA,EURONEXT,dr_market,EQUITY
NEOEN.PA,,NEOEN,EURONEXT,dr_market,EQUITY
TRI.PA,,TRIGANO,EURONEXT,dr_market,EQUITY
ELIS.PA,,ELIS,EURONEXT,dr_market,EQUITY
POM.PA,,PLASTIC OMNIUM,EURONEXT,dr_market,EQUITY
MMB.PA,,LAGARDERE SA,EURONEXT,dr_market,EQUITY
FLY.PA,,FONCIERE LYONNAISE,EURONEXT,dr_market,EQUITY
ALTA.PA,,ALTAREA,EURONEXT,dr_market,EQUITY
VIRP.PA,,VIRBAC,EURONEXT,dr_market,EQUITY
SESG.PA,,SES,EURONEXT,dr_market,EQUITY
PEUG.PA,,PEUGEOT INVEST,EURONEXT,dr_market,EQUITY
NK.PA,,IMERYS,EURONEXT,dr_market,EQUITY
SOP.PA,,SOPRA STERIA GROUP,EURONEXT,dr_market,EQUITY
ROTH.PA,,ROTHSCHILD & CO EUR2,EURONEXT,dr_market,EQUITY
KORI.PA,,KORIAN,EURONEXT,dr_market,EQUITY
GTT.PA,,GTT (GAZTRANSPORT ET TECHNIGAZ) EUR0.01,EURONEXT,dr_market,EQUITY
RUI.PA,,RUBIS,EURONEXT,dr_market,EQUITY
AF.PA,air-france-klm,AIR FRANCE -KLM,EURONEXT,dr_market,EQUITY
FTI.PA,technipfmc,TECHNIPFMC,EURONEXT,dr_market,EQUITY
ARG.PA,,ARGAN,EURONEXT,dr_market,EQUITY
COVH.PA,,COVIVIO HOTELS,EURONEXT,dr_market,EQUITY
CO.PA,casino-guichard,CASINO GUICHARD,EURONEXT,dr_market,EQUITY
EUCAR.PA,,EUROPCAR MOBILITY GROUP,EURONEXT,dr_market,EQUITY
GDS.PA,,RAMSAY GENERALE DE SANTE,EURONEXT,dr_market,EQUITY
ETL.PA,,EUTELSAT COMMUNIC.,EURONEXT,dr_market,EQUITY
MLHK.PA,,HK,EURONEXT,dr_market,EQUITY
CNV.PA,,CNOVA,EURONEXT,dr_market,EQUITY
TE.PA,,TECHNIP ENERGIES N.V.,EURONEXT,dr_market,EQUITY
NXI.PA,,NEXITY,EURONEXT,dr_market,EQUITY
MMT.PA,,METROPOLE TV,EURONEXT,dr_market,EQUITY
UNBL.PA,,UNIBEL,EURONEXT,dr_market,EQUITY
BB.PA,,BIC,EURONEXT,dr_market,EQUITY
VK.PA,,VALLOUREC,EURONEXT,dr_market,EQUITY
CBE.PA,,ROBERTET CI,EURONEXT,dr_market,EQUITY
RBT.PA,,ROBERTET,EURONEXT,dr_market,EQUITY
CARM.PA,,CARMILA,EURONEXT,dr_market,EQUITY
ERA.PA,eramet,ERAMET,EURONEXT,dr_market,EQUITY
IDL.PA,,ID LOGISTICS GROUP,EURONEXT,dr_market,EQUITY
TFI.PA,,TF1,EURONEXT,dr_market,EQUITY
VLA.PA,valneva-se,VALNEVA SE,EURONEXT,dr_market,EQUITY
IPS.PA,,IPSOS,EURONEXT,dr_market,EQUITY
ALESK.PA,,ESKER,EURONEXT,dr_market,EQUITY
LOUP.PA,,L.D.C.,EURONEXT,dr_market,EQUITY
COFA.PA,,COFACE,EURONEXT,dr_market,EQUITY
DBG.PA,,DERICHEBOURG,EURONEXT,dr_market,EQUITY
BAIN.PA,,BAINS MER MONACO,EURONEXT,dr_market,EQUITY
VLTSA.PA,,VOLTALIA,EURONEXT,dr_market,EQUITY
EXN.PA,,EXCLUSIVE NETWORKS,EURONEXT,dr_market,EQUITY
VCT.PA,,VICAT,EURONEXT,dr_market,EQUITY
BLV.PA,,BELIEVE,EURONEXT,dr_market,EQUITY
FNAC.PA,,FNAC DARTY,EURONEXT,dr_market,EQUITY
VETO.PA,,VETOQUINOL,EURONEXT,dr_market,EQUITY
LSS.PA,,LECTRA,EURONEXT,dr_market,EQUITY
ARTO.PA,,ARTOIS NOM.,EURONEXT,dr_market,EQUITY
AKA.PA,,AKKA TECHNOLOGIES,EURONEXT,dr_market,EQUITY
FII.PA,,LISI,EURONEXT,dr_market,EQUITY
MONC.PA,,MONCEY (FIN.) NOM.,EURONEXT,dr_market,EQUITY
PHA.PA,,PHARMAGEST INTER.,EURONEXT,dr_market,EQUITY
BEN.PA,,BENETEAU,EURONEXT,dr_market,EQUITY
TKTT.PA,,TARKETT,EURONEXT,dr_market,EQUITY
RIN.PA,,VILMORIN & CIE,EURONEXT,dr_market,EQUITY
STF.PA,,STEF,EURONEXT,dr_market,EQUITY
XFAB.PA,,X-FAB SILICON FOUNDRIES SE,EURONEXT,dr_market,EQUITY
ARAMI.PA,,ARAMIS GROUP,EURONEXT,dr_market,EQUITY
BUR.PA,,BURELLE,EURONEXT,dr_market,EQUITY
MTU.PA,,MANITOU BF,EURONEXT,dr_market,EQUITY
SESL.PA,,SES IMAGOTAG,EURONEXT,dr_market,EQUITY
BASS.PA,,BASSAC,EURONEXT,dr_market,EQUITY
AREIT.PA,,ALTAREIT,EURONEXT,dr_market,EQUITY
ELIOR.PA,,ELIOR GROUP,EURONEXT,dr_market,EQUITY
ABIO.PA,,ALBIOMA,EURONEXT,dr_market,EQUITY
WAVE.PA,,WAVESTONE,EURONEXT,dr_market,EQUITY
FREY.PA,,FREY,EURONEXT,dr_market,EQUITY
LTA.PA,,ALTAMIR,EURONEXT,dr_market,EQUITY
THEP.PA,,THERMADOR GROUPE,EURONEXT,dr_market,EQUITY
MDM.PA,,MAISONS DU MONDE,EURONEXT,dr_market,EQUITY
SBT.PA,,OENEO,EURONEXT,dr_market,EQUITY
SII.PA,,SII,EURONEXT,dr_market,EQUITY
MLPLC.PA,,PLACOPLATRE,EURONEXT,dr_market,EQUITY
SDG.PA,,SYNERGIE,EURONEXT,dr_market,EQUITY
SAVE.PA,,SAVENCIA S.A.,EURONEXT,dr_market,EQUITY
MERY.PA,,MERCIALYS,EURONEXT,dr_market,EQUITY
NRO.PA,,NEURONES,EURONEXT,dr_market,EQUITY
KOF.PA,,KAUFMAN ET BROAD,EURONEXT,dr_market,EQUITY
ELEC.PA,,ELEC.STRASBOURG,EURONEXT,dr_market,EQUITY
MRN.PA,,MERSEN,EURONEXT,dr_market,EQUITY
AUB.PA,,AUBAY,EURONEXT,dr_market,EQUITY
CDA.PA,,ALPES (COMPAGNIE),EURONEXT,dr_market,EQUITY
S30.PA,,SOLUTIONS 30 SE,EURONEXT,dr_market,EQUITY
CAF.PA,,CRCAM PARIS ET IDF,EURONEXT,dr_market,EQUITY
CEN.PA,,GROUPE CRIT,EURONEXT,dr_market,EQUITY
SAMS.PA,,SAMSE,EURONEXT,dr_market,EQUITY
TFF.PA,,TFF GROUP,EURONEXT,dr_market,EQUITY
TCH.PA,,TECHNICOLOR,EURONEXT,dr_market,EQUITY
ALDLT.PA,,DELTA PLUS GROUP,EURONEXT,dr_market,EQUITY
BON.PA,,BONDUELLE,EURONEXT,dr_market,EQUITY
AKW.PA,,AKWEL,EURONEXT,dr_market,EQUITY
QDT.PA,,QUADIENT S.A.,EURONEXT,dr_market,EQUITY
BOI.PA,,BOIRON,EURONEXT,dr_market,EQUITY
AAA.PA,,ALAN ALLMAN ASSOCIATES,EURONEXT,dr_market,EQUITY
EC.PA,total,TOTAL GABON,EURONEXT,dr_market,EQUITY
LPE.PA,,LAURENT-PERRIER,EURONEXT,dr_market,EQUITY
VTR.PA,,VITURA,EURONEXT,dr_market,EQUITY
WAGA.PA,,WAGA ENERGY,EURONEXT,dr_market,EQUITY
ASY.PA,,ASSYSTEM,EURONEXT,dr_market,EQUITY
AB.PA,,AB SCIENCE,EURONEXT,dr_market,EQUITY
CRI.PA,chargeurs,CHARGEURS,EURONEXT,dr_market,EQUITY
MLCFM.PA,,CFM INDOSUEZ WEALTH,EURONEXT,dr_market,EQUITY
MAN.PA,,MANUTAN INTL,EURONEXT,dr_market,EQUITY
AXW.PA,,AXWAY SOFTWARE,EURONEXT,dr_market,EQUITY
SMCP.PA,,SMCP,EURONEXT,dr_market,EQUITY
MCPHY.PA,mcphy-energy,MCPHY ENERGY,EURONEXT,dr_market,EQUITY
JCQ.PA,,JACQUET METALS,EURONEXT,dr_market,EQUITY
CGG.PA,cgg,CGG,EURONEXT,dr_market,EQUITY
SCHP.PA,,SECHE ENVIRONNEM.,EURONEXT,dr_market,EQUITY
GLO.PA,,GL EVENTS,EURONEXT,dr_market,EQUITY
EXE.PA,,EXEL INDUSTRIES,EURONEXT,dr_market,EQUITY
LBIRD.PA,,LUMIBIRD,EURONEXT,dr_market,EQUITY
ALGIL.PA,,GROUPE GUILLIN,EURONEXT,dr_market,EQUITY
GALIM.PA,,GALIMMO,EURONEXT,dr_market,EQUITY
LNA.PA,,LNA SANTE,EURONEXT,dr_market,EQUITY
EIFF.PA,,TOUR EIFFEL,EURONEXT,dr_market,EQUITY
MAU.PA,,MAUREL ET PROM,EURONEXT,dr_market,EQUITY
NACON.PA,,NACON,EURONEXT,dr_market,EQUITY
ABVX.PA,,ABIVAX,EURONEXT,dr_market,EQUITY
I2PO.PA,,I2PO SHARES,EURONEXT,dr_market,EQUITY
ALCRB.PA,carbios,CARBIOS,EURONEXT,dr_market,EQUITY
ALSER.PA,,SERMA GROUP,EURONEXT,dr_market,EQUITY
ALFRE.PA,,FREELANCE.COM,EURONEXT,dr_market,EQUITY
IVA.PA,,INVENTIVA,EURONEXT,dr_market,EQUITY
GBT.PA,,GUERBET,EURONEXT,dr_market,EQUITY
ORIA.PA,,FIDUCIAL REAL EST.,EURONEXT,dr_market,EQUITY
MLCVG.PA,,CHEMINS FER TRAM.VAR GARD NOM.,EURONEXT,dr_market,EQUITY
IMDA.PA,,IMMOB.DASSAULT,EURONEXT,dr_market,EQUITY
NRG.PA,,NRJ GROUP,EURONEXT,dr_market,EQUITY
ALAIR.PA,,AIRTIME PARTECIPAZIONI S.P.A.,EURONEXT,dr_market,EQUITY
NHOA.PA,,NHOA,EURONEXT,dr_market,EQUITY
ABCA.PA,,ABC ARBITRAGE,EURONEXT,dr_market,EQUITY
ESI.PA,,ESI GROUP,EURONEXT,dr_market,EQUITY
SWP.PA,,SWORD GROUP,EURONEXT,dr_market,EQUITY
SELER.PA,,SELECTIRENTE,EURONEXT,dr_market,EQUITY
ALHRS.PA,,HYDROGEN-REFUELING-SOLUTIONS,EURONEXT,dr_market,EQUITY
INEA.PA,,FONCIERE INEA,EURONEXT,dr_market,EQUITY
HDF.PA,,HYDROGENE DE FRANCE,EURONEXT,dr_market,EQUITY
IDIP.PA,,IDI,EURONEXT,dr_market,EQUITY
PERR.PA,,PERRIER (GERARD),EURONEXT,dr_market,EQUITY
MALT.PA,,MALTERIES FCO-BEL.,EURONEXT,dr_market,EQUITY
INF.PA,,INFOTEL,EURONEXT,dr_market,EQUITY
CNF.PA,,CRCAM NORD CCI,EURONEXT,dr_market,EQUITY
ALPER.PA,,LA PERLA FASHION,EURONEXT,dr_market,EQUITY
ALREW.PA,,REWORLD MEDIA,EURONEXT,dr_market,EQUITY
VIL.PA,,VIEL ET COMPAGNIE,EURONEXT,dr_market,EQUITY
RBO.PA,,ROCHE BOBOIS,EURONEXT,dr_market,EQUITY
CRBP2.PA,,CRCAM BRIE PIC2CCI,EURONEXT,dr_market,EQUITY
MLHPI.PA,,HOPIUM S.A.,EURONEXT,dr_market,EQUITY
CGM.PA,,CEGEDIM,EURONEXT,dr_market,EQUITY
BLC.PA,,BASTIDE LE CONFORT,EURONEXT,dr_market,EQUITY
ALHGR.PA,,HOFFMANN,EURONEXT,dr_market,EQUITY
ALLDL.PA,,GROUPE LDLC,EURONEXT,dr_market,EQUITY
IGE.PA,,IGE + XAO,EURONEXT,dr_market,EQUITY
IPH.PA,,INNATE PHARMA,EURONEXT,dr_market,EQUITY
ALVDM.PA,,VOYAGEURS DU MONDE,EURONEXT,dr_market,EQUITY
BIG.PA,,BIGBEN INTERACTIVE,EURONEXT,dr_market,EQUITY
GAM.PA,,GAUMONT,EURONEXT,dr_market,EQUITY
ALCLS.PA,,CELLECTIS,EURONEXT,dr_market,EQUITY
SFPI.PA,,GROUPE SFPI,EURONEXT,dr_market,EQUITY
ALCAR.PA,,CARMAT,EURONEXT,dr_market,EQUITY
METEX.PA,,METABOLIC EXPLORER,EURONEXT,dr_market,EQUITY
ALBOU.PA,,BOURRELIER GROUP,EURONEXT,dr_market,EQUITY
ALTEV.PA,,ENVEA,EURONEXT,dr_market,EQUITY
GOE.PA,,GROUPE GORGE,EURONEXT,dr_market,EQUITY
ALFOC.PA,,FOCUS HOME INTERACTIVE,EURONEXT,dr_market,EQUITY
LAT.PA,,LATECOERE,EURONEXT,dr_market,EQUITY
ALBIO.PA,,BIOSYNEX,EURONEXT,dr_market,EQUITY
NANO.PA,,NANOBIOTIX,EURONEXT,dr_market,EQUITY
RAL.PA,,RALLYE,EURONEXT,dr_market,EQUITY
AAC.PA,,ACCOR ACQUISITION COMPANY SHARES,EURONEXT,dr_market,EQUITY
ALPDX.PA,,PISCINES DESJOYAUX,EURONEXT,dr_market,EQUITY
ALNOV.PA,novacyt-s-a,NOVACYT,EURONEXT,dr_market,EQUITY
ALUMS.PA,,UMANIS,EURONEXT,dr_market,EQUITY
HEXA.PA,,HEXAOM,EURONEXT,dr_market,EQUITY
ALERS.PA,,EUROBIO-SCIENTIFIC,EURONEXT,dr_market,EQUITY
CLA.PA,,CLARANOVA,EURONEXT,dr_market,EQUITY
UFF.PA,,UNION FIN.FRANCE BANQUE,EURONEXT,dr_market,EQUITY
LIN.PA,,LINEDATA SERVICES,EURONEXT,dr_market,EQUITY
SIGHT.PA,,GENSIGHT BIOLOGICS,EURONEXT,dr_market,EQUITY
SRP.PA,,SHOWROOMPRIVE,EURONEXT,dr_market,EQUITY
TNG.PA,,TRANSGENE,EURONEXT,dr_market,EQUITY
MEDCL.PA,,MEDINCELL S.A.,EURONEXT,dr_market,EQUITY
ALFPC.PA,,FOUNTAINE PAJOT,EURONEXT,dr_market,EQUITY
PAT.PA,,PATRIMOINE ET COMM,EURONEXT,dr_market,EQUITY
ALMDT.PA,,MEDIAN TECHNOLOGIES,EURONEXT,dr_market,EQUITY
ALBFR.PA,,SIDETRADE,EURONEXT,dr_market,EQUITY
ALDAR.PA,,DAMARTEX,EURONEXT,dr_market,EQUITY
ALMDG.PA,,MGI DIGITAL GRAPHI,EURONEXT,dr_market,EQUITY
OPN.PA,,GROUPE OPEN,EURONEXT,dr_market,EQUITY
FCMC.PA,,FERM.CASINO MUNICIPAL CANNES,EURONEXT,dr_market,EQUITY
ALAFY.PA,,AFYREN,EURONEXT,dr_market,EQUITY
GUI.PA,,GUILLEMOT,EURONEXT,dr_market,EQUITY
GRVO.PA,,GRAINES VOLTZ,EURONEXT,dr_market,EQUITY
XIL.PA,,XILAM ANIMATION,EURONEXT,dr_market,EQUITY
GNFT.PA,,GENFIT,EURONEXT,dr_market,EQUITY
CATG.PA,,CATANA GROUP,EURONEXT,dr_market,EQUITY
TRAN.PA,,TRANSITION SHARES,EURONEXT,dr_market,EQUITY
FATL.PA,,FONCIERE ATLAND,EURONEXT,dr_market,EQUITY
ALLAN.PA,,LANSON-BCC,EURONEXT,dr_market,EQUITY
GENX.PA,,GENERIX GROUP,EURONEXT,dr_market,EQUITY
MLCMG.PA,,COMPAGNIE MERCOSUR GRECEMAR SA,EURONEXT,dr_market,EQUITY
EKI.PA,,EKINOPS,EURONEXT,dr_market,EQUITY
PREC.PA,,PRECIA,EURONEXT,dr_market,EQUITY
LACR.PA,,LACROIX GROUP,EURONEXT,dr_market,EQUITY
FGA.PA,,FIGEAC AERO,EURONEXT,dr_market,EQUITY
NEXTS.PA,,NEXTSTAGE,EURONEXT,dr_market,EQUITY
FNTS.PA,,FINATIS,EURONEXT,dr_market,EQUITY
LOCAL.PA,,SOLOCAL GROUP,EURONEXT,dr_market,EQUITY
ALGAU.PA,,GAUSSIN,EURONEXT,dr_market,EQUITY
ES.PA,,ESSO,EURONEXT,dr_market,EQUITY
EUR.PA,,EURO RESSOURCES,EURONEXT,dr_market,EQUITY
ALKAL.PA,,KALRAY,EURONEXT,dr_market,EQUITY
PARP.PA,,GROUPE PARTOUCHE,EURONEXT,dr_market,EQUITY
JBOG.PA,,JACQUES BOGART,EURONEXT,dr_market,EQUITY
ALMKS.PA,,MAKING SCIENCE GROUP S.A.,EURONEXT,dr_market,EQUITY
LFDE.PA,,FRANCAISE ENERGIE,EURONEXT,dr_market,EQUITY
MLCHE.PA,,CHEOPS TECHNOLOGY,EURONEXT,dr_market,EQUITY
OSE.PA,,OSE IMMUNOTHERAPEUTICS,EURONEXT,dr_market,EQUITY
ALHEO.PA,,H2O INNOVATION INC,EURONEXT,dr_market,EQUITY
DBV.PA,,DBV TECHNOLOGIES,EURONEXT,dr_market,EQUITY
BLEE.PA,,BLEECKER,EURONEXT,dr_market,EQUITY
CIV.PA,,CRCAM ILLE-VIL.CCI,EURONEXT,dr_market,EQUITY
ALLIX.PA,,WALLIX,EURONEXT,dr_market,EQUITY
ALCLA.PA,,CLASQUIN,EURONEXT,dr_market,EQUITY
VRAP.PA,,VRANKEN-POMMERY,EURONEXT,dr_market,EQUITY
SMTPC.PA,,SMTPC,EURONEXT,dr_market,EQUITY
MBWS.PA,,MARIE BRIZARD WINE AND SPIRITS,EURONEXT,dr_market,EQUITY
PIG.PA,,HAULOTTE GROUP,EURONEXT,dr_market,EQUITY
BSD.PA,,BOURSE DIRECT,EURONEXT,dr_market,EQUITY
ALVU.PA,,VENTE UNIQUE.COM,EURONEXT,dr_market,EQUITY
ALTVO.PA,,EVOLIS,EURONEXT,dr_market,EQUITY
SEFER.PA,,SERGEFERRARI GROUP,EURONEXT,dr_market,EQUITY
PWG.PA,,PRODWAYS GROUP,EURONEXT,dr_market,EQUITY
PVL.PA,,PLAST.VAL LOIRE,EURONEXT,dr_market,EQUITY
ALSEN.PA,,SENSORION,EURONEXT,dr_market,EQUITY
ATEME.PA,,ATEME,EURONEXT,dr_market,EQUITY
MLZAM.PA,,ZCCM,EURONEXT,dr_market,EQUITY
EXPL.PA,,EXPLOSIFS PROD.CHI,EURONEXT,dr_market,EQUITY
SQI.PA,,SQLI,EURONEXT,dr_market,EQUITY
ALDEL.PA,,DELFINGEN INDUSTRY,EURONEXT,dr_market,EQUITY
ALEAC.PA,,EDILIZIACROBATICA,EURONEXT,dr_market,EQUITY
POXEL.PA,,POXEL,EURONEXT,dr_market,EQUITY
ALDNE.PA,,DONTNOD ENTERTAINMENT,EURONEXT,dr_market,EQUITY
ALHRG.PA,,HERIGE,EURONEXT,dr_market,EQUITY
MAAT.PA,,MAAT PHARMA,EURONEXT,dr_market,EQUITY
SX.PA,,CS GROUP.,EURONEXT,dr_market,EQUITY
CBOT.PA,,CBO TERRITORIA,EURONEXT,dr_market,EQUITY
ALLHB.PA,,LES HOTELS BAVEREZ,EURONEXT,dr_market,EQUITY
ALCOR.PA,,BIOCORP,EURONEXT,dr_market,EQUITY
ALGEV.PA,,GEVELOT,EURONEXT,dr_market,EQUITY
ABEO.PA,,ABEO,EURONEXT,dr_market,EQUITY
ALMOU.PA,,MOULINVEST,EURONEXT,dr_market,EQUITY
CAFO.PA,,CAFOM,EURONEXT,dr_market,EQUITY
FLO.PA,,GROUPE FLO,EURONEXT,dr_market,EQUITY
CAT31.PA,,CA TOULOUSE 31 CCI,EURONEXT,dr_market,EQUITY
CRAV.PA,,CRCAM ATL.VEND.CCI,EURONEXT,dr_market,EQUITY
CBSM.PA,,SCBSM,EURONEXT,dr_market,EQUITY
FALG.PA,,FERMENTALG,EURONEXT,dr_market,EQUITY
CRLA.PA,,CRCAM LANGUED CCI,EURONEXT,dr_market,EQUITY
COX.PA,,NICOX,EURONEXT,dr_market,EQUITY
EGR.PA,,TRANSITION EVERGREEN,EURONEXT,dr_market,EQUITY
PARRO.PA,,PARROT,EURONEXT,dr_market,EQUITY
ALVIV.PA,,VISIATIV,EURONEXT,dr_market,EQUITY
CMO.PA,,CRCAM MORBIHAN CCI,EURONEXT,dr_market,EQUITY
ATA.PA,,ATARI,EURONEXT,dr_market,EQUITY
ALLUX.PA,,INSTALLUX,EURONEXT,dr_market,EQUITY
OLG.PA,,OL GROUPE,EURONEXT,dr_market,EQUITY
ALQGC.PA,,QUANTUM GENOMICS,EURONEXT,dr_market,EQUITY
GPE.PA,,GPE GROUP PIZZORNO,EURONEXT,dr_market,EQUITY
HCO.PA,,HIGH CO,EURONEXT,dr_market,EQUITY
VMX.PA,,VERIMATRIX,EURONEXT,dr_market,EQUITY
PCA.PA,,PCAS,EURONEXT,dr_market,EQUITY
MLCMB.PA,,CIE DU MONT BLANC,EURONEXT,dr_market,EQUITY
ALREA.PA,,REALITES,EURONEXT,dr_market,EQUITY
ALMRB.PA,,MR BRICOLAGE,EURONEXT,dr_market,EQUITY
ALEXA.PA,,EXACOMPTA CLAIREFONTAINE,EURONEXT,dr_market,EQUITY
ALHYP.PA,,HIPAY GROUP,EURONEXT,dr_market,EQUITY
GEA.PA,,GEA GRENOBL.ELECT.,EURONEXT,dr_market,EQUITY
FORE.PA,,FORESTIERE EQUATORIALE,EURONEXT,dr_market,EQUITY
AMPLI.PA,,AMPLITUDE SURGICAL,EURONEXT,dr_market,EQUITY
AFME.PA,,AFFLUENT MEDICAL,EURONEXT,dr_market,EQUITY
ALQP.PA,,QUADPACK,EURONEXT,dr_market,EQUITY
CCN.PA,,CRCAM NORM.SEINE,EURONEXT,dr_market,EQUITY
DKUPL.PA,,DEKUPLE,EURONEXT,dr_market,EQUITY
CTRG.PA,,CATERING INTL SCES,EURONEXT,dr_market,EQUITY
CRSU.PA,,CRCAM SUD R.A.CCI,EURONEXT,dr_market,EQUITY
ALESE.PA,,ENTECH,EURONEXT,dr_market,EQUITY
ALFLE.PA,,FLEURY MICHON,EURONEXT,dr_market,EQUITY
ALBLD.PA,,BILENDI,EURONEXT,dr_market,EQUITY
ALPJT.PA,,POUJOULAT,EURONEXT,dr_market,EQUITY
ALSTW.PA,,STREAMWIDE,EURONEXT,dr_market,EQUITY
LBON.PA,,LEBON,EURONEXT,dr_market,EQUITY
CRTO.PA,,CRCAM TOURAINE CCI,EURONEXT,dr_market,EQUITY
AURS.PA,,AURES TECHNOLOGIES,EURONEXT,dr_market,EQUITY
ADVIC.PA,,ADVICENNE,EURONEXT,dr_market,EQUITY
MLIFS.PA,,IMPULSE FITNESS SOLUTIONS S.A.,EURONEXT,dr_market,EQUITY
EURS.PA,,FONCIERE EURIS,EURONEXT,dr_market,EQUITY
ALODC.PA,,OMER-DECUGIS & CIE EUR1,EURONEXT,dr_market,EQUITY
ALIDS.PA,,IDSUD,EURONEXT,dr_market,EQUITY
CAS.PA,,CAST,EURONEXT,dr_market,EQUITY
ALBI.PA,,GASCOGNE,EURONEXT,dr_market,EQUITY
ABNX.PA,,ABIONYX PHARMA,EURONEXT,dr_market,EQUITY
GNRO.PA,,GENEURO,EURONEXT,dr_market,EQUITY
ALBKK.PA,,BAIKOWSKI,EURONEXT,dr_market,EQUITY
AURE.PA,,AUREA,EURONEXT,dr_market,EQUITY
NAVYA.PA,,NAVYA,EURONEXT,dr_market,EQUITY
ALGBE.PA,,GLOBALBIOENERGIES,EURONEXT,dr_market,EQUITY
SOG.PA,,SOGECLAIR,EURONEXT,dr_market,EQUITY
SABE.PA,sabeton,SAINT JEAN GROUPE,EURONEXT,dr_market,EQUITY
ALECP.PA,,EUROPACORP,EURONEXT,dr_market,EQUITY
VAC.PA,,PIERRE VACANCES,EURONEXT,dr_market,EQUITY
DPT.PA,,ST DUPONT,EURONEXT,dr_market,EQUITY
ACAN.PA,,ACANTHE DEV.,EURONEXT,dr_market,EQUITY
ALINV.PA,,INVIBES ADVERTISING N.V.,EURONEXT,dr_market,EQUITY
ADVI.PA,,ADVINI,EURONEXT,dr_market,EQUITY
PAR.PA,,PAREF,EURONEXT,dr_market,EQUITY
ATI.PA,,ACTIA GROUP,EURONEXT,dr_market,EQUITY
IRD.PA,,GROUPE IRD,EURONEXT,dr_market,EQUITY
ALCJ.PA,,CROSSJECT,EURONEXT,dr_market,EQUITY
ALTBG.PA,the-blockchain-group,THE BLOCKCHAIN GROUP,EURONEXT,dr_market,EQUITY
CRLO.PA,,CRCAM LOIRE HAUTE LOIRE CCI,EURONEXT,dr_market,EQUITY
2CRSI.PA,,2CRSI,EURONEXT,dr_market,EQUITY
ALONC.PA,,ONCODESIGN,EURONEXT,dr_market,EQUITY
ALSPT.PA,,SPARTOO,EURONEXT,dr_market,EQUITY
TVRB.PA,,TELEVERBIER,EURONEXT,dr_market,EQUITY
ALVAL.PA,,VALBIOTIS,EURONEXT,dr_market,EQUITY
SPEL.PA,,FONCIERE VOLTA,EURONEXT,dr_market,EQUITY
CROS.PA,,CROSSWOOD,EURONEXT,dr_market,EQUITY
PRC.PA,,ARTMARKET.COM(EX ARTPRICE.COM),EURONEXT,dr_market,EQUITY
ERYP.PA,,ERYTECH PHARMA,EURONEXT,dr_market,EQUITY
ASP.PA,,A.S.T. GROUPE,EURONEXT,dr_market,EQUITY
ALPRO.PA,,PRODWARE,EURONEXT,dr_market,EQUITY
ALMGI.PA,,MG INTERNATIONAL,EURONEXT,dr_market,EQUITY
ALNSE.PA,,NSE,EURONEXT,dr_market,EQUITY
ALLEC.PA,,COGELEC,EURONEXT,dr_market,EQUITY
SACI.PA,,FIDUCIAL OFF.SOL.,EURONEXT,dr_market,EQUITY
TIPI.PA,,TIPIAK,EURONEXT,dr_market,EQUITY
ALLLN.PA,lleidanetworks,LLEIDA,EURONEXT,dr_market,EQUITY
ALPHI.PA,,FACEPHI,EURONEXT,dr_market,EQUITY
ALWF.PA,,WINFARM,EURONEXT,dr_market,EQUITY
PID.PA,,PARAGON ID,EURONEXT,dr_market,EQUITY
INFE.PA,,INDLE FIN.ENTREPRISES,EURONEXT,dr_market,EQUITY
CRAP.PA,,CRCAM ALP.PROV.CCI,EURONEXT,dr_market,EQUITY
ALISP.PA,,ISPD NETWORK,EURONEXT,dr_market,EQUITY
MLAAH.PA,,AMATHEON AGRI HOLDING N.V.,EURONEXT,dr_market,EQUITY
ALBPS.PA,,BIOPHYTIS,EURONEXT,dr_market,EQUITY
OREGE.PA,,OREGE,EURONEXT,dr_market,EQUITY
ADOC.PA,,ADOCIA,EURONEXT,dr_market,EQUITY
ALAGR.PA,,AGROGENERATION,EURONEXT,dr_market,EQUITY
CAPLI.PA,,CAPELLI,EURONEXT,dr_market,EQUITY
ALKEY.PA,,KEYRUS,EURONEXT,dr_market,EQUITY
MRM.PA,,M.R.M,EURONEXT,dr_market,EQUITY
TOUP.PA,,TOUAX,EURONEXT,dr_market,EQUITY
ALQWA.PA,,QWAMPLIFY,EURONEXT,dr_market,EQUITY
ALWEC.PA,,WE.CONNECT,EURONEXT,dr_market,EQUITY
ALACT.PA,,ACTICOR BIOTECH,EURONEXT,dr_market,EQUITY
ALPIX.PA,,PIXIUM VISION,EURONEXT,dr_market,EQUITY
ALMIL.PA,,1000MERCIS,EURONEXT,dr_market,EQUITY
ALTRO.PA,,TRONIC'S MICROSYSTEMS,EURONEXT,dr_market,EQUITY
ALNTG.PA,,NETGEM,EURONEXT,dr_market,EQUITY
ALECO.PA,,ECOMIAM SA,EURONEXT,dr_market,EQUITY
ALAMA.PA,,AMA CORPORATION PLC,EURONEXT,dr_market,EQUITY
ALITL.PA,,IT LINK,EURONEXT,dr_market,EQUITY
DPAM.PA,,DOCK.PETR.AMBES AM,EURONEXT,dr_market,EQUITY
BALYO.PA,,BALYO,EURONEXT,dr_market,EQUITY
MLTRA.PA,,TRAMWAYS DE ROUEN,EURONEXT,dr_market,EQUITY
ALESA.PA,,ECOSLOPS,EURONEXT,dr_market,EQUITY
ALAVY.PA,,AUDIOVALLEY,EURONEXT,dr_market,EQUITY
ORAP.PA,,ORAPI,EURONEXT,dr_market,EQUITY
ALPHE.PA,,PHERECYDES PHARMA S.A.,EURONEXT,dr_market,EQUITY
ALTAN.PA,,LE TANNEUR,EURONEXT,dr_market,EQUITY
MLHYD.PA,,HYDRAULIQUE PB,EURONEXT,dr_market,EQUITY
ALWED.PA,,WEDIA,EURONEXT,dr_market,EQUITY
ALENO.PA,,ENOGIA,EURONEXT,dr_market,EQUITY
ALNXT.PA,,NEXTEDIA,EURONEXT,dr_market,EQUITY
ALONX.PA,,ONXEO,EURONEXT,dr_market,EQUITY
MUN.PA,,MICROPOLE,EURONEXT,dr_market,EQUITY
ALRIB.PA,,RIBER,EURONEXT,dr_market,EQUITY
ALGEN.PA,,GENOWAY,EURONEXT,dr_market,EQUITY
ALSGD.PA,,SPINEGUARD,EURONEXT,dr_market,EQUITY
AKOM.PA,,AERKOMM INC,EURONEXT,dr_market,EQUITY
ALM.PA,,ALPHA MOS,EURONEXT,dr_market,EQUITY
ALLEX.PA,,LEXIBOOK LINGUIST.,EURONEXT,dr_market,EQUITY
ALADV.PA,,ADVENIS,EURONEXT,dr_market,EQUITY
ALDLS.PA,,D.L.S.I.,EURONEXT,dr_market,EQUITY
ALCOG.PA,,COGRA,EURONEXT,dr_market,EQUITY
ALKLK.PA,,KERLINK,EURONEXT,dr_market,EQUITY
MLWEL.PA,,WELL,EURONEXT,dr_market,EQUITY
ALU10.PA,,U10 CORP,EURONEXT,dr_market,EQUITY
ALVAP.PA,,KUMULUS VAPE,EURONEXT,dr_market,EQUITY
ALHYG.PA,,HYBRIGENICS,EURONEXT,dr_market,EQUITY
EDI.PA,,MEDIA 6,EURONEXT,dr_market,EQUITY
MLHOT.PA,,HOTELIM,EURONEXT,dr_market,EQUITY
ALEUA.PA,,EURASIA GROUPE,EURONEXT,dr_market,EQUITY
ALHIO.PA,,HIOLLE INDUSTRIES,EURONEXT,dr_market,EQUITY
ALTER.PA,,THERADIAG,EURONEXT,dr_market,EQUITY
LYS.PA,,LYSOGENE,EURONEXT,dr_market,EQUITY
MKEA.PA,,MAUNA KEA TECHNOLOGIES,EURONEXT,dr_market,EQUITY
MLROU.PA,,ROUSSELET CENTRIFUGATION,EURONEXT,dr_market,EQUITY
ALADA.PA,,ADA,EURONEXT,dr_market,EQUITY
ALTHE.PA,,THERACLION,EURONEXT,dr_market,EQUITY
ALWIT.PA,,WITBE,EURONEXT,dr_market,EQUITY
ALUCR.PA,,UCAR,EURONEXT,dr_market,EQUITY
ALBUD.PA,,MINT,EURONEXT,dr_market,EQUITY
ALMII.PA,,M2I,EURONEXT,dr_market,EQUITY
ALUNT.PA,,UNITI,EURONEXT,dr_market,EQUITY
ALMER.PA,,SAPMER,EURONEXT,dr_market,EQUITY
ALMLB.PA,,MILIBOO,EURONEXT,dr_market,EQUITY
ALCYB.PA,,CYBERGUN,EURONEXT,dr_market,EQUITY
PROL.PA,,PROLOGUE,EURONEXT,dr_market,EQUITY
ALAGP.PA,,AGRIPOWER,EURONEXT,dr_market,EQUITY
ALEMG.PA,,EUROMEDIS GROUPE,EURONEXT,dr_market,EQUITY
ALTRI.PA,,TRILOGIQ,EURONEXT,dr_market,EQUITY
GREV.PA,,MUSEE GREVIN,EURONEXT,dr_market,EQUITY
ALHIT.PA,,HITECHPROS,EURONEXT,dr_market,EQUITY
ALTTI.PA,,TRAVEL TECHNOLOGY,EURONEXT,dr_market,EQUITY
ALSAS.PA,,STRADIM,EURONEXT,dr_market,EQUITY
ALNRG.PA,,ENERGISME,EURONEXT,dr_market,EQUITY
EFI.PA,,EURASIA FONC INV,EURONEXT,dr_market,EQUITY
ALVGO.PA,,VOGO,EURONEXT,dr_market,EQUITY
ALTUR.PA,,ALTUR INVESTISSEMENT,EURONEXT,dr_market,EQUITY
ALKOM.PA,,PLASTICOS COMPUESTOS S.A. (KOMPUESTOS),EURONEXT,dr_market,EQUITY
ALCOI.PA,,COIL,EURONEXT,dr_market,EQUITY
ALDRV.PA,drone-volt,DRONE VOLT,EURONEXT,dr_market,EQUITY
ALMAR.PA,,MARE NOSTRUM,EURONEXT,dr_market,EQUITY
ITE.PA,,ITESOFT,EURONEXT,dr_market,EQUITY
ALPOU.PA,,POULAILLON,EURONEXT,dr_market,EQUITY
PSAT.PA,,PASSAT,EURONEXT,dr_market,EQUITY
ALTIV.PA,,TIVOLY,EURONEXT,dr_market,EQUITY
ALCHI.PA,,ALCHIMIE SA,EURONEXT,dr_market,EQUITY
ALHF.PA,,HF COMPANY,EURONEXT,dr_market,EQUITY
COM.PA,,CNIM GROUP,EURONEXT,dr_market,EQUITY
ALMUN.PA,,MUNIC,EURONEXT,dr_market,EQUITY
ALROC.PA,,ROCTOOL,EURONEXT,dr_market,EQUITY
HOP.PA,,HOPSCOTCH GROUPE,EURONEXT,dr_market,EQUITY
ALTHX.PA,,THERANEXUS,EURONEXT,dr_market,EQUITY
ALAGO.PA,,E-PANGO,EURONEXT,dr_market,EQUITY
ALDNX.PA,,DNXCORP,EURONEXT,dr_market,EQUITY
ALMIB.PA,,AMOEBA,EURONEXT,dr_market,EQUITY
ALUVI.PA,,UV GERMI,EURONEXT,dr_market,EQUITY
PROAC.PA,,PROACTIS SA,EURONEXT,dr_market,EQUITY
ALENE.PA,,ENERTIME,EURONEXT,dr_market,EQUITY
ALPAT.PA,,PLANT ADVANCED,EURONEXT,dr_market,EQUITY
ALNOX.PA,,NOXXON PHARMA,EURONEXT,dr_market,EQUITY
ALVER.PA,,VERGNET,EURONEXT,dr_market,EQUITY
DGM.PA,,DIAGNOSTIC MEDICAL,EURONEXT,dr_market,EQUITY
ALINN.PA,,INNELEC MULTIMEDIA,EURONEXT,dr_market,EQUITY
ALBDM.PA,,BD MULTI MEDIA,EURONEXT,dr_market,EQUITY
ALPAU.PA,,PAULIC MEUNERIE,EURONEXT,dr_market,EQUITY
ALUPG.PA,,UPERGY,EURONEXT,dr_market,EQUITY
MLNMA.PA,,MIGUET ET ASSOCIES,EURONEXT,dr_market,EQUITY
ALNSC.PA,,NSC GROUPE,EURONEXT,dr_market,EQUITY
ALCUR.PA,,ARCURE,EURONEXT,dr_market,EQUITY
ALINS.PA,,INTRASENSE,EURONEXT,dr_market,EQUITY
MLLCB.PA,,CONSTRUCTEURS BOIS,EURONEXT,dr_market,EQUITY
ALOSM.PA,,OSMOZIS,EURONEXT,dr_market,EQUITY
MLEDR.PA,,EAUX DE ROYAN,EURONEXT,dr_market,EQUITY
MLONL.PA,,ONLINEFORMAPRO,EURONEXT,dr_market,EQUITY
ALENT.PA,,ENTREPARTICULIERS,EURONEXT,dr_market,EQUITY
ALPAR.PA,,GROUPE PAROT,EURONEXT,dr_market,EQUITY
FIPP.PA,,FIPP,EURONEXT,dr_market,EQUITY
ALNLF.PA,,NEOLIFE,EURONEXT,dr_market,EQUITY
MLETA.PA,,METALLIANCE,EURONEXT,dr_market,EQUITY
ALKKO.PA,,KKO INTERNATIONAL,EURONEXT,dr_market,EQUITY
GID.PA,,EGIDE,EURONEXT,dr_market,EQUITY
ALCOF.PA,,COFIDUR S.A.,EURONEXT,dr_market,EQUITY
NR21.PA,,NR 21,EURONEXT,dr_market,EQUITY
ALORA.PA,,ALTHEORA,EURONEXT,dr_market,EQUITY
ALGIR.PA,,SIGNAUX GIROD,EURONEXT,dr_market,EQUITY
ALSPW.PA,,SPINEWAY,EURONEXT,dr_market,EQUITY
SDT.PA,,VISIODENT,EURONEXT,dr_market,EQUITY
ADUX.PA,,ADUX,EURONEXT,dr_market,EQUITY
ALAMG.PA,,AUPLATA MINING GROUP (AMG),EURONEXT,dr_market,EQUITY
ALEO2.PA,,EO2,EURONEXT,dr_market,EQUITY
TAYN.PA,,TAYNINH,EURONEXT,dr_market,EQUITY
ALDV.PA,,ADC SIIC,EURONEXT,dr_market,EQUITY
ALEMV.PA,,EMOVA GROUP,EURONEXT,dr_market,EQUITY
ALPRI.PA,,PRISMAFLEX INTL,EURONEXT,dr_market,EQUITY
CIB.PA,,CIBOX INTER A CTIV,EURONEXT,dr_market,EQUITY
ALSEI.PA,,SOCIETA EDITORIALE IL FATTO,EURONEXT,dr_market,EQUITY
ALMND.PA,,MND,EURONEXT,dr_market,EQUITY
ALSAF.PA,,SAFE,EURONEXT,dr_market,EQUITY
MLHYE.PA,,HYDRO-EXPLOIT.,EURONEXT,dr_market,EQUITY
ALUCI.PA,,LUCIBEL,EURONEXT,dr_market,EQUITY
HDP.PA,,HOTELS DE PARIS,EURONEXT,dr_market,EQUITY
ALVMG.PA,,VISIOMED GROUP,EURONEXT,dr_market,EQUITY
BERR.PA,,FIN.IMMOB.ETANG BERRE MEDIT.,EURONEXT,dr_market,EQUITY
ALOBR.PA,,OBER,EURONEXT,dr_market,EQUITY
ALDUB.PA,,ENCRES DUBUIT,EURONEXT,dr_market,EQUITY
COH.PA,,COHERIS,EURONEXT,dr_market,EQUITY
GV.PA,,GENOMIC VISION,EURONEXT,dr_market,EQUITY
ALBLU.PA,,BLUELINEA,EURONEXT,dr_market,EQUITY
ALTXC.PA,,TXCOM,EURONEXT,dr_market,EQUITY
ALDEI.PA,,DEINOVE,EURONEXT,dr_market,EQUITY
ALCG.PA,,CABASSE GROUP,EURONEXT,dr_market,EQUITY
ALDBT.PA,,DBT,EURONEXT,dr_market,EQUITY
MLMAD.PA,,MADE,EURONEXT,dr_market,EQUITY
MLMON.PA,,MONFINANCIER,EURONEXT,dr_market,EQUITY
ALAQU.PA,,AQUILA,EURONEXT,dr_market,EQUITY
ALMAS.PA,,MASTRAD,EURONEXT,dr_market,EQUITY
ALNEV.PA,,NEOVACS,EURONEXT,dr_market,EQUITY
MEMS.PA,,MEMSCAP REGPT,EURONEXT,dr_market,EQUITY
ALBOO.PA,,BOOSTHEAT,EURONEXT,dr_market,EQUITY
MLPRX.PA,,PARX MATERIALS NV,EURONEXT,dr_market,EQUITY
ALPLA.PA,,PLANET MEDIA,EURONEXT,dr_market,EQUITY
COUR.PA,,COURTOIS,EURONEXT,dr_market,EQUITY
MLCOU.PA,,COURBET,EURONEXT,dr_market,EQUITY
MLALV.PA,,ALVEEN,EURONEXT,dr_market,EQUITY
ALADM.PA,,ADTHINK,EURONEXT,dr_market,EQUITY
ALINT.PA,,INTEGRAGEN,EURONEXT,dr_market,EQUITY
ALKLA.PA,,KLARSEN,EURONEXT,dr_market,EQUITY
ALI2S.PA,,I2S,EURONEXT,dr_market,EQUITY
ALMNG.PA,,MADVERTISE,EURONEXT,dr_market,EQUITY
MLERO.PA,,EUROLAND CORPORATE,EURONEXT,dr_market,EQUITY
ALEUP.PA,,EUROPLASMA,EURONEXT,dr_market,EQUITY
ALNN6.PA,,ENENSYS,EURONEXT,dr_market,EQUITY
ALIMR.PA,,IMMERSION,EURONEXT,dr_market,EQUITY
MLNEO.PA,,NEOCOM MULTIMEDIA,EURONEXT,dr_market,EQUITY
ALVIA.PA,,VIALIFE,EURONEXT,dr_market,EQUITY
ALARF.PA,,ADEUNIS,EURONEXT,dr_market,EQUITY
SFCA.PA,,SOC FRANC CASINOS,EURONEXT,dr_market,EQUITY
ALMAK.PA,,MAKHEIA GROUP,EURONEXT,dr_market,EQUITY
ALPHS.PA,,PHARMASIMPLE,EURONEXT,dr_market,EQUITY
ALDOL.PA,,DOLFINES,EURONEXT,dr_market,EQUITY
EOS.PA,,ACTEOS,EURONEXT,dr_market,EQUITY
ALPCV.PA,,CERINNOV GROUP,EURONEXT,dr_market,EQUITY
AUGR.PA,,AUGROS COSMETICS,EURONEXT,dr_market,EQUITY
MLLOI.PA,,LOCASYSTEM INTL,EURONEXT,dr_market,EQUITY
GJAJ.PA,,GROUPE JAJ,EURONEXT,dr_market,EQUITY
ALDBL.PA,,BERNARD LOISEAU,EURONEXT,dr_market,EQUITY
MLIMP.PA,,IMPRIMERIE CHIRAT,EURONEXT,dr_market,EQUITY
FPN.PA,,SOCIETE PARISIENNE D'APPORTS EN CAPITAL - SPAC,EURONEXT,dr_market,EQUITY
ALFBA.PA,,FASHION B AIR,EURONEXT,dr_market,EQUITY
BUI.PA,,BARBARA BUI,EURONEXT,dr_market,EQUITY
ALGEC.PA,,GECI INTL,EURONEXT,dr_market,EQUITY
ALDR.PA,,DELTA DRONE,EURONEXT,dr_market,EQUITY
MLPAC.PA,,PACTE NOVATION,EURONEXT,dr_market,EQUITY
ALICR.PA,,I.CERAM,EURONEXT,dr_market,EQUITY
FINM.PA,,FINANCIERE MARJOS,EURONEXT,dr_market,EQUITY
FPG.PA,,UNION TECH.INFOR.,EURONEXT,dr_market,EQUITY
AVT.PA,,AVENIR TELECOM,EURONEXT,dr_market,EQUITY
ALENR.PA,,ENTREPRENDRE,EURONEXT,dr_market,EQUITY
ALIMP.PA,,IMPLANET,EURONEXT,dr_market,EQUITY
FAUV.PA,,FAUVET GIREL,EURONEXT,dr_market,EQUITY
ALGLD.PA,,GOLD BY GOLD,EURONEXT,dr_market,EQUITY
ALADO.PA,,ADOMOS,EURONEXT,dr_market,EQUITY
ALDEV.PA,,DEVERNOIS,EURONEXT,dr_market,EQUITY
ALSIM.PA,,KLIMVEST P.L.C.,EURONEXT,dr_market,EQUITY
ALALO.PA,,ACHETER-LOUER.FR,EURONEXT,dr_market,EQUITY
MLOCT.PA,,OCTOPUS BIOSAFETY,EURONEXT,dr_market,EQUITY
MLIDS.PA,,IDS,EURONEXT,dr_market,EQUITY
MLBAT.PA,,BATLA MINERALS,EURONEXT,dr_market,EQUITY
ALJXR.PA,,ARCHOS,EURONEXT,dr_market,EQUITY
ALPHA.PA,,PHARNEXT,EURONEXT,dr_market,EQUITY
MLAHC.PA,,HEALTH,EURONEXT,dr_market,EQUITY
ALLOG.PA,,LOGIC INSTRUMENT,EURONEXT,dr_market,EQUITY
MLTRO.PA,,TROC ILE,EURONEXT,dr_market,EQUITY
MLMGL.PA,,MAGILLEM DESIGN SERVICES,EURONEXT,dr_market,EQUITY
MLVER.PA,,VERNEY CARRON,EURONEXT,dr_market,EQUITY
ALTBM.PA,,LES TOQUES BLANCHES DU MONDE,EURONEXT,dr_market,EQUITY
FAYE.PA,,FAYENC.SARREGUEMINES DIGOIN,EURONEXT,dr_market,EQUITY
MLWEA.PA,,WEACCESS GROUP,EURONEXT,dr_market,EQUITY
MLAUD.PA,,AUDIENCE LABS,EURONEXT,dr_market,EQUITY
ALRPD.PA,,RAPID NUTRITION,EURONEXT,dr_market,EQUITY
ALIMO.PA,,GROUPIMO,EURONEXT,dr_market,EQUITY
MLWEY.PA,,WEYA,EURONEXT,dr_market,EQUITY
MLVIS.PA,,VISIO NERF,EURONEXT,dr_market,EQUITY
SEC.PA,,SODITECH ING.,EURONEXT,dr_market,EQUITY
CHSR.PA,,CHAUSSERIA,EURONEXT,dr_market,EQUITY
MLIFC.PA,,INFOCLIP,EURONEXT,dr_market,EQUITY
MLSEQ.PA,,SEQUA PETROLEUM NV,EURONEXT,dr_market,EQUITY
MLFTI.PA,,FRANCE TOURISME IMMOBILIER,EURONEXT,dr_market,EQUITY
MLPHW.PA,,PHONE WEB,EURONEXT,dr_market,EQUITY
LEBL.PA,,FONCIERE 7 INVEST,EURONEXT,dr_market,EQUITY
MLGAL.PA,,GALEO,EURONEXT,dr_market,EQUITY
CFI.PA,,CIE FONC INTL(CFI),EURONEXT,dr_market,EQUITY
MLIML.PA,,IMALLIANCE,EURONEXT,dr_market,EQUITY
MLEDS.PA,,EDITIONS DU SIGNE,EURONEXT,dr_market,EQUITY
MLGML.PA,,GOUR MEDICAL,EURONEXT,dr_market,EQUITY
ALCES.PA,,CESAR,EURONEXT,dr_market,EQUITY
MLSML.PA,,SMALTO,EURONEXT,dr_market,EQUITY
