symbol,shortName,longName,exchange,market,quoteType
NICE.TA,NICE LTD,NICE Ltd.,TLV,il_market,EQUITY
LUMI.TA,BK LEUMI LE ISRAEL,Bank Leumi le- Israel B.M.,TLV,il_market,EQUITY
POLI.TA,BANK HAPOALIM B.M.,Bank Hapoalim B.M.,TLV,il_market,EQUITY
ICL.TA,ICL GROUP LTD,ICL Group Ltd,TLV,il_market,EQUITY
AZRG.TA,AZRIELI GROUP,Azrieli Group Ltd,TLV,il_market,EQUITY
MZTF.TA,MIZRAHI TEFAHOT BK,Mizrahi Tefahot Bank Ltd.,TLV,il_market,EQUITY
TEVA.TA,TEVA PHARMA IND,Teva Pharmaceutical Industries Limited,TLV,il_market,EQUITY
DSCT.TA,ISRAEL DISCOUNT BK,Israel Discount Bank Limited,TLV,il_market,EQUITY
ESLT.TA,ELBIT SYSTEMS LTD,Elbit Systems Ltd.,TLV,il_market,EQUITY
PRGO.TA,PERRIGO CO PLC,Perrigo Company plc,TLV,il_market,EQUITY
BEZQ.TA,BEZEQ ISRAEL TELCM,Bezeq The Israel Telecommunication Corp. Ltd,TLV,il_market,EQUITY
MLSR.TA,MELISRON,Melisron Ltd.,TLV,il_market,EQUITY
FIBI.TA,FIRST INTER BK ISR,First International Bank of Israel Ltd,TLV,il_market,EQUITY
ORA.TA,ORMAT TECHNOLOGIES,"Ormat Technologies, Inc.",TLV,il_market,EQUITY
TSEM.TA,TOWER SEMICONDUCTO,Tower Semiconductor Ltd.,TLV,il_market,EQUITY
AMOT.TA,AMOT INVESTMENTS,Amot Investment Ltd,TLV,il_market,EQUITY
NVMI.TA,NOVA LTD,Nova Ltd.,TLV,il_market,EQUITY
STRS.TA,STRAUSS GROUP LTD,Strauss Group Ltd.,TLV,il_market,EQUITY
ILCO.TA,ISRAEL CORP,Israel Corporation Ltd,TLV,il_market,EQUITY
BIG.TA,BIG SHOPPING CENTE,BIG Shopping Centers Ltd,TLV,il_market,EQUITY
MVNE.TA,MIVNE REAL ESTATE,Mivne Real Estate (K.D) Ltd,TLV,il_market,EQUITY
SPEN.TA,SHAPIR ENGINEERING,Shapir Engineering and Industry Ltd,TLV,il_market,EQUITY
ALHE.TA,ALONY HETZ,Alony-Hetz Properties & Investments Ltd,TLV,il_market,EQUITY
PHOE.TA,PHOENIX HLDGS LTD,The Phoenix Holdings Ltd.,TLV,il_market,EQUITY
OPK.TA,OPKO HEALTH INC,"OPKO Health, Inc.",TLV,il_market,EQUITY
SKBN.TA,SHIKUN & BINUI LTD,Shikun & Binui Ltd.,TLV,il_market,EQUITY
ASHG.TA,ASHTROM GROUP LTD,Ashtrom Group Ltd.,TLV,il_market,EQUITY
ARPT.TA,AIRPORT CITY,Airport City Ltd.,TLV,il_market,EQUITY
KEN.TA,KENON HLDGS LTD,Kenon Holdings Ltd.,TLV,il_market,EQUITY
ELTR.TA,ELECTRA LTD,Electra Limited,TLV,il_market,EQUITY
MTRN.TA,MAYTRONICS LTD,Maytronics Ltd.,TLV,il_market,EQUITY
GVYM.TA,GAV-YAM LANDS CORP,Gav-Yam Lands Corp. Ltd,TLV,il_market,EQUITY
FOX.TA,FOX-WIZEL LTD,Fox-Wizel Ltd.,TLV,il_market,EQUITY
HARL.TA,HAREL INS INVS,Harel Insurance Investments & Financial Services Ltd,TLV,il_market,EQUITY
AFPR.TA,AFI PROPERTIES,AFI Properties Ltd,TLV,il_market,EQUITY
LPSN.TA,LIVEPERSON INC,"LivePerson, Inc.",TLV,il_market,EQUITY
SAE.TA,SHUFERSAL LTD,Shufersal Ltd.,TLV,il_market,EQUITY
ENOG.TA,ENERGEAN PLC,Energean plc,TLV,il_market,EQUITY
ENLT.TA,ENLIGHT RENEWABLE,Enlight Renewable Energy Ltd,TLV,il_market,EQUITY
OPCE.TA,OPC ENERGY LTD,OPC Energy Ltd.,TLV,il_market,EQUITY
ELCO.TA,ELCO LTD,Elco Ltd.,TLV,il_market,EQUITY
ENRG.TA,ENERGIXS-RENEWABLE,Energix - Renewable Energies Ltd,TLV,il_market,EQUITY
ISCN.TA,ISRAEL CANADA T.R,Israel Canada (T.R) Ltd,TLV,il_market,EQUITY
MTRX.TA,MATRIX IT LTD,Matrix IT Ltd.,TLV,il_market,EQUITY
CAMT.TA,CAMTEK,Camtek Ltd.,TLV,il_market,EQUITY
MGDL.TA,MIGDAL INS & FINAN,Migdal Insurance and Financial Holdings Ltd.,TLV,il_market,EQUITY
DIMRI.TA,DIMRI,Y.H. Dimri Construction & Development Ltd,TLV,il_market,EQUITY
SPNS.TA,SAPIENS INTL CP NV,Sapiens International Corporation N.V.,TLV,il_market,EQUITY
CLIS.TA,CLAL INSURANCE ENT,Clal Insurance Enterprises Holdings Ltd.,TLV,il_market,EQUITY
FIBIH.TA,F.I.B.I. HLDGS,F.I.B.I. Holdings Ltd,TLV,il_market,EQUITY
MGOR.TA,MEGA OR HOLDINGS L,Mega Or Holdings Ltd,TLV,il_market,EQUITY
ISRO.TA,ISROTEL LTD,Isrotel Ltd.,TLV,il_market,EQUITY
FTAL.TA,FATTAL HOLDINGS,Fattal Holdings (1998) Ltd,TLV,il_market,EQUITY
DLEKG.TA,DELEK GROUP,Delek Group Ltd.,TLV,il_market,EQUITY
RTLS.TA,RETAILORS LTD,Retailors Ltd,TLV,il_market,EQUITY
ARNA.TA,ARENA STAR GROUP L,Arena Star Group Ltd.,TLV,il_market,EQUITY
SMT.TA,SUMMIT R/EST HLDGS,Summit Real Estate Holdings Ltd.,TLV,il_market,EQUITY
PZOL.TA,PAZ OIL CO LTD,Paz Oil Company Ltd.,TLV,il_market,EQUITY
MMHD.TA,MENORA MIVTACHIM,Menora Mivtachim Holdings Ltd,TLV,il_market,EQUITY
EQTL.TA,EQUITAL,Equital Ltd.,TLV,il_market,EQUITY
PTNR.TA,PARTNER COMMUNICAT,Partner Communications Company Ltd.,TLV,il_market,EQUITY
HLAN.TA,HILAN LTD,Hilan Ltd.,TLV,il_market,EQUITY
ALRPR.TA,ALROV PROPERTIES,Alrov Properties and Lodgings Ltd.,TLV,il_market,EQUITY
DLEA.TA,DELEK AUTOMOTIV,Delek Automotive Systems Ltd.,TLV,il_market,EQUITY
ISRS.TA,ISRAS INVESTMNT CO,Isras Investment Company Ltd,TLV,il_market,EQUITY
ONE.TA,ONE SOFTWARE TECHN,One Software Technologies Ltd,TLV,il_market,EQUITY
RIT1.TA,REIT 1 LTD,Reit 1 Ltd,TLV,il_market,EQUITY
SANO1.TA,SANO-BRUNO'S ENTER,Sano Bruno's Enterprises Ltd,TLV,il_market,EQUITY
DANE.TA,DANEL-ADIR YEHOSHU,Danel (Adir Yeoshua) Ltd,TLV,il_market,EQUITY
ECP.TA,ELECTRA CONSUMER P,Electra Consumer Products (1970) Ltd,TLV,il_market,EQUITY
BCNV.TA,BRACK CAPITAL PROP,Brack Capital Properties NV,TLV,il_market,EQUITY
TDRN.TA,TADIRAN GROUP LTD,Tadiran Group Ltd,TLV,il_market,EQUITY
VRDS.TA,VERIDIS ENVIRONMEN,Veridis Environment Ltd,TLV,il_market,EQUITY
AZRM.TA,AZORIM INV DEV,"Azorim-Investment, Development & Construction Co. Ltd",TLV,il_market,EQUITY
NYAX.TA,NAYAX LTD,Nayax Ltd.,TLV,il_market,EQUITY
GZT.TA,GAZIT GLOBE,Gazit Globe Ltd,TLV,il_market,EQUITY
ELCRE.TA,ELECTRA REAL ESTAT,Electra Real Estate Ltd.,TLV,il_market,EQUITY
YHNF.TA,M YOCHANANOF & SON,M.Yochananof and Sons (1988) Ltd,TLV,il_market,EQUITY
RMLI.TA,RAMI LEVI CHAIN,Rami Levi Chain Stores Hashikma Marketing 2006 Ltd,TLV,il_market,EQUITY
DANH.TA,DAN HOTELS LTD,Dan Hotels Ltd,TLV,il_market,EQUITY
AUDC.TA,AUDIOCODES,AudioCodes Ltd.,TLV,il_market,EQUITY
PTBL.TA,PROPERTY & BLDG,Property & Building Corp. Ltd.,TLV,il_market,EQUITY
ISCD.TA,ISRACARD LTD,Isracard Ltd.,TLV,il_market,EQUITY
BLSR.TA,BLUE SQUARE REAL,Blue Square Real Estate Ltd,TLV,il_market,EQUITY
ASPF.TA,ALTSHU FUND PEN,Altshuler Shaham Provident Funds and Pension Ltd,TLV,il_market,EQUITY
ARAD.TA,ARAD INVESTMENT,Arad Investment & Industrial Development Ltd.,TLV,il_market,EQUITY
VILR.TA,VILLAR INTL LTD,Villar International Ltd.,TLV,il_market,EQUITY
MGIC.TA,MAGIC SOFTWARE ENT,Magic Software Enterprises Ltd.,TLV,il_market,EQUITY
NOFR.TA,O.Y. NOFAR ENERGY,O.Y. Nofar Energy Ltd,TLV,il_market,EQUITY
ORL.TA,OIL REFINERIES LTD,Oil Refineries Ltd.,TLV,il_market,EQUITY
DNYA.TA,DNYA CEBUS,Danya Cebus Ltd,TLV,il_market,EQUITY
PERI.TA,PERION NETWORK LTD,Perion Network Ltd.,TLV,il_market,EQUITY
CEL.TA,CELLCOM ISRAEL LTD,Cellcom Israel Ltd.,TLV,il_market,EQUITY
AFRE.TA,AFRICA ISRAEL RESI,Africa Israel Residences Ltd,TLV,il_market,EQUITY
PRSK.TA,PRASHKOVSKY INVS,Prashkovsky Investments and Construction Ltd.,TLV,il_market,EQUITY
TRPZ.TA,TURPAZ INDUSTRIES,Turpaz Industries Ltd,TLV,il_market,EQUITY
MLTM.TA,MALAM TEAM LTD,Malam - Team Ltd,TLV,il_market,EQUITY
SLARL.TA,SELLA CAPITAL REAL,Sella Capital Real Estate Ltd.,TLV,il_market,EQUITY
DIFI.TA,DIRECT FINANCE OF,Direct Finance of Direct Group (2006) Ltd,TLV,il_market,EQUITY
LAPD.TA,LAPIDOTH CAP,Lapidoth Capital Ltd,TLV,il_market,EQUITY
ISRA-L.TA,ISRAMCO NEGEV 2,Isramco Negev 2 Limited Partnership,TLV,il_market,EQUITY
PLSN.TA,PLASSON INDUSTRIES,Plasson Industries Ltd,TLV,il_market,EQUITY
NTML.TA,NETO MALINDA,Neto Malinda Trading Ltd.,TLV,il_market,EQUITY
NFTA.TA,NAPHTHA ISRAEL PET,Naphtha Israel Petroleum Corp. Ltd.,TLV,il_market,EQUITY
ARGO.TA,ARGO PROPERTIES NV,ARGO Properties N.V.,TLV,il_market,EQUITY
RATI-L.TA,RATIO L,Ratio Oil Explorations (1992) – Limited Partnership,TLV,il_market,EQUITY
ISHI.TA,ISRAEL SHIPYARDS,Israel Shipyards Industries Ltd,TLV,il_market,EQUITY
DORL.TA,DORAL GP RENEWABLE,Doral Group Renewable Energy Resources Ltd,TLV,il_market,EQUITY
INRM.TA,INROM CONSTRUCTION,Inrom Construction Industries Ltd,TLV,il_market,EQUITY
FRSM.TA,FRESHMARKET LTD,Freshmarket Ltd,TLV,il_market,EQUITY
DLTI.TA,DELTA BRANDS,Delta Israel Brands Ltd,TLV,il_market,EQUITY
ILDC.TA,ISRAEL LAND DEVEL,The Israel Land Development Company Ltd.,TLV,il_market,EQUITY
AURA.TA,AURA,Aura Investments Ltd.,TLV,il_market,EQUITY
ELWS.TA,ELECTREON WIRELESS,Electreon Wireless Ltd,TLV,il_market,EQUITY
CRSO.TA,CARASSO MOTORS LTD,Carasso Motors Ltd.,TLV,il_market,EQUITY
TRX.TA,TERMINAL X ONLINE,Terminal X Online Ltd.,TLV,il_market,EQUITY
LVPR.TA,LEVINSTEIN PROPERT,Levinstein Properties Ltd,TLV,il_market,EQUITY
POLP.TA,POLYRAM PLASTIC IN,Polyram Plastic Industries LTD,TLV,il_market,EQUITY
IES.TA,IES,I.E.S Holdings Ltd,TLV,il_market,EQUITY
IDIN.TA,IDI INSUR,I.D.I. Insurance Company Ltd.,TLV,il_market,EQUITY
DRAL.TA,DOR ALON ENERGY IN,Dor Alon Energy In Israel (1988) Ltd,TLV,il_market,EQUITY
TASE.TA,TEL AVIV STOCK EXC,The Tel-Aviv Stock Exchange Ltd.,TLV,il_market,EQUITY
NVPT-L.TA,NAVITAS PETROLEUM,"Navitas Petroleum, Limited Partnership",TLV,il_market,EQUITY
DISI.TA,DISCOUNT INV,Discount Investment Corporation Ltd.,TLV,il_market,EQUITY
VTNA.TA,VITANIA LTD,Vitania Ltd.,TLV,il_market,EQUITY
PFLT.TA,PENNANTPARK FLTNG,PennantPark Floating Rate Capital Ltd.,TLV,il_market,EQUITY
LEVI.TA,MESHULAM LEVINSTEI,Meshulam Levinstein Contracting & Engineering Ltd.,TLV,il_market,EQUITY
SCOP.TA,SCOPE METALS GROUP,Scope Metals Group Ltd.,TLV,il_market,EQUITY
DIPL.TA,DIPLOMAT HOLDI.,Diplomat Holdings Ltd,TLV,il_market,EQUITY
BCOM.TA,B COMMUNICATIONS L,B Communications Ltd,TLV,il_market,EQUITY
MAXO.TA,MAX STOCK LTD.,Max Stock Ltd.,TLV,il_market,EQUITY
NVLG.TA,NOVOLOG,Novolog (Pharm-Up 1966) Ltd,TLV,il_market,EQUITY
MNRT.TA,MENIVIM REIT,Menivim - The New Reit Ltd,TLV,il_market,EQUITY
HAP.TA,HADERA PAPER LTD,Hadera Paper Ltd.,TLV,il_market,EQUITY
RMON.TA,RIMON CONSULTING &,Rimon Consulting & Management Services Ltd.,TLV,il_market,EQUITY
RADA.TA,RADA,RADA Electronic Industries Ltd.,TLV,il_market,EQUITY
MDTR.TA,MEDITERRANEAN TOWE,Mediterranean Towers Ltd.,TLV,il_market,EQUITY
GNRS.TA,GENERATION CAPITAL,Generation Capital Ltd,TLV,il_market,EQUITY
GILT.TA,GILAT SATELLITE NE,Gilat Satellite Networks Ltd.,TLV,il_market,EQUITY
BONS.TA,BONUS BIOGROUP,Bonus BioGroup Ltd.,TLV,il_market,EQUITY
ALLT.TA,ALLOT LTD,Allot Ltd.,TLV,il_market,EQUITY
ADGR.TA,ADGAR INVEST & DEV,Adgar Investments and Development Ltd,TLV,il_market,EQUITY
ISTA.TA,ISSTA LINES LTD,Issta Lines Ltd.,TLV,il_market,EQUITY
PRTC.TA,PRIORTECH,Priortech Ltd,TLV,il_market,EQUITY
CLBV.TA,CLAL INDUSTRI.&.B,Clal Industries and Beverages Ltd,TLV,il_market,EQUITY
KRUR.TA,KERUR HOLDINGS LTD,Kerur Holdings Ltd.,TLV,il_market,EQUITY
PLRM.TA,PALRAM INDUSTRIES,Palram Industries (1990) Ltd,TLV,il_market,EQUITY
IBI.TA,IBI INV HOUSE,I.B.I Investment House Ltd.,TLV,il_market,EQUITY
TTAM.TA,TIV TAAM HLDGS 1,Tiv Taam Holdings 1 Ltd.,TLV,il_market,EQUITY
ARD.TA,ARAD LTD,Arad Ltd.,TLV,il_market,EQUITY
KARE.TA,KARDAN REAL ESTATE,Kardan Real Estate Enterprise and Development Ltd.,TLV,il_market,EQUITY
ACKR.TA,ACKERSTEIN GROUP L,Ackerstein Group Ltd,TLV,il_market,EQUITY
CMDR.TA,COMPUTER DIRECT,Computer Direct Group Ltd.,TLV,il_market,EQUITY
AFHL.TA,AFCON HOLDINGS LTD,Afcon Holdings Ltd,TLV,il_market,EQUITY
MISH.TA,MIVTACH SHAMIR HDS,Mivtach Shamir Holdings Ltd,TLV,il_market,EQUITY
HAMAT.TA,HAMAT GROUP LTD,Hamat Group Ltd.,TLV,il_market,EQUITY
SHVA.TA,AUTOMATIC BANK,Automatic Bank Services Limited,TLV,il_market,EQUITY
MTDS.TA,MEITAV DASH INV,Meitav DASH Investments Ltd,TLV,il_market,EQUITY
TLSY.TA,TELSYS LTD,Telsys Ltd.,TLV,il_market,EQUITY
EMCO.TA,E & M COMPUTING,E & M Computing Ltd.,TLV,il_market,EQUITY
APLP.TA,APOLLO POWER,Apollo Power Ltd,TLV,il_market,EQUITY
CGEN.TA,COMPUGEN,Compugen Ltd.,TLV,il_market,EQUITY
AZRT.TA,REIT AZORIM - H.F,Reit Azorim - Living Ltd,TLV,il_market,EQUITY
RANI.TA,RANI ZIM,Rani Zim Shopping Centers Ltd,TLV,il_market,EQUITY
HNMR.TA,HANAN MOR GRP HLDG,Hanan Mor Group - Holdings Ltd,TLV,il_market,EQUITY
SPGE.TA,SUPERGAS ENERGY LT,Supergas Energy Ltd,TLV,il_market,EQUITY
HRON.TA,HIRON TRADE INVS,Hiron-Trade Investments & Industrial Buildings Ltd,TLV,il_market,EQUITY
AQUA.TA,AQUARIUS EN,Aquarius Engines (A.M) Ltd.,TLV,il_market,EQUITY
JBNK.TA,BANK OF JERUSALEM,Bank of Jerusalem Ltd.,TLV,il_market,EQUITY
ECNR.TA,ECONERGY RENEWABLE,Econergy Renewable Energy Ltd.,TLV,il_market,EQUITY
GLBX.TA,GLASSBOX LTD,Glassbox Ltd,TLV,il_market,EQUITY
NAWI.TA,NAWI BROTHERS GROU,Nawi Brothers Group Ltd,TLV,il_market,EQUITY
ATRY.TA,ATREYU CAP,Atreyu Capital Markets Ltd,TLV,il_market,EQUITY
MGRT.TA,MEGUREIT ISRAEL,Megureit Israel Ltd,TLV,il_market,EQUITY
AUGN.TA,AUGWIND,Augwind Energy Tech Storage Ltd,TLV,il_market,EQUITY
VCTR.TA,VICTORY SUPERMARKE,Victory Supermarket Chain Ltd,TLV,il_market,EQUITY
TPGM.TA,TOP GUM INDUSTRIES,TopGum Industries Ltd.,TLV,il_market,EQUITY
INCR.TA,INTERCURE LTD,InterCure Ltd.,TLV,il_market,EQUITY
GNCL.TA,GENCELL LTD,Gencell Ltd,TLV,il_market,EQUITY
NSTR.TA,NORSTAR HLDGS INC,Norstar Holdings Inc.,TLV,il_market,EQUITY
MRIN.TA,Y.D. MORE INVST,Y.D. More Investments Ltd,TLV,il_market,EQUITY
HGGE.TA,HAGAG EUROPE DEVEL,Hagag Europe Development Z.F. Ltd,TLV,il_market,EQUITY
CAST.TA,CASTRO MODEL,Castro Model Ltd.,TLV,il_market,EQUITY
FBRT.TA,FMS ENTERPR. MIGUN,FMS Enterprises Migun Ltd.,TLV,il_market,EQUITY
ZMH.TA,Z.M.H HAMMERMAN LT,Z.M.H Hammerman Ltd,TLV,il_market,EQUITY
KMDA.TA,KAMADA LTD,Kamada Ltd.,TLV,il_market,EQUITY
KSTN.TA,KEYSTONE REIT LTD,Keystone REIT Ltd.,TLV,il_market,EQUITY
SOFW.TA,SOFWAVE MEDICAL,SofWave Medical Ltd.,TLV,il_market,EQUITY
ZUR.TA,ZUR SHAMIR HOLD,Zur Shamir Holdings Ltd,TLV,il_market,EQUITY
ORON.TA,ORON GROUP INVESTM,Oron Group Investments & Holdings Ltd,TLV,il_market,EQUITY
AVGL.TA,AVGOL INDUSTRIES,Avgol Industries 1953 Ltd,TLV,il_market,EQUITY
BKRY.TA,BIKUREY HASADE HOL,Bikurey Hasade (Holdings) Ltd,TLV,il_market,EQUITY
BOTI.TA,BONEI HATICHON CIV,Bonei Hatichon Civil Engineering & Infrastructures Ltd.,TLV,il_market,EQUITY
BLGO.TA,BULIGO CAPITAL LTD,Buligo Capital Ltd,TLV,il_market,EQUITY
ICON.TA,ICON GROUP,iCon Group Ltd,TLV,il_market,EQUITY
GMA.TA,GAMA MANAGEMENT,Gama Management and Clearing Ltd,TLV,il_market,EQUITY
SRAC.TA,S.R ACCORD LTD,S.R. Accord Ltd.,TLV,il_market,EQUITY
PEN.TA,PENINSULA GROUP,Peninsula Group Ltd,TLV,il_market,EQUITY
ORIN.TA,ORIAN SH.M. LTD.,Orian Sh.M. Ltd.,TLV,il_market,EQUITY
SLGN.TA,SOLEGREEN LTD,Solegreen Ltd,TLV,il_market,EQUITY
RIMO.TA,RIMONI INDUSTRIES,Rimoni Industries Ltd.,TLV,il_market,EQUITY
KLIL.TA,KLIL INDUSTRIES,Klil Industries Ltd,TLV,il_market,EQUITY
PULS.TA,PULSENMORE LTD,Pulsenmore Ltd.,TLV,il_market,EQUITY
ROTS.TA,ROTSHTEIN REALEST,Rotshtein Realestate Ltd,TLV,il_market,EQUITY
LUZN.TA,AMOS LUZON DEVELOP,Amos Luzon Development and Energy Group Ltd,TLV,il_market,EQUITY
NTO.TA,NETO M.E HOLDINGS,Neto M.E Holdings Ltd,TLV,il_market,EQUITY
KAFR.TA,KAFRIT INDUSTRIES,Kafrit Industries (1993) Ltd,TLV,il_market,EQUITY
MSKE.TA,MESHEK ENGY RENEWA,Meshek Energy - Renewable Energies Ltd.,TLV,il_market,EQUITY
TMRP.TA,TAMAR PETROLEUM,Tamar Petroleum Ltd,TLV,il_market,EQUITY
BSEN.TA,BET SHEMESH ENGINE,Bet Shemesh Engines Holdings (1997) Ltd,TLV,il_market,EQUITY
ASGR.TA,ASPEN GROUP LTD,Aspen Group Ltd.,TLV,il_market,EQUITY
PNRG.TA,PHINERGY LTD,Phinergy Ltd.,TLV,il_market,EQUITY
CMCT.TA,CIM COMMERICAL TRU,CIM Commercial Trust Corporation,TLV,il_market,EQUITY
EMDV.TA,EMILIA DEV (O.F.G),Emilia Development (O.F.G) Ltd.,TLV,il_market,EQUITY
GOLD.TA,GOLD BOND GROUP,The Gold Bond Group Ltd.,TLV,il_market,EQUITY
HOD.TA,HOD-ASSAF INDS,Hod Assaf Industries Ltd.,TLV,il_market,EQUITY
RVL.TA,RAVAL ICS LTD,Raval ACS Ltd.,TLV,il_market,EQUITY
TRLT.TA,TERA LIGHT LTD,Tera Light Ltd,TLV,il_market,EQUITY
ELRN.TA,ELRON ELECTRONIC,Elron Electronic Industries Ltd.,TLV,il_market,EQUITY
KRDI.TA,KARDAN ISRAEL LTD,Kardan Israel Ltd,TLV,il_market,EQUITY
PWFL.TA,POWERFLEET INC,"PowerFleet, Inc.",TLV,il_market,EQUITY
SALG.TA,SHALAG INDUSTRIES,Shalag Industries Ltd,TLV,il_market,EQUITY
WLFD.TA,WILLY FOOD INVSTM.,Willy-Food Investments Ltd,TLV,il_market,EQUITY
ELAL.TA,EL AL ISRAEL AIRLI,El Al Israel Airlines Ltd.,TLV,il_market,EQUITY
AYAL.TA,AYALON HOLDINGS,Ayalon Holdings Ltd,TLV,il_market,EQUITY
RPAC.TA,RAPAC COMM & INFRA,Rapac Communication & Infrastructure Ltd,TLV,il_market,EQUITY
AMRK.TA,AMIR MARKETING AND,Amir Marketing and Investments in Agriculture Ltd.,TLV,il_market,EQUITY
AMD.TA,AMIAD WATER SYSTEM,Amiad Water Systems Ltd.,TLV,il_market,EQUITY
SOLR.TA,SOLAER RENEWABLE,Solaer Renewable Energies Ltd,TLV,il_market,EQUITY
CDEV.TA,COHEN DEV&IND BLDG,Cohen Development Gas & Oil Ltd,TLV,il_market,EQUITY
NTGR.TA,NETANEL GROUP,Netanel Group Ltd,TLV,il_market,EQUITY
EXPO.TA,EXPORT INVESTMENT,Export Investment Co. Ltd.,TLV,il_market,EQUITY
SRFT.TA,ZVI SARFATI & SONS,Zvi Sarfati & Sons Investments & Constructions Ltd.,TLV,il_market,EQUITY
MRG.TA,,Multi Retail Group Ltd,TLV,il_market,EQUITY
ERKA.TA,ERIKA CARMEL LTD,Erika Carmel Ltd,TLV,il_market,EQUITY
MSHR.TA,MISHOR REAL ESTATE,Mishorim Real Estate Investments Ltd,TLV,il_market,EQUITY
SKLN.TA,SKYLINE INVEST.INC,Skyline Investments Inc.,TLV,il_market,EQUITY
SPNTC.TA,SPUNTECH INDUSTRIE,N.R. Spuntech Industries Ltd.,TLV,il_market,EQUITY
BRIH.TA,RAV BARIACH 08 IND,Rav-Bariach (08) Industries Ltd.,TLV,il_market,EQUITY
ELMR.TA,ELMORE ELEC INSTL,El-Mor Electric Installation & Services (1986) Ltd.,TLV,il_market,EQUITY
SARN.TA,SARINE TECHNOLOGIE,Sarine Technologies Ltd.,TLV,il_market,EQUITY
MMAN.TA,MAMAN CARGO TERMIN,Maman-Cargo Terminals & Handling Ltd.,TLV,il_market,EQUITY
MNIN.TA,MENDELSON INFRASTR,Mendelson Infrastructures & Industries Ltd.,TLV,il_market,EQUITY
ETGA.TA,ETGA GROUP LTD,ETGA Group Ltd,TLV,il_market,EQUITY
GOLF.TA,GOLF & CO,Golf & Co Group Ltd,TLV,il_market,EQUITY
MLRN.TA,M.L.R.N PROJECTS,M.L.R.N Projects and Trade Ltd.,TLV,il_market,EQUITY
ANLT.TA,ANALYST,Analyst I.M.S. Investment Management Services Ltd,TLV,il_market,EQUITY
ISPC.TA,ISPAC 1 LTD,ISPAC 1 LTD.,TLV,il_market,EQUITY
ORBI.TA,ORBIT TECHNOLOGIES,Orbit Technologies Ltd,TLV,il_market,EQUITY
BWAY.TA,BRAINSWAY LTD,BrainsWay Ltd.,TLV,il_market,EQUITY
BRMG.TA,BRIMAG DIGITAL AGE,Brimag Digital Age Ltd.,TLV,il_market,EQUITY
VALU.TA,VALUE CAPITAL ONE,Value Capital One Ltd,TLV,il_market,EQUITY
ASHO.TA,ASHOT ASHKELON,Ashot Ashkelon Industries Ltd.,TLV,il_market,EQUITY
GOSS.TA,G 1 SECURE SOL,G1 Secure Solutions Ltd,TLV,il_market,EQUITY
MSVT.TA,MASSIVIT 3D PRINTI,Massivit 3D Printing Technologies Ltd,TLV,il_market,EQUITY
MCLL.TA,MICHLOL FINANCE,Michlol Finance Ltd,TLV,il_market,EQUITY
MGDA.TA,,Migdalor- Alternative Products Ltd,TLV,il_market,EQUITY
GLPL.TA,GOLAN PLASTIC PROD,Golan Plastic Products Ltd.,TLV,il_market,EQUITY
DRSL.TA,DORSEL (B.A.Z.),Dorsel (B.A.Z.) Ltd,TLV,il_market,EQUITY
ALMA.TA,ALMOGIM HOLDINGS,Almogim Holdings Ltd.,TLV,il_market,EQUITY
ILDR.TA,ISRAEL LAND DEVLP,Israel Land Development - Urban Renewal Ltd,TLV,il_market,EQUITY
MSLA.TA,MASLAVI CONSTRUCTI,Maslavi Construction Company Ltd,TLV,il_market,EQUITY
SNCM.TA,SUNY CELLULAR COMM,Suny Cellular Communication Ltd,TLV,il_market,EQUITY
PRMG.TA,PRIMOTEC GROUP LTD,Primotec Group Ltd,TLV,il_market,EQUITY
SHAN.TA,SHANIV PAPER IND,Shaniv Paper Industry Ltd,TLV,il_market,EQUITY
GNGR.TA,GINEGAR PLASTIC,Ginegar Plastic Products Ltd.,TLV,il_market,EQUITY
FRSX.TA,FORESIGHT AUTONOM,Foresight Autonomous Holdings Ltd.,TLV,il_market,EQUITY
SHOM.TA,SHOHAM BUSINESS,E.N. Shoham Business Ltd,TLV,il_market,EQUITY
ENLV.TA,ENLIVEX THERAPEUTI,Enlivex Therapeutics Ltd.,TLV,il_market,EQUITY
AVIV.TA,MORDECHAI AVIV,Mordechai Aviv Taasiot Beniyah (1973) Ltd.,TLV,il_market,EQUITY
HLMS.TA,HOLMES PLACE INTER,Holmes Place International Ltd.,TLV,il_market,EQUITY
RMN.TA,RAM-ON INVESTMENTS,Ram-On Investments and Holdings (1999) Ltd,TLV,il_market,EQUITY
ICCM.TA,ICECURE MEDICAL LT,IceCure Medical Ltd,TLV,il_market,EQUITY
ALBA.TA,ALBAAD MASSUOT YIT,Albaad Massuot Yitzhak Ltd,TLV,il_market,EQUITY
LSCO.TA,LESICO LTD,Lesico Ltd.,TLV,il_market,EQUITY
UNIT.TA,UNITRONICS (1989),"Unitronics (1989) (R""G) Ltd",TLV,il_market,EQUITY
ALGS.TA,ALON NATURAL GAS E,Alon Gas Energy Development Ltd.,TLV,il_market,EQUITY
BLRX.TA,BIOLINE RX LTD,BioLineRx Ltd.,TLV,il_market,EQUITY
ZNKL.TA,ZANLAKOL,Zanlakol Ltd,TLV,il_market,EQUITY
OPAL.TA,OPAL BALANCE INV,Opal Balance Investments Ltd,TLV,il_market,EQUITY
ABRA.TA,ABRA TECH,Abra Information Technologies Ltd.,TLV,il_market,EQUITY
NURI.TA,NUR INK INNOVATION,Nur Ink Innovations Ltd.,TLV,il_market,EQUITY
PAYT.TA,PAYTON INDUSTRIES,Payton Industries Ltd,TLV,il_market,EQUITY
GIVO-L.TA,GIVOT OLAM OIL EXP,Givot Olam Oil Exploration - Limited Partnership (1993),TLV,il_market,EQUITY
YBOX.TA,YBOX REAL ESTATE L,Ybox Real Estate Ltd.,TLV,il_market,EQUITY
SHNP.TA,E SCHNAPP CO WORKS,E. Schnapp & Co. Works Ltd,TLV,il_market,EQUITY
SNFL.TA,SUNFLOWER SUSTAINA,Sunflower Sustainable Investments Ltd,TLV,il_market,EQUITY
GSFI.TA,GAN SHMUEL FOODS,Gan Shmuel Foods Ltd.,TLV,il_market,EQUITY
GAGR.TA,GAON GROUP,Gaon Group Ltd.,TLV,il_market,EQUITY
GPGB.TA,G.P. GLOBAL POWER,G.P. Global Power Ltd,TLV,il_market,EQUITY
MDPR.TA,MEDIPOWER OVERSEAS,Medipower (Overseas) Public Co. Limited,TLV,il_market,EQUITY
TFRLF.TA,TEFRON,Tefron Ltd.,TLV,il_market,EQUITY
PIU.TA,POALIM I.B.I,Poalim I.B.I.-Managing & Underwriting Ltd,TLV,il_market,EQUITY
SMNIN.TA,SHEMEN INDUSTRIES,Shemen Industries Ltd,TLV,il_market,EQUITY
AVER.TA,AVERBUCH FORMICA,Averbuch Formica Center Ltd.,TLV,il_market,EQUITY
SNEL.TA,SYNEL PAYWAY M.L.L,Synel M.L.L Payway Ltd,TLV,il_market,EQUITY
TURB.TA,TURBOGEN LTD,Turbogen Ltd,TLV,il_market,EQUITY
RTSN.TA,ROTEM SHANI ENTREP,Rotem Shani Entrepreneurship and Investment Ltd.,TLV,il_market,EQUITY
REKA.TA,REKAH PHARMA IND,Rekah Pharmaceutical Industry Ltd.,TLV,il_market,EQUITY
WESR.TA,WESURE GLOBAL TECH,Wesure Global Tech Ltd,TLV,il_market,EQUITY
ANGL.TA,ANGEL SALOMON,Salomon A. Angel Ltd.,TLV,il_market,EQUITY
PRIM.TA,PRIME ENERGY P.E.,Prime Energy P.E. Ltd,TLV,il_market,EQUITY
GMLA.TA,GAMLA HAREL,Gamla - Harel Residential Real-Estate Ltd,TLV,il_market,EQUITY
PCBT.TA,P.C.B TECHNOLOGIES,P.C.B. Technologies Ltd,TLV,il_market,EQUITY
ALUMA.TA,ALUMA INFRASTRUCTU,Aluma Infrastructure Fund (2020) Ltd,TLV,il_market,EQUITY
PMVM.TA,POMVOM LTD,Pomvom Ltd,TLV,il_market,EQUITY
TOPS.TA,TOP RAMDOR SYSTEMS,Top Ramdor Systems & Computers Co. (1990) Ltd,TLV,il_market,EQUITY
JNGO.TA,JUNGO CONNECTIVITY,Jungo Connectivity Ltd,TLV,il_market,EQUITY
TRAN.TA,TRUCKNET ENTERPRIS,Trucknet Enterprise Ltd,TLV,il_market,EQUITY
GOHO.TA,GOLDEN HOUSE,Golden House Ltd,TLV,il_market,EQUITY
BNRG.TA,BRENMILLER ENERGY,Brenmiller Energy Ltd,TLV,il_market,EQUITY
RAVD.TA,RAVAD,Ravad Ltd,TLV,il_market,EQUITY
HMGS.TA,HOMEBIOGAS LTD,HomeBiogas Ltd,TLV,il_market,EQUITY
RLCO.TA,RALCO AGENCIES,Ralco Agencies Ltd,TLV,il_market,EQUITY
MSBI.TA,HAMASHBIR 365 LTD,Hamashbir 365 Ltd,TLV,il_market,EQUITY
SPRG.TA,SPRING VENTURES,Spring Ventures Ltd,TLV,il_market,EQUITY
PPBT.TA,PURPLE BIOTECH,Purple Biotech Ltd.,TLV,il_market,EQUITY
LEOF.TA,LEVINSKI OFER LTD,Lewinsky-Ofer Ltd.,TLV,il_market,EQUITY
MCMN.TA,MICHMAN BASAD LTD,Michman Besd Ltd,TLV,il_market,EQUITY
OVRS.TA,OVERSEAS,Overseas Commerce Ltd.,TLV,il_market,EQUITY
BRND.TA,BRAND GROUP (M.G),Brand Group (M.G) Ltd,TLV,il_market,EQUITY
CFX.TA,COFIX GROUP LTD,Cofix Group Ltd,TLV,il_market,EQUITY
BRIL.TA,BRILL SHOE INDS,Brill Shoe Industries Ltd.,TLV,il_market,EQUITY
ARKO.TA,ARKO CORP,Arko Corp.,TLV,il_market,EQUITY
BUFT.TA,BUFF TECHNOLOGIES,Buff Technologies Ltd.,TLV,il_market,EQUITY
EVGN.TA,EVOGENE LTD,Evogene Ltd.,TLV,il_market,EQUITY
HICN.TA,HIGHCON SYSTEMS,Highcon Systems Ltd.,TLV,il_market,EQUITY
UTRN.TA,UTRON LTD,Utron Ltd,TLV,il_market,EQUITY
QNCO.TA,QUEENCO,Y.Z. Queenco Ltd.,TLV,il_market,EQUITY
BHNY.TA,BEEIO HONEY LTD,Beeio Honey Ltd,TLV,il_market,EQUITY
NISA.TA,NISSAN,Nissan Medical Industries Ltd,TLV,il_market,EQUITY
ACCL.TA,ACCEL SOLUTIONS GR,Accel Solutions Group Ltd,TLV,il_market,EQUITY
PMNT.TA,PAYMENT FINANCIAL,Payment Financial Technologies Ltd,TLV,il_market,EQUITY
CBI.TA,CLAL BIOTECHNOLOGY,Clal Biotechnology Industries Ltd.,TLV,il_market,EQUITY
OBAS.TA,OPTIBASE LTD,Optibase Ltd.,TLV,il_market,EQUITY
AUSA.TA,AURA SMART,Aura Smart Air Ltd,TLV,il_market,EQUITY
NXTM.TA,NEXTCOM,Nextcom Ltd.,TLV,il_market,EQUITY
SFRN.TA,SUFRIN HLDGS LTD,Sufrin Holdings Ltd.,TLV,il_market,EQUITY
LUDN.TA,LUDAN ENGINEERING,Ludan Engineering Co. Ltd.,TLV,il_market,EQUITY
QLTU.TA,QUALITAU,Qualitau Ltd,TLV,il_market,EQUITY
SHGR.TA,SHAGRIR GROUP VEHI,Shagrir Group Vehicle Services Ltd,TLV,il_market,EQUITY
BRAN.TA,BARAN GROUP LTD,Baran Group Ltd,TLV,il_market,EQUITY
TATT.TA,TAT TECHNOLOGIES,TAT Technologies Ltd.,TLV,il_market,EQUITY
BLND.TA,BLENDER FINANCE TE,Blender Financial Technologies,TLV,il_market,EQUITY
LBTL.TA,A LIBENTAL HOLDING,A. Libental Holdings Ltd.,TLV,il_market,EQUITY
SVRT.TA,SAVOREAT LTD,SavorEat Ltd.,TLV,il_market,EQUITY
TAYA.TA,TAYA INVESTMENT CO,"Taya Investment Co., Ltd.",TLV,il_market,EQUITY
WILK.TA,WILK TECHNOLOGIES,Wilk Technologies Ltd,TLV,il_market,EQUITY
GAON.TA,B GAON HOLDINGS LT,B. Gaon Holdings Ltd.,TLV,il_market,EQUITY
BYON.TA,BEYON 3D LTD,Beyon3D Ltd.,TLV,il_market,EQUITY
PLCR.TA,PLASTO CARGAL,Plasto-Cargal Group Ltd,TLV,il_market,EQUITY
TLRD.TA,TELRAD NETWORKS,Telrad Networks Ltd,TLV,il_market,EQUITY
EMTC.TA,ELBIT MEDICAL TECH,Elbit Medical Technologies Ltd,TLV,il_market,EQUITY
RZR.TA,RAZOR LABS LTD,Razor Labs,TLV,il_market,EQUITY
DM3.TA,3DM DIGITAL MANUFA,3DM Digital Manufacturing Ltd.,TLV,il_market,EQUITY
AILN.TA,AXILION,Axilion Smart Mobility Ltd,TLV,il_market,EQUITY
IDMO.TA,IDOMOO,Idomoo Ltd.,TLV,il_market,EQUITY
TKUN.TA,TIKUN OLAM - CANNB,Tikun Olam-Cannbit Pharmaceuticals Ltd,TLV,il_market,EQUITY
DNA.TA,D.N.A BIOMEDICAL S,D.N.A Biomedical Solutions Ltd.,TLV,il_market,EQUITY
PSTI.TA,PLURISTEM THERAPEU,Pluristem Therapeutics Inc.,TLV,il_market,EQUITY
PNAX.TA,PANAXIA LABS ISRAE,Panaxia Labs Israel Ltd,TLV,il_market,EQUITY
BULL.TA,BULL TRADING AND I,Bull Trading and Investment Ltd.,TLV,il_market,EQUITY
IMPC.TA,IMPACX.IO LTD,Impacx.Io Ltd,TLV,il_market,EQUITY
PHGE.TA,BIOMX INC,BiomX Inc.,TLV,il_market,EQUITY
INTR.TA,INTERGAMA,Inter Gamma Investment Company Ltd,TLV,il_market,EQUITY
FGAS.TA,FIRE & GAS DETECTI,Fire & Gas Detection Technologies Ltd,TLV,il_market,EQUITY
SCC.TA,SPACE-COMMUNICATIO,Space-Communication Ltd,TLV,il_market,EQUITY
ININ.TA,INTER INDUSTRIES,Inter Industries Plus Ltd,TLV,il_market,EQUITY
TOEN.TA,TOMER ENERGY,Tomer Energy Royalties (2012) Ltd,TLV,il_market,EQUITY
LZNR.TA,A.LUZON REAL ESTA,A. Luzon Real Estate & Finance Ltd,TLV,il_market,EQUITY
LODZ.TA,LODZIA ROTEX INVES,Lodzia Rotex Investment Ltd.,TLV,il_market,EQUITY
ORTC.TA,O.R.T. TECHNOLOGIE,O.R.T. Technologies Ltd,TLV,il_market,EQUITY
HUMX.TA,HUMAN XTENSIONS LT,Human Xtensions Ltd.,TLV,il_market,EQUITY
AMAN.TA,AMANET MANAGEMENT,Amanet Management & Systems Ltd.,TLV,il_market,EQUITY
SPDV.TA,SPEEDVALUE LTD,Speedvalue Ltd,TLV,il_market,EQUITY
ARTS.TA,AIRTOUCH SOLAR LTD,Airtouch Solar Ltd,TLV,il_market,EQUITY
BRKT.TA,BAREKET CAPITAL LT,Bareket Capital Ltd,TLV,il_market,EQUITY
KNFM.TA,KNAFAIM HLDGS LTD,Knafaim Holdings Ltd,TLV,il_market,EQUITY
NRGN.TA,NRGENE TECHS LTD,NRGene Technologies Ltd,TLV,il_market,EQUITY
TECT.TA,TECTONA LTD,Tectona Ltd,TLV,il_market,EQUITY
SEMG.TA,SEACH MEDICAL,Seach Medical Group Ltd,TLV,il_market,EQUITY
FRDN.TA,FRIDENSON LOGISTIC,Fridenson Logistic Services Ltd,TLV,il_market,EQUITY
PLX.TA,PROTALIX BIOTHERAP,"Protalix BioTherapeutics, Inc.",TLV,il_market,EQUITY
SAVR.TA,SAVERONE 2014 LTD,SaverOne 2014 Ltd,TLV,il_market,EQUITY
SCDX.TA,SCODIX LTD,Scodix Ltd.,TLV,il_market,EQUITY
TEDE.TA,TEDEA TECH DEV & A,Tedea Technological Development and Automation Ltd.,TLV,il_market,EQUITY
ARYT.TA,ARYT INDUSTRIES,Aryt Industries Ltd.,TLV,il_market,EQUITY
NXFR.TA,NEXTFERM TECHNOLOG,NextFerm Technologies Ltd,TLV,il_market,EQUITY
MTLF.TA,MATRICELF LTD,Matricelf Ltd,TLV,il_market,EQUITY
ARAN.TA,ARAN RESEARCH&DEVE,Aran Research & Development (1982) Ltd.,TLV,il_market,EQUITY
TREN.TA,TRENDLINE INFO & C,Trendline Information and Communication Services Ltd.,TLV,il_market,EQUITY
CPTP.TA,CAPITAL POINT LTD,Capital Point Ltd.,TLV,il_market,EQUITY
ADKA.TA,ADIKA STYLE LTD,Adika Style Ltd.,TLV,il_market,EQUITY
YAAC.TA,YAACOBI BROTHERS,Ya'acobi Brothers Group (YSB) Ltd,TLV,il_market,EQUITY
GLTC.TA,GALILEO TECH,Galileo Tech Ltd,TLV,il_market,EQUITY
KDST.TA,KADIMASTEM,Kadimastem Ltd,TLV,il_market,EQUITY
GKL.TA,GLOBAL KNAFAIM,Global Knafaim Leasing Ltd,TLV,il_market,EQUITY
MDIN-L.TA,MODIIN ENERGY LTD,Modiin Energy-Limited Partnership,TLV,il_market,EQUITY
UNCR.TA,UNET CREDIT FIN,Unet Credit Finance Services Ltd,TLV,il_market,EQUITY
ARDM.TA,AERODROME GRP LTD,Aerodrome Group Ltd,TLV,il_market,EQUITY
AMX.TA,AUTOMAX,Automax Motors Ltd,TLV,il_market,EQUITY
QLRD.TA,QUICKLIZARD LTD,Quicklizard Ltd,TLV,il_market,EQUITY
LPHL-L.TA,LAPIDOTH-HELETZ,Lapidoth-Heletz Limited Partnership,TLV,il_market,EQUITY
ENDY.TA,ENDYMED LTD,Endymed Ltd,TLV,il_market,EQUITY
G107.TA,GROUP 107 LTD,Group 107 Ltd.,TLV,il_market,EQUITY
NALA.TA,NALA DIGITAL COMME,Nala Digital Commerce Ltd,TLV,il_market,EQUITY
BLRN.TA,BLADERANGER LTD,BladeRanger,TLV,il_market,EQUITY
CMER.TA,C MER INDUSTRIES,C. Mer Industries Ltd.,TLV,il_market,EQUITY
CNTC.TA,CANNABOTECH LTD,Cannabotech LTD,TLV,il_market,EQUITY
RTPT-L.TA,RATIO PETROLEUM,Ratio Petroleum Energy - Limited Partnership,TLV,il_market,EQUITY
VISN.TA,VISION SIGMA,Vision Sigma Ltd.,TLV,il_market,EQUITY
ELDAV.TA,ELDAV INVESTMENTS,Eldav Investments Ltd.,TLV,il_market,EQUITY
AIRO.TA,AIROBOTICS LTD,Airobotics Ltd.,TLV,il_market,EQUITY
CRMT.TA,CARMIT CANDY IND,Carmit Candy Industries Ltd.,TLV,il_market,EQUITY
EFNC.TA,ERECH FINANCE,Erech Finance Cahalacha Ltd,TLV,il_market,EQUITY
CNZN.TA,CANZON ISRAEL LTD,Canzon Israel Ltd,TLV,il_market,EQUITY
CKRT.TA,CHAKRATEC LTD,Chakratec Ltd.,TLV,il_market,EQUITY
IMCO.TA,IMCO INDUSTRIES,IMCO Industries Ltd.,TLV,il_market,EQUITY
CANF.TA,CAN FITE BIOPHARMA,Can-Fite BioPharma Ltd.,TLV,il_market,EQUITY
TGTR.TA,TOGETHER PHARMA,Together Pharma Ltd,TLV,il_market,EQUITY
DEDR-L.TA,DELEK DRILLING,Delek Drilling - Limited Partnership,TLV,il_market,EQUITY
IDNT.TA,IDENTI,Identi Healthcare Ltd,TLV,il_market,EQUITY
ELSPC.TA,ELSPEC ENGINEERING,Elspec Engineering Ltd,TLV,il_market,EQUITY
UPSL.TA,UPSELLON BRANDS,Upsellon Brands Holdings Ltd,TLV,il_market,EQUITY
QUIK.TA,QUIK SUPER,Quik Super Online Ltd.,TLV,il_market,EQUITY
PHTM.TA,PHOTOMYNE LTD,Photomyne Ltd,TLV,il_market,EQUITY
TUZA.TA,TEUZA,Teuza - A Fairchild Technology Venture Ltd.,TLV,il_market,EQUITY
HMAM.TA,HAMAMA MEIR TRADIN,Hamama Meir Trading (1996) Ltd.,TLV,il_market,EQUITY
PPIL.TA,PLASTOPIL HAZOREA,Plastopil Hazorea Company Ltd,TLV,il_market,EQUITY
THES.TA,THIRDEYE SYSTEMS L,Thirdeye Systems Ltd,TLV,il_market,EQUITY
MYDS.TA,MYDAS REAL ESTATE,Mydas Real Estate Investments Ltd,TLV,il_market,EQUITY
AVLN.TA,AVIV ARLON LTD,Aviv Arlon Ltd.,TLV,il_market,EQUITY
ENVM.TA,ENVIZION MEDICAL,ENvizion Medical Ltd.,TLV,il_market,EQUITY
BYAR.TA,B.YAIR BUILDING CO,B. Yair Building Corporation 1988 Ltd,TLV,il_market,EQUITY
SFET.TA,SAFE-T GROUP LTD,Safe-T Group Ltd,TLV,il_market,EQUITY
NXTG.TA,NEXTAGE THERAPEUTI,Nextage Therapeutics Ltd,TLV,il_market,EQUITY
AVIA.TA,AVIATION LINKS,Aviation Links Ltd,TLV,il_market,EQUITY
LHIS.TA,LACHISH INDUSTRIES,Lachish Industries Ltd,TLV,il_market,EQUITY
TNDO.TA,TONDO SMART LTD,Tondo Smart Ltd.,TLV,il_market,EQUITY
GIX.TA,GIX INTERNET LTD,Gix Internet Ltd,TLV,il_market,EQUITY
KVSR.TA,KVASIR EDUCATION L,Kvasir Education Ltd,TLV,il_market,EQUITY
BRAM.TA,BRAM INDUSTRIES,Bram Industries Ltd.,TLV,il_market,EQUITY
CTPL1.TA,I.C.P. ISRAEL CITR,I.C.P. Israel Citrus Plantations Ltd.,TLV,il_market,EQUITY
FORTY.TA,FORMULA SYST(1985),Formula Systems (1985) Ltd.,TLV,il_market,EQUITY
INTL.TA,INTELICANNA LTD,Intelicanna Ltd,TLV,il_market,EQUITY
CHAM.TA,CHAM FOODS ISRAEL,Cham Foods (Israel) Ltd,TLV,il_market,EQUITY
SHMM.TA,SHAMAYM IMPROVE,Shamaym Improve Ltd,TLV,il_market,EQUITY
EMITF.TA,ELBIT IMAGING LTD,Elbit Imaging Ltd.,TLV,il_market,EQUITY
DELT.TA,DELTA-GALIL IND,Delta Galil Industries Ltd.,TLV,il_market,EQUITY
RSEL.TA,R.S.L.ELECTRONICS,RSL Electronics Ltd.,TLV,il_market,EQUITY
BOLT.TA,BIOLIGHT LIFE SCI,BioLight Life Sciences Ltd.,TLV,il_market,EQUITY
CTPL5.TA,I.C.P. ISRAEL CITR,I.C.P. Israel Citrus Plantations Ltd.,TLV,il_market,EQUITY
ORAD.TA,ORAD LTD,Orad Ltd,TLV,il_market,EQUITY
MRHL.TA,MERCHAVIA HOLD,Merchavia Holdings and Investments Ltd.,TLV,il_market,EQUITY
TIGI.TA,TIGI LTD,Tigi Ltd.,TLV,il_market,EQUITY
PMCN.TA,PHARMOCANN GLOBAL,Pharmocann Global Ltd,TLV,il_market,EQUITY
BIOV.TA,BIO VIEW,Bio-View Ltd,TLV,il_market,EQUITY
NXGN.TA,NEXTGEN BIOMED LTD,Nextgen Biomed Ltd,TLV,il_market,EQUITY
HDST.TA,HBL-HADASIT BIO,Hadasit Bio-Holdings Ltd,TLV,il_market,EQUITY
ALMD.TA,ALLMED SOLUTIONS,Allmed Solutions Ltd,TLV,il_market,EQUITY
PLNT.TA,PLANTARC BIO LTD,PlantArc Bio Ltd.,TLV,il_market,EQUITY
CNMD.TA,CANNOMED MEDICAL,Cannomed Medical Cannabis Industries LTD,TLV,il_market,EQUITY
EDRL.TA,EDRI-EL ISRAEL ASS,Edri-El Israel Assets Ltd.,TLV,il_market,EQUITY
IARG-L.TA,IARGENTO HI TECH,Iargento Hi Tech Assets Limited Partnership,TLV,il_market,EQUITY
GLTL.TA,GILAT TELECOM,Gilat Telecom Global Ltd,TLV,il_market,EQUITY
TNPV.TA,TECHNOPLUS VENTURE,TechnoPlus Ventures Ltd.,TLV,il_market,EQUITY
MCRNT.TA,MICRONET,Micronet Ltd,TLV,il_market,EQUITY
ISOP-L.TA,ISRAEL OPPORTUNITY,"Israel Opportunity - Energy Resources, LP",TLV,il_market,EQUITY
CMCTP.TA,CIM COMMERICAL TRU,CIM Commercial Trust Corporation,TLV,il_market,EQUITY
HUB.TA,HUB CYBER,Hub Cyber Security (Israel) Ltd,TLV,il_market,EQUITY
STRG.TA,STORAGE DROP,Storage Drop Storage Technologies Ltd,TLV,il_market,EQUITY
ICB.TA,ICB BIOTECHNOLOGY,Israel China Biotechnology (ICB) Ltd,TLV,il_market,EQUITY
AICS.TA,AI CONVERSATION,Ai Conversation Systems Ltd,TLV,il_market,EQUITY
FEAT-L.TA,FEAT FUND INVESTME,Feat Fund Investments Limited Partnership,TLV,il_market,EQUITY
ILX.TA,ILEX MEDICAL,Ilex Medical Ltd,TLV,il_market,EQUITY
PTX.TA,PETROTX- LIMITED,Petrotx - Limited Partnership,TLV,il_market,EQUITY
HGG.TA,HAGAG GROUP REAL,Hagag Group Real Estate Entrepreneurship Ltd,TLV,il_market,EQUITY
PLAZ-L.TA,PLAZA CENTERS NV,Plaza Centers N.V.,TLV,il_market,EQUITY
RTEN-L.TA,ROTEM ENERGY MINER,Rotem Energy Mineral (REM) - Limited Partnership,TLV,il_market,EQUITY
VNTZ-M.TA,VONETIZE PLC,Vonetize Plc,TLV,il_market,EQUITY
ELLO.TA,ELLOMAY CAPITAL LT,Ellomay Capital Ltd.,TLV,il_market,EQUITY
DUNI.TA,DUNIEC BROS,Duniec Bros. Ltd.,TLV,il_market,EQUITY
ABIL.TA,ABILITY INC,Ability Inc.,TLV,il_market,EQUITY
ORMP.TA,ORAMED PHARMA INC,Oramed Pharmaceuticals Inc.,TLV,il_market,EQUITY
MEDN.TA,MEHADRIN,Mehadrin Ltd.,TLV,il_market,EQUITY
MNIF.TA,MENIF FINANCIAL,"Menif Financial Services, Ltd.",TLV,il_market,EQUITY
TIGBUR.TA,TIGBUR - TEMPORARY,Tigbur - Temporary Professional Personnel Ltd.,TLV,il_market,EQUITY
GLRS.TA,GLOBRANDS GROUP,Globrands Ltd.,TLV,il_market,EQUITY
MLD.TA,MIRLAND DEVELOPMEN,MirLand Development Corporation Plc,TLV,il_market,EQUITY
PTCH.TA,ISRAEL PETROCHEMIC,Israel Petrochemical Enterprises Ltd.,TLV,il_market,EQUITY
LAHAV.TA,LAHAV L.R. REAL ES,Lahav LR Real Estate Ltd,TLV,il_market,EQUITY
BIRM.TA,BIRMAN WOOD,Birman Wood & Hardware Ltd,TLV,il_market,EQUITY
POLY.TA,POLYGON REAL ESTAT,Polygon Real Estate Ltd,TLV,il_market,EQUITY
AVRT.TA,AVROT INDUSTRIES,Avrot Industries Ltd,TLV,il_market,EQUITY
GFC-L.TA,G.F.C GREEN FIELDS,G.F.C Green Fields Capital Ltd.,TLV,il_market,EQUITY
STG.TA,STG INTERNATIONAL,STG International Ltd.,TLV,il_market,EQUITY
UNVO.TA,UNIVO PHARM,Univo Pharmaceuticals Ltd,TLV,il_market,EQUITY
ROBO.TA,ROBOGROUP T.E.K,RoboGroup T.E.K. Ltd.,TLV,il_market,EQUITY
XTLB.TA,XTL BIOPHARMACEUTI,XTL Biopharmaceuticals Ltd.,TLV,il_market,EQUITY
MYSZ.TA,MY SIZE INC,"My Size, Inc.",TLV,il_market,EQUITY
GODM-M.TA,GO.D.M INVESTMENTS,GO.D.M Investments Ltd.,TLV,il_market,EQUITY
CSURE.TA,CANNASSURE THERAPE,Cannassure Therapeutics Ltd,TLV,il_market,EQUITY
MBMX-M.TA,MOBILE MAX TECHNOL,Mobile Max Technologies Ltd,TLV,il_market,EQUITY
GLEX-L.TA,GLOB EXPLORATION,Globe Exploration (Y.C.D.) Limited Partnership,TLV,il_market,EQUITY
LEOF-B4.TA,,,TLV,il_market,EQUITY
EFCP-B1.TA,,,TLV,il_market,EQUITY
MZIS-B62.TA,,,TLV,il_market,EQUITY
LY-FF3.TA,,Multi Units Luxembourg- Lyxor Nasdaq-100 UCITS ETF,TLV,il_market,EQUITY
VEEVC.TA,VEEV GROUP INC,"Veev Group, Inc.",TLV,il_market,EQUITY
GIBUI.TA,GIBUI HOLDINGS LTD,Gibui Holdings Ltd,TLV,il_market,EQUITY
DSMN-B15.TA,,,TLV,il_market,EQUITY
MLD-B8.TA,,,TLV,il_market,EQUITY
IMED-L.TA,IMED INFINITY,I.I.M. Infinity Innonation Medical - Limited Partnership,TLV,il_market,EQUITY
ASPR-B13.TA,,,TLV,il_market,EQUITY
MNRA-L.TA,MENARA VENTURES XL,Menara Ventures Xl - Limited Partnership,TLV,il_market,EQUITY
KRNV.TA,KARDAN NV,Kardan N.V.,TLV,il_market,EQUITY
LBRA.TA,LIBRA INSURANCE CO,Libra Insurance Company Ltd,TLV,il_market,EQUITY
LUM-B182.TA,,,TLV,il_market,EQUITY
MIFT-L.TA,MILLENNIUM FOOD-TE,,TLV,il_market,EQUITY
DSMN-P1.TA,,,TLV,il_market,EQUITY
HGG-B11.TA,,,TLV,il_market,EQUITY
MYDS-B4.TA,,,TLV,il_market,EQUITY
ECNR-C1.TA,,,TLV,il_market,EQUITY
INIS-B12.TA,,,TLV,il_market,EQUITY
AMDA-L.TA,ALMEDA VENTURES LI,Almeda Ventures Limited Partnership,TLV,il_market,EQUITY
GZT-B16.TA,,,TLV,il_market,EQUITY
NAWI-B6.TA,,,TLV,il_market,EQUITY
OPCE-B3.TA,,,TLV,il_market,EQUITY
MPRS-L.TA,,MediPress Health-Limited Partnership,TLV,il_market,EQUITY
MGDF-B8.TA,,,TLV,il_market,EQUITY
PLI-B100.TA,,,TLV,il_market,EQUITY
BIGT-L.TA,BIG TECH 50 R&D LP,Big Tech 50 R&D-Limited Partnership,TLV,il_market,EQUITY
BEZQ-B14.TA,,,TLV,il_market,EQUITY
NOST.TA,NOSTROMO ENERGY,Nostromo Energy Limited,TLV,il_market,EQUITY
GFI-B4.TA,,,TLV,il_market,EQUITY
ASHG-B4.TA,,,TLV,il_market,EQUITY
RANI-B3.TA,,,TLV,il_market,EQUITY
WILC.TA,G. WILLI-FOOD,G. Willi-Food International Ltd.,TLV,il_market,EQUITY
NXSN.TA,NEXT VISION STABIL,"NextVison Stabilized Systems, Ltd.",TLV,il_market,EQUITY
FLYS.TA,FLYING SPARK LTD,Flying Spark Ltd.,TLV,il_market,EQUITY
SMAG-L.TA,SMART AGRO-LIMITED,Smart Agro - Limited,TLV,il_market,EQUITY
CPIA.TA,CIPIA VISION LTD,Cipia Vision Ltd.,TLV,il_market,EQUITY
TR1012.TA,,,TLV,il_market,EQUITY
MLRN-B3.TA,,,TLV,il_market,EQUITY
MVNE-B25.TA,,,TLV,il_market,EQUITY
DISI-B11.TA,,,TLV,il_market,EQUITY
GLTL-B2.TA,,,TLV,il_market,EQUITY
HNMR-B14.TA,,,TLV,il_market,EQUITY
GRON-B8.TA,,,TLV,il_market,EQUITY
MSLA-C7.TA,,,TLV,il_market,EQUITY
DSMN-B8.TA,DISCOUNT MANPIKIM 4.29% BDS 09/,,TLV,il_market,EQUITY
UNTC-L.TA,UNIC-TECH LTD,"Unic-tech, Limited Partnership",TLV,il_market,EQUITY
DIFI-B5.TA,,,TLV,il_market,EQUITY
TDGN.TA,TADIR-GAN,Tadir-Gan (Precision Products) 1993 Ltd.,TLV,il_market,EQUITY
STEC-L.TA,SURE TECH INVS,Shure-Tech Investments - Limited Partnership,TLV,il_market,EQUITY
TR113.TA,,,TLV,il_market,EQUITY
EPIT.TA,,Epitomee Medical Ltd,TLV,il_market,EQUITY
BEZQ-B13.TA,,,TLV,il_market,EQUITY
UNCT-L.TA,UNICORN TECHS LTD,Unicorn Technologies - Limited Partnership,TLV,il_market,EQUITY
TR1112.TA,,,TLV,il_market,EQUITY
ASGR-B9.TA,,,TLV,il_market,EQUITY
TR912.TA,,,TLV,il_market,EQUITY
HNMR-B13.TA,,,TLV,il_market,EQUITY
RMOT-B2.TA,,,TLV,il_market,EQUITY
LUM-B183.TA,,,TLV,il_market,EQUITY
UDII-B6.TA,,,TLV,il_market,EQUITY
LVPR-B3.TA,,,TLV,il_market,EQUITY
CNTL.TA,CONTINUAL LTD,Continual Ltd,TLV,il_market,EQUITY
BLTZ.TA,BLITZ TECHNOLOGIES,Blitz Electric Motors Ltd.,TLV,il_market,EQUITY
SKB-CP2.TA,,,TLV,il_market,EQUITY
NVPT-CL4.TA,,,TLV,il_market,EQUITY
SONO.TA,SONOVIA LTD,Sonovia Ltd.,TLV,il_market,EQUITY
HGGE-B3.TA,,,TLV,il_market,EQUITY
JRIS-B18.TA,,,TLV,il_market,EQUITY
EXTD-B4.TA,,,TLV,il_market,EQUITY
PTNR-B8.TA,,,TLV,il_market,EQUITY
AVGD.TA,AV-GAD HOLDINGS,Av-Gad Holdings Ltd.,TLV,il_market,EQUITY
INFR-M.TA,INFIMER LTD,Infimer Ltd,TLV,il_market,EQUITY
SHOM-B4.TA,,,TLV,il_market,EQUITY
PRTC-B1.TA,,,TLV,il_market,EQUITY
BIMT-L.TA,BIO MEAT FOODTECH,Bio Meat Foodtech - Limited Partnership,TLV,il_market,EQUITY
KSTN-B1.TA,,,TLV,il_market,EQUITY
TR1212.TA,,,TLV,il_market,EQUITY
ALRP-B6.TA,,,TLV,il_market,EQUITY
GLTL-C3.TA,,,TLV,il_market,EQUITY
BIG-B19.TA,,,TLV,il_market,EQUITY
NVPT-B3.TA,,,TLV,il_market,EQUITY
NAWI-B5.TA,,,TLV,il_market,EQUITY
DLKG-B36.TA,,,TLV,il_market,EQUITY
CLBT-B12.TA,,,TLV,il_market,EQUITY
MLD-C9.TA,,,TLV,il_market,EQUITY
PLI-B200.TA,,,TLV,il_market,EQUITY
NRTK.TA,NERTECH MEDIA,Nera Tech Media,TLV,il_market,EQUITY
HRIS-B18.TA,,,TLV,il_market,EQUITY
ECPA.TA,ECOPPIA SCIENTIFIC,Ecoppia Scientific Ltd,TLV,il_market,EQUITY
BVC.TA,BATM ADVANCED COMM,BATM Advanced Communications Ltd.,TLV,il_market,EQUITY
IGLD-M.TA,INTERNET GOLD-M,Internet Gold - Golden Lines Ltd.,TLV,il_market,EQUITY
CLAB.TA,COMPULAB LTD,CompuLab Ltd.,TLV,il_market,EQUITY
HIVE-L.TA,HIVE 2040 R&D LTD,Hive 2040 R&D Limited Partnership,TLV,il_market,EQUITY
SPGE-B2.TA,,,TLV,il_market,EQUITY
CLAB.TA,COMPULAB LTD,CompuLab Ltd.,TLV,il_market,EQUITY
AUIS.TA,AUSTRALIA ISR,E.S. Australia Israel Holdings Ltd,TLV,il_market,EQUITY
