symbol,shortName,longName,exchange,market,quoteType
IGN1L.VS,Ignitis Grupe,AB Ignitis grupe,LIT,vs_market,EQUITY
TEL1L.VS,Telia Lietuva,"Telia Lietuva, AB",LIT,vs_market,EQUITY
SAB1L.VS,Siauliu Bankas,AB Siauliu Bankas,LIT,vs_market,EQUITY
LGD1L.VS,LITGRID,Litgrid AB,LIT,vs_market,EQUITY
AMG1L.VS,Amber Grid,AB Amber Grid,LIT,vs_market,EQUITY
IVL1L.VS,Invalda INVL,"Invalda INVL, AB",LIT,vs_market,EQUITY
LNA1L.VS,Linas Agro Group,AB Linas Agro Group,LIT,vs_market,EQUITY
GRG1L.VS,Grigeo,Grigeo AB,LIT,vs_market,EQUITY
AUG1L.VS,AUGA group,Auga Group AB,LIT,vs_market,EQUITY
KNF1L.VS,Klaipedos Nafta,AB Klaipedos nafta,LIT,vs_market,EQUITY
APG1L.VS,Apranga,APB Apranga,LIT,vs_market,EQUITY
RSU1L.VS,Rokiskio Suris,Rokiskio Suris AB,LIT,vs_market,EQUITY
ZMP1L.VS,Zemaitijos Pienas,AB Zemaitijos pienas,LIT,vs_market,EQUITY
PZV1L.VS,Pieno Zvaigzdes,"Pieno Zvaigzdes, AB",LIT,vs_market,EQUITY
KNR1L.VS,Kauno Energija,AB Kauno Energija,LIT,vs_market,EQUITY
VLP1L.VS,Vilkyskiu Pienine,AB Vilkyskiu pienine,LIT,vs_market,EQUITY
VBL1L.VS,Vilniaus Baldai,Vilniaus Baldai AB,LIT,vs_market,EQUITY
INC1L.VS,INVL Technology,UTIB INVL Technology,LIT,vs_market,EQUITY
NTU1L.VS,Novaturas,Novaturas AB,LIT,vs_market,EQUITY
INL1L.VS,INVL Baltic Farmland,"INVL Baltic Farmland, AB",LIT,vs_market,EQUITY
INR1L.VS,INVL Baltic Real Estate,Special Closed-Ended Type Real Estate Investment Company INVL BALTIC REAL ESTATE,LIT,vs_market,EQUITY
PTR1L.VS,Panevezio Statybos Trestas,AB Panevezio Statybos Trestas,LIT,vs_market,EQUITY
SNG1L.VS,Snaige,AB Snaige,LIT,vs_market,EQUITY
UTR1L.VS,Utenos Trikotazas,AB Utenos Trikotazas,LIT,vs_market,EQUITY
LNS1L.VS,Linas,AB Linas,LIT,vs_market,EQUITY
