symbol,shortName,longName,exchange,market,quoteType
EGS65071C010.CA,El Kahera Housing,,CAI,eg_market,EQUITY
EGS3J2D1C012.CA,Arabian Rocks Plastic Industrie,,CAI,eg_market,EQUITY
EGS21EB1C011.CA,Tanmiya for Real Estate Investm,,CAI,eg_market,EQUITY
EGS214Q1C011.CA,Ismailia Development and Real E,,CAI,eg_market,EQUITY
EGS380R1C018.CA,October Pharma,,CAI,eg_market,EQUITY
EGS360A1C011.CA,El Ahram Co. For Printing And P,El Ahram Co. For Printing And Packaging SAE,CAI,eg_market,EQUITY
EGS922J1C013.CA,,,CAI,eg_market,EQUITY
EGS681D1C010.CA,Egyptian Arabian(Themar)Comp. F,,CAI,eg_market,EQUITY
EGS65771C015.CA,El Arabia for Land Reclamation,El Arabia for Land Reclamation,CAI,eg_market,EQUITY
EGS221V1C015.CA,M.B Engineering,,CAI,eg_market,EQUITY
EGS696S1C016.CA,Orascom Financial Holding,,CAI,eg_market,EQUITY
EGS380G1C011.CA,Minapharm Pharmaceuticals,,CAI,eg_market,EQUITY
EGS02091C014.CA,Mansourah Poultry,,CAI,eg_market,EQUITY
EGS3C251C013.CA,Ezz Steel,EZZ Steel Company S.A.E,CAI,eg_market,EQUITY
EGS213S1C010.CA,Egyptians For Investment & Urba,Egyptians For Investment &amp; Urban Development,CAI,eg_market,EQUITY
EGS69261C013.CA,Grand Investment Capital,Grand Capital for Financial Investments,CAI,eg_market,EQUITY
EGS743O1C013.CA,E-finance For Digital and Finan,,CAI,eg_market,EQUITY
EGS38251C012.CA,Extracted Oils,Extracted Oils &amp; Derivatives Co.,CAI,eg_market,EQUITY
EGS30581C010.CA,Cairo Oils & Soap,Cairo Oils &amp; Soap Co,CAI,eg_market,EQUITY
EGS659E1C017.CA,Emerald Real Estate Investment,,CAI,eg_market,EQUITY
EGS305I1C011.CA,Edita Food Industries S.A.E,Edita Food Industries S.A.E.,CAI,eg_market,EQUITY
EGS65511C015.CA,National Real Estate Bank  for ,National Real Estate Bank For Development,CAI,eg_market,EQUITY
EGS70P91C010.CA,Marsa Marsa Alam For Tourism De,Marsa Marsa Alam For Tourism Development SAE,CAI,eg_market,EQUITY
EGS63041C015.CA,Mohandes Insurance,,CAI,eg_market,EQUITY
EGS675S1C011.CA,Amer Group Holding,Amer Group Holding Company S.A.E.,CAI,eg_market,EQUITY
EGS681I1C015.CA,El Orouba Securities Brokerage,,CAI,eg_market,EQUITY
EGS38211C016.CA,Misr Chemical Industries,Misr Chemical Industries Co.,CAI,eg_market,EQUITY
EGS60081C014.CA,Qatar National Bank Alahly,QNB Alahli Bank (S.A.E),CAI,eg_market,EQUITY
EGS300L1C011.CA,El Nasr For Manufacturing Agric,El Nasr for Manufacturing Agricultural Crops S.A.E.,CAI,eg_market,EQUITY
EGS68181C014.CA,Osool ESB Securities Brokerage,,CAI,eg_market,EQUITY
EGS551D1C017.CA,Barbary Investment Group ( BIG),,CAI,eg_market,EQUITY
EGS65551C011.CA,El Obour Real Estate Investment,El Obour Real Estate Investment,CAI,eg_market,EQUITY
EGS690C1C010.CA,Raya Holding For Financial Inve,,CAI,eg_market,EQUITY
EGS3C371C019.CA,Misr Beni Suef Cement,Misr Beni-Suef Cement Co. S.A.E,CAI,eg_market,EQUITY
EGS79072C012.CA,TransOceans Tours,Trans Oceans Tours,CAI,eg_market,EQUITY
EGS36021C011.CA,Rakta Paper Manufacturing,,CAI,eg_market,EQUITY
EGS691L1C018.CA,Aspire Capital Holding For Fina,Pioneers Holding Co.,CAI,eg_market,EQUITY
EGS65091C018.CA,El Shams Housing & Urbanization,Al Shams Housing and Urbanization SAE,CAI,eg_market,EQUITY
EGS69082C013.CA,Egyptian Kuwaiti Holding,Egypt Kuwait Holding Company (S.A.E.),CAI,eg_market,EQUITY
EGS67221C019.CA,Arab Moltaka Investments Co,Arab Moltaqa Investments Company,CAI,eg_market,EQUITY
EGS380P1C010.CA,Alexandria Mineral Oils Company,Alexandria Mineral Oils Company,CAI,eg_market,EQUITY
EGS30031C016.CA,Arabian Food Industries DOMTY,,CAI,eg_market,EQUITY
EGS3C111C019.CA,Ceramic & Porcelain,The General Company for Ceramic and Porcelain Products,CAI,eg_market,EQUITY
EGS02211C018.CA,Egypt for Poultry,Egypt for Poultry Company SAE,CAI,eg_market,EQUITY
EGS65011C016.CA,Arab Real Estate Investment CO.,Arab Real Estate Investment Co.,CAI,eg_market,EQUITY
EGS3H051C012-EGP.CA,Alexandria Cement,,CAI,eg_market,EQUITY
EGS48271C018-EGP.CA,Egypt - South Africa for Commun,,CAI,eg_market,EQUITY
EGS60171C013.CA,National Bank Of Kuwait- Egypt-,National Bank of Kuwait - Egypt (S.A.E.),CAI,eg_market,EQUITY
EGS60182C010.CA,Egyptian Gulf Bank,Egyptian Gulf Bank (S.A.E.),CAI,eg_market,EQUITY
EGS3C151C015.CA,The Arab Ceramic CO.- Ceramica ,The Arab Ceramic Co.,CAI,eg_market,EQUITY
EGS3E1E1C013.CA,Arab Valves Company,Arab Valves Company,CAI,eg_market,EQUITY
EGS38311C014.CA,Paint & Chemicals Industries (P,,CAI,eg_market,EQUITY
EGS3D0C1C018.CA,Misr National Steel - Ataqa,Misr National Steel - Ataqa,CAI,eg_market,EQUITY
EGS33321C018.CA,Dice Sport & Casual Wear,Dice Sport &amp; Casual Wear,CAI,eg_market,EQUITY
EGS23141C012.CA,The Egyptian Company for Constr,,CAI,eg_market,EQUITY
EGS60111C019.CA,Abu Dhabi Islamic Bank- Egypt,,CAI,eg_market,EQUITY
EGS3G111C015.CA,El Arabia Engineering Industrie,Arab Engineering Industries Egyptian Joint Stock Co,CAI,eg_market,EQUITY
EGS70431C019.CA,Egyptian for Tourism Resorts,Egyptian Resorts Company SAE,CAI,eg_market,EQUITY
EGS30201C015.CA,Delta Sugar,Delta Sugar Company,CAI,eg_market,EQUITY
EGS65571C019.CA,Medinet Nasr Housing,Madinet Nasr for Housing &amp; Development S.A.E,CAI,eg_market,EQUITY
EGS67181C015.CA,ODIN Investments,Egyptians Abroad Investment &amp; Development Co,CAI,eg_market,EQUITY
EGS74191C015.CA,Raya Contact Center,,CAI,eg_market,EQUITY
EGS3D041C017.CA,EL Ezz Aldekhela Steel  -   Ale,Al Ezz Dekheila Steel Company - Alexandria S.A.E.,CAI,eg_market,EQUITY
EGS99021C015.CA,Integrated Diagnostics Holdings,,CAI,eg_market,EQUITY
EGS60301C016.CA,Housing & Development Bank,,CAI,eg_market,EQUITY
EGS7DBU1C018.CA,Odin for Investment & Developme,,CAI,eg_market,EQUITY
EGS72201C014.CA,Cairo Educational Services,Cairo Educational Services SAE,CAI,eg_market,EQUITY
EGS38321C013.CA,Arab Pharmaceuticals,,CAI,eg_market,EQUITY
EGS3E071C013.CA,Acrow Misr,Acrow Misr,CAI,eg_market,EQUITY
EGS21531C016.CA,Elsaeed Contracting& Real Estat,,CAI,eg_market,EQUITY
EGS02051C018.CA,Cairo Poultry,,CAI,eg_market,EQUITY
EGS740C1C010.CA,Sues Canal Company For Technolo,Suez Canal Company for Technology Settling (S.A.E),CAI,eg_market,EQUITY
EGS42111C012.CA,Alexandria Containers and goods,Alexandria Container&amp;Cargo Handling Company,CAI,eg_market,EQUITY
EGS38411C012.CA,Kafr El Zayat Pesticides,Kafr El Zayat Pesticides and Chemicals Co.,CAI,eg_market,EQUITY
EGS597R1C017.CA,Taaleem Management Services,,CAI,eg_market,EQUITY
EGS3F021C017.CA,Engineering Industries (ICON),,CAI,eg_market,EQUITY
EGS691A1C011.CA,Prime Holding,Prime Holding For Financial Investments S.A.E.,CAI,eg_market,EQUITY
EGS694A1C018.CA,Porto Group,,CAI,eg_market,EQUITY
EGS071L1C018.CA,Atlas For Investment and Food I,Atlas for Land Reclamation and Agricultural Processing,CAI,eg_market,EQUITY
EGS01071C017.CA,Wadi Kom Ombo Land Reclamation,Wadi Kom Ombo Land Reclamation,CAI,eg_market,EQUITY
EGS30451C016.CA,Upper Egypt Flour Mills,Upper Egypt Flour Mills SAE,CAI,eg_market,EQUITY
EGS33041C012.CA,Oriental Weavers,Oriental Weavers Company for Carpets S.A.E.,CAI,eg_market,EQUITY
EGS32331C018.CA,ARAB POLVARA SPINNING & WEAVING,Arab Polvara Spinning and Weaving Company,CAI,eg_market,EQUITY
EGS70331C011.CA,Pyramisa Hotels,Pyramisa Hotels &amp; Resorts,CAI,eg_market,EQUITY
EGS3G231C011.CA,Electro Cable Egypt,,CAI,eg_market,EQUITY
EGS745W1C011.CA,Al Moasher for Programming and ,,CAI,eg_market,EQUITY
EGS65211C012.CA,Egyptian Real Estate Group,,CAI,eg_market,EQUITY
EGS60241C014.CA,Export Development Bank of Egyp,Export Development Bank of Egypt,CAI,eg_market,EQUITY
EGS01041C010.CA,Ismailia National Food Industri,Ismailia National Company For Food Industries (FOODICO) S.A.E.,CAI,eg_market,EQUITY
EGS70342C018.CA,Golden Pyramids Plaza,,CAI,eg_market,EQUITY
EGS30291C016.CA,Sharkia National Food,,CAI,eg_market,EQUITY
EGS69011C012.CA,El Kahera El Watania Investment,,CAI,eg_market,EQUITY
EGS38341C011.CA,Alexandria Pharmaceuticals,Alexandria Co. For Pharmaceuticals &amp; Chemical Industries,CAI,eg_market,EQUITY
EGS60101C010.CA,Al Baraka Bank Egypt,Al Baraka Bank Egypt (S.A.E),CAI,eg_market,EQUITY
EGS78021C010.CA,Egyptian Media Production City,,CAI,eg_market,EQUITY
EGS48022C015.CA,Egyptian Satellites (NileSat),,CAI,eg_market,EQUITY
EGS382M1C011.CA,Sabaa International Company for,Sabaa International Company for Pharmaceutical and Chemical Industry,CAI,eg_market,EQUITY
EGS3JM11C012.CA,Gadwa For Industrial Developmen,,CAI,eg_market,EQUITY
EGS38201C017.CA,Egyptian Chemical Industries (K,Egyptian Chemical Industries S.A.E,CAI,eg_market,EQUITY
EGS70281C018.CA,Rowad Tourism (Al Rowad),Rowad Tourism Company,CAI,eg_market,EQUITY
EGS74081C018-EGP.CA,Global Telecom Holding,,CAI,eg_market,EQUITY
EGS69182C011.CA,Naeem Holding,Naeem Holding Company For Investments (S.A.E - Free Zone),CAI,eg_market,EQUITY
EGS70321C012.CA,Orascom Development Egypt,Orascom for Hotels and Development S.A.E.,CAI,eg_market,EQUITY
EGS38161C013.CA,Universal For Paper and Packagi,,CAI,eg_market,EQUITY
EGS30211C014.CA,AJWA for Food Industries compan,,CAI,eg_market,EQUITY
EGS75011C014.CA,MM Group For Industry And Inter,,CAI,eg_market,EQUITY
EGS739Z1C016.CA,Marseille Almasreia Alkhalegeya,,CAI,eg_market,EQUITY
EGS3C161C014.CA,Lecico Egypt,,CAI,eg_market,EQUITY
EGS39061C014.CA,Misr Fretilizers Production Com,,CAI,eg_market,EQUITY
EGS221U1C016.CA,Al Fanar Contracting Constructi,,CAI,eg_market,EQUITY
EGS69101C011.CA,Egyptian Financial Group-Hermes,EFG Hermes Holding S.A.E.,CAI,eg_market,EQUITY
EGS44012C010.CA,Maridive & oil services,Maridive &amp; Oil Services SAE,CAI,eg_market,EQUITY
EGS651B1C018.CA,Gulf Canadian Real Estate Inves,Gulf Canadian Real Estate Investment Co,CAI,eg_market,EQUITY
EGS01081C016.CA,General Company For Land Reclam,,CAI,eg_market,EQUITY
EGS38381C017.CA,Egyptian Financial & Industrial,Egyptian Financial and Industrial Company,CAI,eg_market,EQUITY
EGS70081C012.CA,Misr Hotels,Misr Hotels Company,CAI,eg_market,EQUITY
EGS38331C012.CA,El-Nile Co. For Pharmaceuticals,The Nile Company for Pharmaceuticals and Chemical Industries,CAI,eg_market,EQUITY
EGS42051C010.CA,Egyptian Transport (EGYTRANS),Egyptian Transport and Commercial Services Company S.A.E.,CAI,eg_market,EQUITY
EGS214B1C018.CA,Emerald Development& Projects M,,CAI,eg_market,EQUITY
EGS30221C013.CA,The Arab Dairy Products Co. Ara,The Arab Dairy Products Co. LLC,CAI,eg_market,EQUITY
EGS67191C014.CA,International Co For Investment,International Co. For Investment &amp; Development,CAI,eg_market,EQUITY
EGS69021C011.CA,El Ahli Investment and Developm,,CAI,eg_market,EQUITY
EGS30AL1C012.CA,Obour Land For Food Industries,,CAI,eg_market,EQUITY
EGS729F1C012.CA,The Egyptian Modern Education S,,CAI,eg_market,EQUITY
EGS3I1D1C015.CA,Union Pharmacist Company For Me,,CAI,eg_market,EQUITY
EGS53051C016.CA,Misr Duty Free Shops,Egypt Free Shops Co.,CAI,eg_market,EQUITY
EGS233E1C012.CA,Thiqah For Bussiness Administra,,CAI,eg_market,EQUITY
EGS65441C015.CA,Mena Touristic & Real Estate In,Mena for Touristic &amp; Real Estate Investment,CAI,eg_market,EQUITY
EGS10001C013.CA,Asek Company for Mining    - As,"ASEC Company for Mining ASCOM, S.A.E",CAI,eg_market,EQUITY
EGS38191C010.CA,Abou Kir Fertilizers,Abu Qir Fertilizers Co.,CAI,eg_market,EQUITY
EGS32161C019.CA,Golden Textiles & Clothes Wool,Golden Textiles &amp; Clothes Wool,CAI,eg_market,EQUITY
EGS72011C017.CA,Nozha International Hospital,Nozha International Hospital,CAI,eg_market,EQUITY
EGS676N1C015.CA,Al Tawfeek Leasing Company-A.T.,,CAI,eg_market,EQUITY
EGS3C0O1C016.CA,Arabian Cement Company,Arabian Cement Company,CAI,eg_market,EQUITY
EGS95001C011.CA,Orascom Construction PLC,,CAI,eg_market,EQUITY
EGS32221C011.CA,Arab Cotton Ginning,Arabia Cotton Ginning Company,CAI,eg_market,EQUITY
EGS691T1C010.CA,B Investments Holding,,CAI,eg_market,EQUITY
EGS51191C012.CA,Samad Misr -EGYFERT,Samad Misr (EGYFERT) S.A.E.,CAI,eg_market,EQUITY
EGS38391C016.CA,Cairo Pharmaceuticals,Kahira Pharmaceuticals &amp; Chemical Industries Company,CAI,eg_market,EQUITY
EGS70GV1C015.CA,Golden Coast Company,Golden Coast Company,CAI,eg_market,EQUITY
EGS65061C011.CA,United Housing & Development,United Co. for Housing &amp; Development - S.A.E.,CAI,eg_market,EQUITY
EGS673Y1C015.CA,Emaar Misr for Development,,CAI,eg_market,EQUITY
EGS3C071C015.CA,El Ezz Porcelain (Gemma),,CAI,eg_market,EQUITY
EGS3E181C010.CA,Egypt Aluminum,Aluminium Company of Egypt,CAI,eg_market,EQUITY
EGS70571C012.CA,Sharm Dreams Co. for Tourism In,Sharm Dreams Co. for Touristic Investment S.A.E.,CAI,eg_market,EQUITY
EGS70R91C016.CA,El Wadi For International and I,,CAI,eg_market,EQUITY
EGS691S1C011.CA,T M G Holding,Talaat Mostafa Group Holding Company &quot;TMG Holding&quot; S.A.E.,CAI,eg_market,EQUITY
EGS70271C019.CA,Remco for Touristic Villages Co,Remco Tourism villages construction (S.A.E),CAI,eg_market,EQUITY
EGS3C311C015-EGP.CA,Torah Cement,,CAI,eg_market,EQUITY
EGS38461C017-EGP.CA,Advanced Pharmaceutical Packagi,,CAI,eg_market,EQUITY
EGS30411C010.CA,South Cairo & Giza Mills & Bake,South Cairo and Giza Flour Mills and Bakeries,CAI,eg_market,EQUITY
EGS38081C013.CA,Egyptian International Pharmace,Egyptian International Pharmaceutical Industries Company,CAI,eg_market,EQUITY
EGS21541C015.CA,Giza General Contracting,Giza General - Contracting and Real Estate Investment Co. S.A.E.,CAI,eg_market,EQUITY
EGS37091C013.CA,Eastern Company,Eastern Company SAE,CAI,eg_market,EQUITY
EGS30361C017.CA,North Cairo Mills,North Cairo Flour Mills Company,CAI,eg_market,EQUITY
EGS512O1C012.CA,Ibnsina Pharma,,CAI,eg_market,EQUITY
EGS65081C019.CA,Development & Engineering Consu,,CAI,eg_market,EQUITY
EGS729J1C018.CA,Cleopatra Hospital Company,,CAI,eg_market,EQUITY
EGS65AN1C018.CA,Arab Development & Real Estate ,,CAI,eg_market,EQUITY
EGS23111C015.CA,Nasr Company for Civil Works,,CAI,eg_market,EQUITY
EGS63031C016.CA,Delta Insurance,,CAI,eg_market,EQUITY
EGS65AL1C010.CA,First Investment Company And Re,,CAI,eg_market,EQUITY
EGS69191C012.CA,Reacap Financial Investments,,CAI,eg_market,EQUITY
EGS30401C011.CA,Middle Egypt Flour Mills,,CAI,eg_market,EQUITY
EGS60142C014.CA,Societe Arabe Internationale De,,CAI,eg_market,EQUITY
EGS69081C023.CA,Egyptian Kuwaiti Holding-EGP,,CAI,eg_market,EQUITY
EGS30901C010.CA,Juhayna Food Industries,,CAI,eg_market,EQUITY
EGS3C401C014.CA,Sinai Cement,Sinai Cement Company SAE,CAI,eg_market,EQUITY
EGS3C391C017.CA,Misr Cement (Qena),,CAI,eg_market,EQUITY
EGS38351C010.CA,Memphis Pharmaceuticals,Memphis Pharmaceuticals and Chemical Industries Company,CAI,eg_market,EQUITY
EGS67331C016.CA,Alexandria National Company for,Alexandria National Company For Financial Investment SAE,CAI,eg_market,EQUITY
EGS65131C012.CA,National Housing for Profession,National Company for Housing Professional Syndicates SAE,CAI,eg_market,EQUITY
EGS21171C011.CA,Zahraa Maadi Investment & Devel,Zahraa El Maadi Investment and Development Company SAE,CAI,eg_market,EQUITY
EGS3A221C018.CA,Rubex International for Plastic,,CAI,eg_market,EQUITY
EGS102S1C014.CA,Iron And Steel for Mines and Qu,,CAI,eg_market,EQUITY
EGS30471C014.CA,Alexandria Flour Mills,Alexandria Flour Mills &amp; Bakeries Company,CAI,eg_market,EQUITY
EGS381B1C015.CA,Tenth Of Ramadan Pharmaceutical,,CAI,eg_market,EQUITY
EGS72AQ1C016.CA,Arab Co. for Asset Management A,,CAI,eg_market,EQUITY
EGS21351C019.CA,Arabia Investments Holding,Arabiyya Lel Istithmaraat,CAI,eg_market,EQUITY
EGS691G1C015.CA,Belton Financial Holding,,CAI,eg_market,EQUITY
EGS60321C014.CA,Faisal Islamic Bank of Egypt - ,Faisal Islamic Bank of Egypt (S.A.E.),CAI,eg_market,EQUITY
EGS52041C018.CA,Northern Upper Egypt Developmen,Northern Upper Egypt For Development &amp; Agricultural Production Co.,CAI,eg_market,EQUITY
EGS3G0Z1C014.CA,ELSWEDY ELECTRIC,Elsewedy Electric Co,CAI,eg_market,EQUITY
EGS33061C010.CA,El Nasr Clothes & Textiles (Kab,El Nasr Clothing &amp; Textiles Co.,CAI,eg_market,EQUITY
EGS60121C018.CA,Commercial International Bank (,Commercial International Bank (Egypt) S.A.E.,CAI,eg_market,EQUITY
EGS02021C011.CA,Ismailia Misr Poultry,,CAI,eg_market,EQUITY
EGS65851C015.CA,Six of October Development & In,Sixth of October Development &amp; Investment Company,CAI,eg_market,EQUITY
EGS30441C017.CA,General Silos & Storage,General Co. For Silos &amp; Storage,CAI,eg_market,EQUITY
EGS3C181C012-EGP.CA,Suez Cement,,CAI,eg_market,EQUITY
EGS07061C012.CA,International Agricultural Prod,International Company for Agricultural Crops,CAI,eg_market,EQUITY
EGS520D1C015.CA,International Company For Ferti,,CAI,eg_market,EQUITY
EGS21451C017.CA,Delta Construction & Rebuilding,Delta for construction &amp; Rebuilding,CAI,eg_market,EQUITY
EGS39011C019.CA,Natural Gas & Mining Project (E,egypt gas company -sae,CAI,eg_market,EQUITY
EGS3D031C018.CA,Arab Aluminum,Arab Aluminum Company SAE,CAI,eg_market,EQUITY
EGS38421C011.CA,Misr Oils & Soap,,CAI,eg_market,EQUITY
EGS550K1C019.CA,International Business Corporat,,CAI,eg_market,EQUITY
EGS30351C018.CA,East Delta Flour Mills,East Delta Flour Mills,CAI,eg_market,EQUITY
EGS69491M015.CA,EGX 30 INDEX ETF,,CAI,eg_market,EQUITY
EGS370W1C013.CA,Delta For Printing & Packaging,Delta Co. For Printing &amp; Packaging S.A.E,CAI,eg_market,EQUITY
EGS30421C019.CA,Middle & West Delta Flour Mills,Middle &amp; West Delta Flour Mills Co.,CAI,eg_market,EQUITY
EGS67031C012.CA,Saudi Egyptian Investment & Fin,Saudi Egyptian Investment &amp; Finance Co.S.A.E.,CAI,eg_market,EQUITY
EGS60231C015.CA,Suez Canal Bank S.A.E,Suez Canal Bank (S.A.E.),CAI,eg_market,EQUITY
EGS693V1C014.CA,Orascom Investment Holding,Orascom Telecom Media and Technology Holding S.A.E.,CAI,eg_market,EQUITY
EGS3E3B1C014.CA,Integrated Engineering Group S.,,CAI,eg_market,EQUITY
EGS65461C013.CA,Gharbia Islamic Housing Develop,,CAI,eg_market,EQUITY
EGS60041C018.CA,Credit Agricole Egypt,Credit Agricole - Egypt Bank (S.A.E.),CAI,eg_market,EQUITY
EGS46051C016.CA,GMC GROUP FOR INDUSTRIAL COMMER,,CAI,eg_market,EQUITY
EGS60322C012.CA,Faisal Islamic Bank of Egypt - ,Faisal Islamic Bank of Egypt (S.A.E.),CAI,eg_market,EQUITY
EGS47021C018.CA,United Arab Shipping,,CAI,eg_market,EQUITY
EGS07061C012.CA,International Agricultural Prod,International Company for Agricultural Crops,CAI,eg_market,EQUITY
EGS3I0S1C019.CA,International company For Medic,,CAI,eg_market,EQUITY
EGS44031C010.CA,Canal Shipping Agencies,Canal Shipping Agencies Company,CAI,eg_market,EQUITY
EGS659O1C015.CA,Misr Kuwait Investment & Tradin,,CAI,eg_market,EQUITY
EGS72081C010.CA,Alexandria New Medical Center,Alexandria New Medical Center,CAI,eg_market,EQUITY
EGS672I2C014.CA,Al Arafa For Investment And Con,Al Arafa for Investment and Consultancies Company (S.A.E.),CAI,eg_market,EQUITY
EGS65541C012.CA,Cairo For Investment And Real E,,CAI,eg_market,EQUITY
EGS22171C010.CA,Industrial & Engineering Enterp,,CAI,eg_market,EQUITY
EGS691D1C018.CA,CI Capital Holding For Financia,,CAI,eg_market,EQUITY
EGS65591C017.CA,Heliopolis Housing,Heliopolis Company for Housing and Development,CAI,eg_market,EQUITY
EGS73541C012.CA,Citadel Capital - Common Shares,Qalaa Holdings S.A.E.,CAI,eg_market,EQUITY
EGS38171C012.CA,Glaxo Smith Kline,GlaxoSmithKline S.A.E,CAI,eg_market,EQUITY
EGS73BR1C013.CA,Speed Medical,,CAI,eg_market,EQUITY
EGS655L1C012.CA,Palm Hills Development Company,Palm Hills Developments Company S.A.E.,CAI,eg_market,EQUITY
EGS48031C016.CA,Telecom Egypt,Telecom Egypt Company S.A.E.,CAI,eg_market,EQUITY
EGS3C351C011.CA,South Valley Cement,South Valley Cement Company,CAI,eg_market,EQUITY
EGS32041C013.CA,Alexandria Spinning & Weaving (,Alexandria Spinning &amp; Weaving Co.,CAI,eg_market,EQUITY
EGS3C4L1C015.CA,Medical Packaging Company,,CAI,eg_market,EQUITY
EGS21FW1C015.CA,Pioneers Properties For Urban D,,CAI,eg_market,EQUITY
EGS65341C017.CA,Egyptians Housing Development &,"Egyptians Housing, Development &amp; Reconstruction Co.",CAI,eg_market,EQUITY
EGS380S1C017.CA,Sidi Kerir Petrochemicals - SID,Sidi Kerir Petrochemicals Co.,CAI,eg_market,EQUITY
EGS745L1C014.CA,Fawry For Banking Technology An,,CAI,eg_market,EQUITY
