symbol,shortName,longName,exchange,market,quoteType
PRX.JO,Prosus N.V.,Prosus N.V.,JNB,za_market,EQUITY
ANH.JO,Anheuser-Busch InBev SA NV,Anheuser-Busch InBev SA/NV,JNB,za_market,EQUITY
BTI.JO,British American Tob plc,British American Tobacco p.l.c.,JNB,za_market,EQUITY
CFR.JO,Compagnie Fin Richemont,Compagnie Financière Richemont SA,JNB,za_market,EQUITY
GLN.JO,Glencore plc,Glencore plc,JNB,za_market,EQUITY
BHP.JO,BHP Group Plc,BHP Group,JNB,za_market,EQUITY
AGL.JO,Anglo American plc,Anglo American plc,JNB,za_market,EQUITY
NPN.JO,Naspers Ltd -N-,Naspers Limited,JNB,za_market,EQUITY
AMS.JO,Anglo American Plat Ltd,Anglo American Platinum Limited,JNB,za_market,EQUITY
FSR.JO,Firstrand Ltd,FirstRand Limited,JNB,za_market,EQUITY
MTN.JO,MTN Group Ltd,MTN Group Limited,JNB,za_market,EQUITY
CPI.JO,Capitec Bank Hldgs Ltd,Capitec Bank Holdings Limited,JNB,za_market,EQUITY
SBK.JO,Standard Bank Group Ltd,Standard Bank Group Limited,JNB,za_market,EQUITY
VOD.JO,Vodacom Group Ltd,Vodacom Group Limited,JNB,za_market,EQUITY
MNP.JO,Mondi plc,Mondi plc,JNB,za_market,EQUITY
IMP.JO,Impala Platinum Hlgs Ltd,Impala Platinum Holdings Limited,JNB,za_market,EQUITY
SOL.JO,Sasol Limited,Sasol Limited,JNB,za_market,EQUITY
KIO.JO,Kumba Iron Ore Ltd,Kumba Iron Ore Limited,JNB,za_market,EQUITY
SSW.JO,Sibanye Stillwater Ltd,Sibanye Stillwater Limited,JNB,za_market,EQUITY
GFI.JO,Gold Fields Ltd,Gold Fields Limited,JNB,za_market,EQUITY
ABG.JO,Absa Group Limited,Absa Group Limited,JNB,za_market,EQUITY
SLM.JO,Sanlam Limited,Sanlam Limited,JNB,za_market,EQUITY
ANG.JO,Anglogold Ashanti Ltd,AngloGold Ashanti Limited,JNB,za_market,EQUITY
SHP.JO,Shoprite Holdings Ltd,Shoprite Holdings Limited,JNB,za_market,EQUITY
BID.JO,BID Corporation Ltd,Bid Corporation Limited,JNB,za_market,EQUITY
APN.JO,Aspen Pharmacare Hldgs Ltd,Aspen Pharmacare Holdings Limited,JNB,za_market,EQUITY
DSY.JO,Discovery Ltd,Discovery Limited,JNB,za_market,EQUITY
NED.JO,Nedbank Group Ltd,Nedbank Group Limited,JNB,za_market,EQUITY
PPH.JO,Pepkor Holdings Ltd,Pepkor Holdings Limited,JNB,za_market,EQUITY
NPH.JO,Northam Platinum Hldgs Ltd,Northam Platinum Holdings Limited,JNB,za_market,EQUITY
CLS.JO,Clicks Group Ltd,Clicks Group Limited,JNB,za_market,EQUITY
REM.JO,Remgro Ltd,Remgro Limited,JNB,za_market,EQUITY
NRP.JO,NEPI Rockcastle Plc,NEPI Rockcastle plc,JNB,za_market,EQUITY
BVT.JO,Bidvest Ltd,The Bidvest Group Limited,JNB,za_market,EQUITY
OMU.JO,Old Mutual Limited,Old Mutual Limited,JNB,za_market,EQUITY
INP.JO,Investec plc,Investec Group,JNB,za_market,EQUITY
EXX.JO,Exxaro Resources Ltd,Exxaro Resources Limited,JNB,za_market,EQUITY
RNI.JO,Reinet Investments S.C.A,Reinet Investments S.C.A.,JNB,za_market,EQUITY
QLT.JO,Quilter Plc,Quilter plc,JNB,za_market,EQUITY
GRT.JO,Growthpoint Prop Ltd,Growthpoint Properties Limited,JNB,za_market,EQUITY
MCG.JO,MultiChoice Group Ltd,MultiChoice Group Limited,JNB,za_market,EQUITY
MEI.JO,Mediclinic Int plc,Mediclinic International plc,JNB,za_market,EQUITY
MRP.JO,Mr Price Group Ltd,Mr Price Group Limited,JNB,za_market,EQUITY
NY1.JO,Ninety One Limited,Ninety One Group,JNB,za_market,EQUITY
WHL.JO,Woolworths Holdings Ltd,Woolworths Holdings Limited,JNB,za_market,EQUITY
ARI.JO,African Rainbow Min Ltd,African Rainbow Minerals Limited,JNB,za_market,EQUITY
RBP.JO,Royal Bafokeng Platinum Ltd,Royal Bafokeng Platinum Limited,JNB,za_market,EQUITY
TFG.JO,The Foschini Group Limited,The Foschini Group Limited,JNB,za_market,EQUITY
DGH.JO,Distell Group Hldgs Ltd,Distell Group Holdings Limited,JNB,za_market,EQUITY
VVO.JO,Vivo Energy plc,Vivo Energy plc,JNB,za_market,EQUITY
TCP.JO,Transaction Capital Ltd,Transaction Capital Limited,JNB,za_market,EQUITY
SRE.JO,Sirius Real Estate Ltd,Sirius Real Estate Limited,JNB,za_market,EQUITY
N91.JO,Ninety One Plc,Ninety One Group,JNB,za_market,EQUITY
HAR.JO,Harmony GM Co Ltd,Harmony Gold Mining Company Limited,JNB,za_market,EQUITY
LHC.JO,Life Healthc Grp Hldgs Ltd,Life Healthcare Group Holdings Limited,JNB,za_market,EQUITY
HMN.JO,Hammerson plc,Hammerson plc,JNB,za_market,EQUITY
TBS.JO,Tiger Brands Ltd,Tiger Brands Limited,JNB,za_market,EQUITY
SPP.JO,The Spar Group Ltd,The SPAR Group Ltd,JNB,za_market,EQUITY
CCO.JO,Capital&Counties Prop plc,Capital & Counties Properties PLC,JNB,za_market,EQUITY
SNT.JO,Santam Limited,Santam Ltd,JNB,za_market,EQUITY
DCP.JO,Dis-Chem Pharmacies Ltd,Dis-Chem Pharmacies Limited,JNB,za_market,EQUITY
TXT.JO,Textainer Group Hldgs Ltd,Textainer Group Holdings Limited,JNB,za_market,EQUITY
MTM.JO,Momentum Met Hldgs Ltd,Momentum Metropolitan Holdings Limited,JNB,za_market,EQUITY
BYI.JO,Bytes Technology Group,Bytes Technology Group plc,JNB,za_market,EQUITY
BAW.JO,Barloworld Ltd,Barloworld Limited,JNB,za_market,EQUITY
LBH.JO,Liberty Holdings Ltd,Liberty Holdings Limited,JNB,za_market,EQUITY
TKG.JO,Telkom SA SOC Ltd,Telkom SA SOC Limited,JNB,za_market,EQUITY
AVI.JO,AVI Ltd,AVI Limited,JNB,za_market,EQUITY
PIK.JO,Pick n Pay Stores Ltd,Pick n Pay Stores Limited,JNB,za_market,EQUITY
SAP.JO,Sappi Ltd,Sappi Limited,JNB,za_market,EQUITY
RDF.JO,Redefine Properties Ltd,Redefine Properties Limited,JNB,za_market,EQUITY
INL.JO,Investec Ltd,Investec Group,JNB,za_market,EQUITY
MKR.JO,Montauk Renewables Inc,"Montauk Renewables, Inc.",JNB,za_market,EQUITY
NTC.JO,Netcare Limited,Netcare Limited,JNB,za_market,EQUITY
TRU.JO,Truworths Int Ltd,Truworths International Limited,JNB,za_market,EQUITY
SNH.JO,Steinhoff Int Hldgs N.V.,Steinhoff International Holdings N.V.,JNB,za_market,EQUITY
MTH.JO,Motus Holdings Ltd,Motus Holdings Limited,JNB,za_market,EQUITY
ITE.JO,Italtile Ltd,Italtile Limited,JNB,za_market,EQUITY
PSG.JO,PSG Group Ltd,PSG Group Ltd,JNB,za_market,EQUITY
CML.JO,Coronation Fund Mngrs Ld,Coronation Fund Managers Limited,JNB,za_market,EQUITY
KST.JO,PSG Konsult Limited,PSG Konsult Limited,JNB,za_market,EQUITY
EQU.JO,Equites Prop Fund Ltd,Equites Property Fund Limited,JNB,za_market,EQUITY
KRO.JO,Karooooo Ltd,Karooooo Ltd.,JNB,za_market,EQUITY
MSP.JO,MAS P.L.C,MAS P.L.C.,JNB,za_market,EQUITY
APH.JO,Alphamin Resources Corp,Alphamin Resources Corp.,JNB,za_market,EQUITY
FFA.JO,Fortress REIT Ltd A,Fortress REIT Limited,JNB,za_market,EQUITY
LTE.JO,Lighthouse Capital Ltd,Lighthouse Properties plc,JNB,za_market,EQUITY
MSM.JO,Massmart Holdings Ltd,Massmart Holdings Limited,JNB,za_market,EQUITY
HYP.JO,Hyprop Inv Ltd,Hyprop Investments Limited,JNB,za_market,EQUITY
IPL.JO,Imperial Logistics Ltd,Imperial Logistics Limited,JNB,za_market,EQUITY
RCL.JO,RCL Foods Limited,RCL Foods Limited,JNB,za_market,EQUITY
MLI.JO,Industrials REIT Limited,Industrials REIT Limited,JNB,za_market,EQUITY
SPG.JO,Super Group Ltd,Super Group Limited,JNB,za_market,EQUITY
IAP.JO,Irongate Group,Irongate Group,JNB,za_market,EQUITY
AFE.JO,AECI Limited,AECI Ltd,JNB,za_market,EQUITY
VKE.JO,Vukile Property Fund Ltd,Vukile Property Fund Limited,JNB,za_market,EQUITY
TGA.JO,Thungela Resources Ltd,Thungela Resources Limited,JNB,za_market,EQUITY
ACL.JO,ArcelorMittal SA Limited,ArcelorMittal South Africa Ltd,JNB,za_market,EQUITY
TSG.JO,Tsogo Sun Gaming Ltd,Tsogo Sun Gaming Limited,JNB,za_market,EQUITY
EPP.JO,EPP N.V.,EPP N.V.,JNB,za_market,EQUITY
DRD.JO,DRD Gold Ltd,DRDGOLD Limited,JNB,za_market,EQUITY
KAP.JO,KAP Industrial Hldgs Ltd,KAP Industrial Holdings Limited,JNB,za_market,EQUITY
OMN.JO,Omnia Holdings Ltd,Omnia Holdings Limited,JNB,za_market,EQUITY
IPF.JO,Investec Property Fund Ltd,Investec Property Fund Limited,JNB,za_market,EQUITY
AIL.JO,African Rainbow Cap Inv,African Rainbow Capital Investments Limited,JNB,za_market,EQUITY
ADH.JO,ADvTECH Ltd,ADvTECH Limited,JNB,za_market,EQUITY
JSE.JO,JSE Ltd,JSE Limited,JNB,za_market,EQUITY
PPC.JO,PPC Limited,PPC Ltd,JNB,za_market,EQUITY
AIP.JO,Adcock Ingram Hldgs Ltd,Adcock Ingram Holdings Limited,JNB,za_market,EQUITY
RLO.JO,Reunert Ltd,Reunert Limited,JNB,za_market,EQUITY
JBL.JO,Jubilee Metals Group plc,Jubilee Metals Group PLC,JNB,za_market,EQUITY
DTC.JO,Datatec Ltd,Datatec Limited,JNB,za_market,EQUITY
AFT.JO,Afrimat Limited,Afrimat Limited,JNB,za_market,EQUITY
FBR.JO,Famous Brands Ltd,Famous Brands Limited,JNB,za_market,EQUITY
THA.JO,Tharisa plc,Tharisa plc,JNB,za_market,EQUITY
COH.JO,Curro Holdings Limited,Curro Holdings Limited,JNB,za_market,EQUITY
PAN.JO,Pan African Resource plc,Pan African Resources PLC,JNB,za_market,EQUITY
SUI.JO,Sun International Ltd,Sun International Limited,JNB,za_market,EQUITY
RBX.JO,Raubex Group Ltd,Raubex Group Limited,JNB,za_market,EQUITY
ARL.JO,Astral Foods Ltd,Astral Foods Limited,JNB,za_market,EQUITY
OCE.JO,Oceana Group Ltd,Oceana Group Limited,JNB,za_market,EQUITY
SSS.JO,Stor-Age Prop REIT Ltd,Stor-Age Property REIT Limited,JNB,za_market,EQUITY
BAT.JO,Brait PLC,Brait PLC,JNB,za_market,EQUITY
WBO.JO,Wilson Bayly Hlm-Ovc Ltd,Wilson Bayly Holmes-Ovcon Limited,JNB,za_market,EQUITY
CSB.JO,Cashbuild Ltd,Cashbuild Limited,JNB,za_market,EQUITY
AFH.JO,Alexander Forbes Grp Hldgs,Alexander Forbes Group Holdings Limited,JNB,za_market,EQUITY
HCI.JO,Hosken Cons Inv Ltd,Hosken Consolidated Investments Limited,JNB,za_market,EQUITY
MUR.JO,Murray & Roberts Hldgs,Murray & Roberts Holdings Limited,JNB,za_market,EQUITY
ATT.JO,Attacq Limited,Attacq Limited,JNB,za_market,EQUITY
MTA.JO,Metair Investments Ltd,Metair Investments Limited,JNB,za_market,EQUITY
GSH.JO,Grindrod Shipping Hldg Ltd,Grindrod Shipping Holdings Ltd.,JNB,za_market,EQUITY
NT1.JO,Net 1 UEPS Tech Inc,"Net 1 UEPS Technologies, Inc.",JNB,za_market,EQUITY
ZED.JO,Zeder Inv Ltd,Zeder Investments Ltd.,JNB,za_market,EQUITY
EMI.JO,Emira Property Fund Ltd,Emira Property Fund Limited,JNB,za_market,EQUITY
TGO.JO,Tsogo Sun Hotels LTD,Tsogo Sun Hotels Limited,JNB,za_market,EQUITY
MPT.JO,Mpact Limited,Mpact Limited,JNB,za_market,EQUITY
BLU.JO,Blue Label Telecoms Ltd,Blue Label Telecoms Limited,JNB,za_market,EQUITY
MIX.JO,Mix Telematics Ltd,MiX Telematics Limited,JNB,za_market,EQUITY
L2D.JO,Liberty Two Degrees LTD,Liberty Two Degrees Limited,JNB,za_market,EQUITY
SHG.JO,Sea Harvest Group Ltd,Sea Harvest Group Limited,JNB,za_market,EQUITY
REN.JO,Renergen Limited,Renergen Limited,JNB,za_market,EQUITY
LBR.JO,Libstar Holdings Ltd,Libstar Holdings Limited,JNB,za_market,EQUITY
HDC.JO,Hudaco Industries Ltd,Hudaco Industries Limited,JNB,za_market,EQUITY
AHB.JO,Arrowhead Prop Ltd B,Arrowhead Properties Limited,JNB,za_market,EQUITY
MTNZF.JO,MTN Zakhele Futhi,MTN Zakhele Futhi (RF) Limited,JNB,za_market,EQUITY
GML.JO,Gemfields Group Limited,Gemfields Group Limited,JNB,za_market,EQUITY
KAL.JO,Kaap Agri Limited,Kaap Agri Limited,JNB,za_market,EQUITY
L4L.JO,Long 4 Life Limited,Long4life Limited,JNB,za_market,EQUITY
PPE.JO,Purple Group Ltd,Purple Group Limited,JNB,za_market,EQUITY
CLI.JO,Clientele Ltd,Clientèle Limited,JNB,za_market,EQUITY
ABSP.JO,ABSA Bank Ltd Pref,Absa Bank Limited,JNB,za_market,EQUITY
AEL.JO,Altron Limited A,Altron Limited,JNB,za_market,EQUITY
SCD.JO,Schroder Eur REIT plc,Schroder European Real Estate Investment Trust Plc,JNB,za_market,EQUITY
GND.JO,Grindrod Ltd,Grindrod Limited,JNB,za_market,EQUITY
AEG.JO,Aveng Group Limited,Aveng Limited,JNB,za_market,EQUITY
RFG.JO,RFG Holdings Limited,RFG Holdings Limited,JNB,za_market,EQUITY
MRF.JO,Merafe Resources Ltd,Merafe Resources Limited,JNB,za_market,EQUITY
CLH.JO,City Lodge Hotels Ltd,City Lodge Hotels Limited,JNB,za_market,EQUITY
LEW.JO,Lewis Group Ltd,Lewis Group Limited,JNB,za_market,EQUITY
CAT.JO,Caxton CTP Publish Print,Caxton and CTP Publishers and Printers Limited,JNB,za_market,EQUITY
IVT.JO,Invicta Holdings Ltd,Invicta Holdings Limited,JNB,za_market,EQUITY
SDO.JO,Stadio Holdings Limited,Stadio Holdings Limited,JNB,za_market,EQUITY
ACT.JO,AfroCentric Inv Corp Ltd,AfroCentric Investment Corporation Limited,JNB,za_market,EQUITY
HIL.JO,Homechoice Int plc,HomeChoice International plc,JNB,za_market,EQUITY
SZK.JO,SAB Zenzele Kabili,SAB Zenzele Kabili Holdings (RF) Limited,JNB,za_market,EQUITY
YYLBEE.JO,YeboYethu (RF) Ltd,YeboYethu (RF) Limited,JNB,za_market,EQUITY
TTO.JO,Trustco Group Hldgs Ltd,Trustco Group Holdings Limited,JNB,za_market,EQUITY
SYG.JO,Sygnia Limited,Sygnia Limited,JNB,za_market,EQUITY
TDH.JO,Tradehold Ltd,Tradehold Limited,JNB,za_market,EQUITY
OAO.JO,Oando plc,Oando PLC,JNB,za_market,EQUITY
NPK.JO,Nampak Ltd,Nampak Limited,JNB,za_market,EQUITY
DIA.JO,Dipula Income Fund A,Dipula Income Fund Limited,JNB,za_market,EQUITY
SBP.JO,Sabvest Capital Limited,Sabvest Capital Limited,JNB,za_market,EQUITY
OCT.JO,Octodec Invest Ltd,Octodec Investments Limited,JNB,za_market,EQUITY
FVT.JO,Fairvest Property Hldgs,Fairvest Property Holdings Limited,JNB,za_market,EQUITY
ACS.JO,Acsion Limited,Acsion Limited,JNB,za_market,EQUITY
RMH.JO,RMB Holdings Ltd,RMB Holdings Limited,JNB,za_market,EQUITY
CTA.JO,CAPITAL APPRECIATION LTD,Capital Appreciation Limited,JNB,za_market,EQUITY
S32.JO,South32 Limited,South32 Limited,JNB,za_market,EQUITY
CRP.JO,Capital & Regional Plc,Capital & Regional Plc,JNB,za_market,EQUITY
SUR.JO,Spur Corporation Ltd,Spur Corporation Ltd,JNB,za_market,EQUITY
AVV.JO,Alviva Holdings Ltd,Alviva Holdings Limited,JNB,za_market,EQUITY
DRA.JO,DRA Global Ltd,DRA Global Limited,JNB,za_market,EQUITY
WEZ.JO,Wesizwe Platinum Ltd,Wesizwe Platinum Limited,JNB,za_market,EQUITY
CMH.JO,Combined Motor Hldgs Ltd,Combined Motor Holdings Limited,JNB,za_market,EQUITY
SEA.JO,Spear REIT Limited,Spear Reit Limited,JNB,za_market,EQUITY
MDI.JO,Master Drilling Grp Ltd,Master Drilling Group Limited,JNB,za_market,EQUITY
ARH.JO,ARB Holdings Limited,ARB Holdings Limited,JNB,za_market,EQUITY
FTH.JO,Frontier Transport Hldg Ld,Frontier Transport Holdings Limited,JNB,za_market,EQUITY
SOLBE1.JO,BEE - Sasol Limited,Sasol Limited,JNB,za_market,EQUITY
CPIP.JO,Capitec Bank Hldgs Pref,Capitec Bank Holdings Limited,JNB,za_market,EQUITY
BWN.JO,Balwin Properties Ltd,Balwin Properties Limited,JNB,za_market,EQUITY
ENX.JO,enX Group LImited,enX Group Limited,JNB,za_market,EQUITY
MFL.JO,Metrofile Holdings Ltd,Metrofile Holdings Limited,JNB,za_market,EQUITY
UPL.JO,Universal Partners Ltd,Universal Partners Limited,JNB,za_market,EQUITY
HLM.JO,Hulamin Ltd,Hulamin Limited,JNB,za_market,EQUITY
EMN.JO,E Media Holdings Ltd -N-,eMedia Holdings Limited,JNB,za_market,EQUITY
SAR.JO,Safari Investments RSA Ltd,Safari Investments RSA Limited,JNB,za_market,EQUITY
BRN.JO,Brimstone Inv Corp Ltd-N,Brimstone Investment Corporation Limited,JNB,za_market,EQUITY
OAS.JO,Oasis Crescent Prop Fund,Oasis Crescent Property Fund,JNB,za_market,EQUITY
EPE.JO,EPE Capital Partners Ltd,EPE Capital Partners Ltd,JNB,za_market,EQUITY
GPL.JO,Grand Parade Inv Ltd,Grand Parade Investments Limited,JNB,za_market,EQUITY
ORN.JO,Orion Minerals Limited,Orion Minerals Limited,JNB,za_market,EQUITY
AYO.JO,Ayo Tech Solutions Ltd,AYO Technology Solutions Limited,JNB,za_market,EQUITY
BEL.JO,Bell Equipment Ltd,Bell Equipment Limited,JNB,za_market,EQUITY
YRK.JO,York Timber Holdings Ltd,York Timber Holdings Limited,JNB,za_market,EQUITY
APF.JO,Accelerate Prop Fund Ltd,Accelerate Property Fund Limited,JNB,za_market,EQUITY
EOH.JO,EOH Holdings Ltd,EOH Holdings Limited,JNB,za_market,EQUITY
QFH.JO,Quantum Foods Hldgs Ltd,Quantum Foods Holdings Ltd,JNB,za_market,EQUITY
ILU.JO,Indluplace Properties Ltd,Indluplace Properties Limited,JNB,za_market,EQUITY
DSBP.JO,Discovery Ltd B pref,Discovery Limited,JNB,za_market,EQUITY
CHP.JO,Choppies Enterprises Ltd,Choppies Enterprises Limited,JNB,za_market,EQUITY
DIB.JO,Dipula Income Fund B,Dipula Income Fund Limited,JNB,za_market,EQUITY
INPP.JO,Investec plc Pref,Investec plc,JNB,za_market,EQUITY
AHA.JO,Arrowhead Prop Ltd A,Arrowhead Properties Limited,JNB,za_market,EQUITY
SFN.JO,Sasfin Holdings Ltd,Sasfin Holdings Limited,JNB,za_market,EQUITY
DNB.JO,Deneb Investments Ltd,Deneb Investments Limited,JNB,za_market,EQUITY
FGL.JO,Finbond Group Ltd,Finbond Group Limited,JNB,za_market,EQUITY
BCF.JO,Bowler Metcalf Ltd,Bowler Metcalf Limited,JNB,za_market,EQUITY
MST.JO,Mustek Ltd,Mustek Limited,JNB,za_market,EQUITY
WSL.JO,Wescoal Holdings Ltd,Wescoal Holdings Limited,JNB,za_market,EQUITY
TMT.JO,Trematon Capital Inv Ltd,Trematon Capital Investments Limited,JNB,za_market,EQUITY
MMP.JO,Marshall Monteagle plc,Marshall Monteagle PLC,JNB,za_market,EQUITY
ART.JO,Argent Industrial Ltd,Argent Industrial Limited,JNB,za_market,EQUITY
TPF.JO,Transcend Res Prop Fd Ld,Transcend Residential Property Fund Limited,JNB,za_market,EQUITY
TON.JO,Tongaat Hulett Ltd,Tongaat Hulett Limited,JNB,za_market,EQUITY
TRE.JO,Trencor Ltd,Trencor Limited,JNB,za_market,EQUITY
NVS.JO,Novus Holdings Limited,Novus Holdings Limited,JNB,za_market,EQUITY
KP2.JO,Kore Potash plc,Kore Potash plc,JNB,za_market,EQUITY
SNV.JO,Santova Logistics Ltd,Santova Limited,JNB,za_market,EQUITY
RMI.JO,Rand Merchant Inv Hldgs Ltd,Rand Merchant Investment Holdings Limited,JNB,za_market,EQUITY
NWL.JO,Nu-World Hldgs Ltd,Nu-World Holdings Limited,JNB,za_market,EQUITY
PBG.JO,PBT Group Limited,PBT Group Limited,JNB,za_market,EQUITY
OLG.JO,Onelogix Group Ltd,OneLogix Group Limited,JNB,za_market,EQUITY
EPS.JO,Eastern Platinum Ltd,Eastern Platinum Limited,JNB,za_market,EQUITY
HUG.JO,Huge Group Ltd,Huge Group Limited,JNB,za_market,EQUITY
ADR.JO,Adcorp Holdings Limited,Adcorp Holdings Limited,JNB,za_market,EQUITY
RACP.JO,RECM and Calibre Limited,RECM and Calibre Limited,JNB,za_market,EQUITY
ATI.JO,Afristrat Inv Hldgs Ltd,Afristrat Investment Holdings Limited,JNB,za_market,EQUITY
CKS.JO,Crookes Brothers Ltd,Crookes Brothers Limited,JNB,za_market,EQUITY
TPC.JO,Transpaco Ltd,Transpaco Limited,JNB,za_market,EQUITY
CND.JO,Conduit Capital Ltd,Conduit Capital Limited,JNB,za_market,EQUITY
ALH.JO,Alaris Holdings Ltd,Alaris Holdings Limited,JNB,za_market,EQUITY
CGR.JO,Calgro M3 Hldgs Ltd,Calgro M3 Holdings Limited,JNB,za_market,EQUITY
VUN.JO,Vunani Ltd,Vunani Limited,JNB,za_market,EQUITY
SEP.JO,Sephaku Holdings Ltd,Sephaku Holdings Limited,JNB,za_market,EQUITY
NVE.JO,NVest Financial Hldgs Ltd,NVest Financial Holdings Limited,JNB,za_market,EQUITY
DLT.JO,Delta Property Fund Ltd,Delta Property Fund Limited,JNB,za_market,EQUITY
ASC.JO,Ascendis Health Ltd,Ascendis Health Limited,JNB,za_market,EQUITY
ISB.JO,Insimbi Ind Hldgs Ltd,Insimbi Industrial Holdings Limited,JNB,za_market,EQUITY
RHB.JO,RH Bophelo Limited,RH Bophelo Limited,JNB,za_market,EQUITY
BIK.JO,Brikor Ltd,Brikor Limited,JNB,za_market,EQUITY
MHB.JO,Mahube Infrastructure Ltd,Mahube Infrastructure Limited,JNB,za_market,EQUITY
BUC.JO,Buffalo Coal Corp,Buffalo Coal Corp.,JNB,za_market,EQUITY
TRL.JO,Trellidor Hldgs Ltd,Trellidor Holdings Limited,JNB,za_market,EQUITY
ELI.JO,Ellies Holdings Ltd,Ellies Holdings Limited,JNB,za_market,EQUITY
ARA.JO,Astoria Investments Ltd,Astoria Investments Ltd,JNB,za_market,EQUITY
EMH.JO,E Media Holdings Ltd,eMedia Holdings Limited,JNB,za_market,EQUITY
AME.JO,African Media Ent Ltd,African Media Entertainment Limited,JNB,za_market,EQUITY
BAU.JO,Bauba Resources Limited,Bauba Resources Limited,JNB,za_market,EQUITY
SOH.JO,South Ocean Holdings Ltd,South Ocean Holdings Limited,JNB,za_market,EQUITY
ANI.JO,Afine Investments Ltd,Afine Investments Limited,JNB,za_market,EQUITY
AVL.JO,Advanced Health Ltd,Advanced Health Limited,JNB,za_market,EQUITY
NTCP.JO,Netcare Limited Pref,Netcare Limited,JNB,za_market,EQUITY
KBO.JO,Kibo Energy plc,Kibo Energy PLC,JNB,za_market,EQUITY
SEB.JO,Sebata Holdings Ltd,Sebata Holdings Limited,JNB,za_market,EQUITY
REA.JO,Rebosis Property Fund Ltd A,Rebosis Property Fund Limited,JNB,za_market,EQUITY
BRT.JO,Brimstone Inv Corp Ltd,Brimstone Investment Corporation Limited,JNB,za_market,EQUITY
HUL.JO,Hulisani Limited,Hulisani Limited,JNB,za_market,EQUITY
ETO.JO,Etion Limited,Etion Limited,JNB,za_market,EQUITY
RES.JO,Resilient REIT Limited,Resilient REIT Limited,JNB,za_market,EQUITY
PFB.JO,Premier Fishing Brands Ltd,Premier Fishing & Brands Limited,JNB,za_market,EQUITY
REB.JO,Rebosis Property Fund Ltd,Rebosis Property Fund Limited,JNB,za_market,EQUITY
CMO.JO,Chrometco Ltd,Chrometco Limited,JNB,za_market,EQUITY
MCZ.JO,MC Mining Limited,MC Mining Limited,JNB,za_market,EQUITY
CSG.JO,CSG Holdings Ltd,CSG Holdings Limited,JNB,za_market,EQUITY
PPR.JO,Putprop Ltd,Putprop Limited,JNB,za_market,EQUITY
4SI.JO,4Sight Holdings Ltd,4Sight Holdings Limited,JNB,za_market,EQUITY
LAB.JO,Labat Africa Ltd,Labat Africa Limited,JNB,za_market,EQUITY
ISA.JO,ISA Holdings Limited,ISA Holdings Limited,JNB,za_market,EQUITY
PMV.JO,Primeserv Group Ltd,Primeserv Group Limited,JNB,za_market,EQUITY
EUZ.JO,Europa Metals Limited,Europa Metals Limited,JNB,za_market,EQUITY
SSK.JO,Stefanutti Stck Hldgs Ltd,Stefanutti Stocks Holdings Limited,JNB,za_market,EQUITY
JSC.JO,Jasco Electron Hldgs Ltd,Jasco Electronics Holdings Limited,JNB,za_market,EQUITY
RNG.JO,Randgold & Expl Co Ltd,Randgold & Exploration Company Limited,JNB,za_market,EQUITY
SAC.JO,SA Corp Real Estate Ltd,SA Corporate Real Estate Limited,JNB,za_market,EQUITY
LUX.JO,Luxe Holdings Limited,Luxe Holdings Limited,JNB,za_market,EQUITY
AHL.JO,AH-Vest Limited,AH-Vest Limited,JNB,za_market,EQUITY
RTO.JO,Rex Trueform Group Ltd,Rex Trueform Group Limited,JNB,za_market,EQUITY
NCS.JO,Nictus Ltd,Nictus Limited,JNB,za_market,EQUITY
GNDP.JO,Grindrod Ltd Pref,Grindrod Limited,JNB,za_market,EQUITY
FFB.JO,Fortress REIT Ltd B,Fortress REIT Limited,JNB,za_market,EQUITY
SPA.JO,Spanjaard Limited,Spanjaard Limited,JNB,za_market,EQUITY
VIS.JO,Visual International Hldgs Ltd,Visual International Holdings Limited,JNB,za_market,EQUITY
SVB.JO,Silverbridge Holdings,SilverBridge Holdings Limited,JNB,za_market,EQUITY
TEX.JO,Texton Property Fund Ltd,Texton Property Fund Limited,JNB,za_market,EQUITY
GLI.JO,Go Life International Ld,Go Life International Limited,JNB,za_market,EQUITY
ADW.JO,African Dawn Capital Ltd,African Dawn Capital Limited,JNB,za_market,EQUITY
AEE.JO,African Equity Emp Inv Ltd,African Equity Empowerment Investments Limited,JNB,za_market,EQUITY
CGN.JO,Cognition Holdings Ltd,Cognition Holdings Limited,JNB,za_market,EQUITY
ETFSWX.JO,1nvest SWIX 40 ETF,1nvest Swix 40 ETF,JNB,za_market,EQUITY
ETFWLD.JO,1nvest MSCI World ETF,1nvest MSCI World Index Feeder ETF,JNB,za_market,EQUITY
STXCHN.JO,Satrix MSCI China  ETF,Satrix Collective Investment Scheme - Satrix MSCI China Feeder Fund,JNB,za_market,EQUITY
SYGT40.JO,Sygnia Itrix Top 40 ETF,Sygnia Itrix Collective Investment Scheme - Sygnia Itrix TOP 40 ETF,JNB,za_market,EQUITY
SYGUS.JO,Sygnia Itrix MSCI US,Sygnia Itrix MSCI USA Index ETF,JNB,za_market,EQUITY
SYGH.JO,Sygnia Itrix SOL H150,Sygnia Itrix - Solactive Healthcare 150 ETF,JNB,za_market,EQUITY
NFEDEF.JO,NF VM Defensive EquityETF,NewFunds Collective Investment Scheme - NewFunds Volatility Managed Defensive Equity ETF,JNB,za_market,EQUITY
UABCPA.JO,UBS ABCPA 05Dec23,AnBro Unicorn USD Portfolio 1,JNB,za_market,EQUITY
GLD.JO,New Gold Issuer Ltd,NewGold Issuer Limited - NewGold Exchange Traded Fund,JNB,za_market,EQUITY
ADETNQ.JO,FNB ETN on ADOBEQ NOV25,,JNB,za_market,EQUITY
SBPP.JO,Standard Bank Group Pref,Standard Bank Group Limited ZAR0.1 NON RED NON CUM NON PTG PRF,JNB,za_market,EQUITY
VSETNC.JO,FNB ETN on VISAC NOV25,,JNB,za_market,EQUITY
NFETNC.JO,FNB ETN on NETFLC SEP25,,JNB,za_market,EQUITY
DCCUSD.JO,Dollar Custodial Cert,,JNB,za_market,EQUITY
TSETNC.JO,FNB ETN on TESLAC SEP25,,JNB,za_market,EQUITY
SBOIL.JO,Standard Bank Oil ETN,,JNB,za_market,EQUITY
TSETNQ.JO,FNB ETN on TESLAQ SEP25,,JNB,za_market,EQUITY
COETNC.JO,FNB ETN on COKEC SEP25,,JNB,za_market,EQUITY
AMETNQ.JO,FNB ETN on AMAZONQ SEP25,,JNB,za_market,EQUITY
SHFF.JO,Steinhoff Inv Hldgs Pref,Steinhoff Investment Holdings Limited,JNB,za_market,EQUITY
ASHMID.JO,Ashburton Mid Cap ETF,Ashburton Collective Investment Scheme - Ashburton Mid Cap Exchange Traded Fund,JNB,za_market,EQUITY
NFGOVI.JO,NEWFUNDS GOVI ETF,NewFunds Collective Investment Scheme - NewFunds GOVI ETF,JNB,za_market,EQUITY
ETFGLD.JO,1nvestGold ETF,1nvest Gold ETF,JNB,za_market,EQUITY
STXEME.JO,Satrix MSCI EM ESG ETF,Satrix Collective Investment Scheme - MSCI EM ESG Enhanced Feeder Portfolio Fund,JNB,za_market,EQUITY
NFEHGE.JO,NF VM High Growth EQETF,NewFunds Collective Investment Scheme - NewFunds Volatility Managed High Growth Equity ETF,JNB,za_market,EQUITY
STXEMG.JO,Satrix MSCI EMG Markets,Satrix Collective Investment Scheme - Satrix MSCI Emerging Markets Feeder Portfolio,JNB,za_market,EQUITY
STXIND.JO,Satrix INDI Portfolio,Satrix Capped INDI ETF,JNB,za_market,EQUITY
ETFT40.JO,1nvest TOP 40 ETF,1nvest Top 40 ETF,JNB,za_market,EQUITY
SYGUK.JO,Sygnia Itrix FTSE100,Sygnia Itrix FTSE 100 ETF,JNB,za_market,EQUITY
STXSWX.JO,Satrix SWIX Top 40 Portfolio,Satrix SWIX Top 40 ETF,JNB,za_market,EQUITY
STXGBD.JO,Satrix Global Bond ETF,Satrix Collective Investment Scheme - Satrix Global Bond ETF,JNB,za_market,EQUITY
STXRES.JO,Satrix RESI Portfolio,Satrix Resi ETF,JNB,za_market,EQUITY
ABSGEA.JO,UBS ABSGE 14May24,Absa Global Equity Multi-Factor Risk-Controlled (13%) ETN,JNB,za_market,EQUITY
STX40.JO,Satrix 40 Portfolio,Satrix 40 ETF,JNB,za_market,EQUITY
STX500.JO,Satrix S&P 500 Feeder,Satrix Collective Investment Scheme - Satrix S&P 500 Feeder Portfolio,JNB,za_market,EQUITY
STXFIN.JO,Satrix FINI Portfolio,Satrix FINI ETF,JNB,za_market,EQUITY
GLOBAL.JO,CoreShares TotalWldStock,Coreshares Index Tracker Managers (Rf) Proprietary Limited - CoreShares Total World Stock ETF,JNB,za_market,EQUITY
STXCAP.JO,Satrix Capped ALL Share,Indexco Limited - IndexCo Satrix Capped All Share ETF,JNB,za_market,EQUITY
SYGP.JO,Sygnia Itrix Gbl Pro ETF,Sygnia Itrix Collective Investment Scheme - Sygnia Itrix Global Property ETF,JNB,za_market,EQUITY
STXESG.JO,Satrix MSCI World ESG ETF,Satrix Collective Investment Scheme - MSCI World ESG Enhanced Feeder Portfolio Fund,JNB,za_market,EQUITY
STXIFR.JO,Satrix Global IFR ETF,Satrix Collective Investment Scheme - Global Infrastructure Feeder ETF,JNB,za_market,EQUITY
CTOP50.JO,CORESHARESTOP50,CoreShares S&P South Africa Top50 Exchange Traded Fund,JNB,za_market,EQUITY
NGPLD.JO,NewGold Palladium ETF,NewGold Issuer Limited (RF) - NewPalladium Exchange Traded Fund,JNB,za_market,EQUITY
NEWUSD.JO,NEWWAVE USD ETN 12MAR42,NewWave USD Currency Exchange Traded Note,JNB,za_market,EQUITY
ETF5IT.JO,1nvest S&P500 IT ETF,1nvest S&P500 Info Tech Index Feeder ETF,JNB,za_market,EQUITY
ETFGGB.JO,1nvest G7 Govt Bond ETF,1nvest Global Government Bond Index Feeder ETF,JNB,za_market,EQUITY
ASHWGB.JO,Ashburton World GovB ETF,Ashburton World Government Bond ETF,JNB,za_market,EQUITY
CSPROP.JO,CoreShares SAProp,CORESHARES PropTrax Ten,JNB,za_market,EQUITY
SYGESG.JO,Sygnia Itrix SP Glob ESG,Sygnia Itrix (Rf) Proprietary Ltd - Sygnia Itrix S&P Global 1200 ESG ETF,JNB,za_market,EQUITY
SYG4IR.JO,Sygnia Itrix 4Ind Rev Gb,Sygnia Itrix Collective Investment Scheme - Sygnia Itrix 4th Industrial Revolution Global Equity ETF,JNB,za_market,EQUITY
NEWPLT.JO,NEWWAVE PLAT ETN 12MAR42,NewWave Platinum Exchange Traded Note,JNB,za_market,EQUITY
GLODIV.JO,CoreShares GlobalDivTrax,CoreShares S&P Global Dividend Aristocrats Exchange Traded Fund,JNB,za_market,EQUITY
ETFGRE.JO,1nvest Global REIT ETF,1nvest Global REIT Index Feeder ETF,JNB,za_market,EQUITY
ETFPLT.JO,1nvestPlatinum ETF,1nvest Platinum ETF,JNB,za_market,EQUITY
PPETNQ.JO,FNB ETN on PAYPALQ NOV25,,JNB,za_market,EQUITY
UBROBO.JO,UBS SolRobotics 08Sep26,,JNB,za_market,EQUITY
SRETNC.JO,FNB ETN on SRIWLDC AUG26,,JNB,za_market,EQUITY
UMMIES.JO,UBS UMMIES 02Oct24,,JNB,za_market,EQUITY
SRETNQ.JO,FNB ETN on SRIWLDQ AUG26,,JNB,za_market,EQUITY
WWETNQ.JO,FNB ETN on WATERWQ AUG26,,JNB,za_market,EQUITY
WWETNC.JO,FNB ETN on WATERWC AUG26,,JNB,za_market,EQUITY
SWXTR2.JO,IBSWX40TR2ETNOCT2022,Investec Limited CERT 17/10/2022,JNB,za_market,EQUITY
MSETNC.JO,FNB ETN on MICROC SEP25,,JNB,za_market,EQUITY
FNBGSE.JO,UBS FNBGSE 18Mar25,,JNB,za_market,EQUITY
MWETNC.JO,FNB ETN on ISMSCIC SEP25,,JNB,za_market,EQUITY
KCCGLD.JO,KR Custodial Certificate,Krugerrand Custodial Certificates ETF,JNB,za_market,EQUITY
COETNQ.JO,FNB ETN on COKEQ SEP25,,JNB,za_market,EQUITY
GSETNQ.JO,FNB ETN on GSACHSQ NOV25,,JNB,za_market,EQUITY
ABETNQ.JO,FNB ETN on ACTIVIQ NOV25,,JNB,za_market,EQUITY
ALETNC.JO,FNB ETN on ALPHAC SEP25,,JNB,za_market,EQUITY
SMART.JO,CoreShares SciBeta M-FI,CoreShares Scientific Beta Multi Factor Index ETF,JNB,za_market,EQUITY
UOMWPA.JO,UBS OMWPA 17Oct23,,JNB,za_market,EQUITY
FSRP.JO,Firstrand Ltd B Pref,FirstRand Limited ZAR0.01 NON-CUM 'B' NON-RED,JNB,za_market,EQUITY
NFETNQ.JO,FNB ETN on NETFLQ SEP25,,JNB,za_market,EQUITY
ABETNC.JO,FNB ETN on ACTIVIC NOV25,,JNB,za_market,EQUITY
NGPLT.JO,New Gold Platinum ETF,NewGold Issuer Limited - NewPlat Exchange Traded Fund,JNB,za_market,EQUITY
PREFTX.JO,CoreShares PrefTrax,CORESHARES Preftrax,JNB,za_market,EQUITY
MAPPSP.JO,Newfunds MAPPS Protect,NewFunds Collective Investment Scheme - NewFunds Multi Asset Passive Portfolio Solutions Protect ETF,JNB,za_market,EQUITY
SYGEU.JO,Sygnia Itrix Eurostoxx50,Sygnia Itrix Euro Stoxx 50 ETF,JNB,za_market,EQUITY
SYG500.JO,Sygnia Itrix S&P 500 ETF,Sygnia Itrix Collective Investment Scheme - Sygnia Itrix S&P 500 ETF,JNB,za_market,EQUITY
ETFBND.JO,1nvest SA Bond ETF,Stanlib Collective Investments Limited - Stanlib SA Bond Fund,JNB,za_market,EQUITY
DIVTRX.JO,CoreShares DivTrax,CoreShares S&P South Africa Dividend Aristocrats Exchange Traded Fund,JNB,za_market,EQUITY
NFEVOL.JO,NF Low Volatility ETF,NewFunds Collective Investment - Low Volatility Equity ETF Fund,JNB,za_market,EQUITY
ETFSAP.JO,1nvest SA Property ETF,1nvest SA Property ETF,JNB,za_market,EQUITY
NFEMOM.JO,NEWFUNDS EQUITY MOM ETF,NewFunds Collective Investment Scheme - NewFunds Equity Momentum ETF,JNB,za_market,EQUITY
NFTRCI.JO,NEWFUNDS TRACI 3-M ETF,NewFunds Collective Investment Scheme - NewFunds TRACI 3 Month ETF,JNB,za_market,EQUITY
NEWGBP.JO,NEWWAVE GBP ETN 12MAR42,NewWave GBP Currency Exchange Traded Note,JNB,za_market,EQUITY
NEWPRP.JO,NewFunds Reitway Global Proper,Newfunds Reitway Global Property ETF,JNB,za_market,EQUITY
ASBI.JO,Africa Sovereign Bond ETF,,JNB,za_market,EQUITY
BHETNC.JO,FNB ETN on BERKSHC NOV25,,JNB,za_market,EQUITY
INPR.JO,Investec Ltd Pref,Investec Limited NON RED NON CUM NON PTG PRF ZAR0.01,JNB,za_market,EQUITY
URETGP.JO,UBS URETGP 18Mar25,,JNB,za_market,EQUITY
BHETNQ.JO,FNB ETN on BERKSHQ NOV25,,JNB,za_market,EQUITY
PPETNC.JO,FNB ETN on PAYPALC NOV25,,JNB,za_market,EQUITY
UBTECU.JO,UBS SolFintech20 08Sep26,,JNB,za_market,EQUITY
FNBGEG.JO,UBS FNBGEG 18Mar25,,JNB,za_market,EQUITY
MSETNQ.JO,FNB ETN on MICROQ SEP25,,JNB,za_market,EQUITY
FDETNQ.JO,FNB ETN on FORDQ NOV25,,JNB,za_market,EQUITY
FDETNC.JO,FNB ETN on FORDC NOV25,,JNB,za_market,EQUITY
JPETNQ.JO,FNB ETN on JPMORGQ NOV25,,JNB,za_market,EQUITY
STXNDQ.JO,Satrix Nasdaq 100 Prtf,Satrix Collective Investment Scheme - Satrix Nasdaq 100 Feeder Portfolio,JNB,za_market,EQUITY
ASHT40.JO,Ashburton Top 40 ETF,Ashburton Collective Investment Scheme - Ashburton Top 40 Exchange Traded Fund,JNB,za_market,EQUITY
MCETNQ.JO,FNB ETN on MCDOQ SEP25,,JNB,za_market,EQUITY
UEFPCA.JO,UBS EFPCA 10Feb23,EFPC Global Equity Note,JNB,za_market,EQUITY
ASHEQF.JO,Ashburton Global 1200 FOF ETF,Ashburton Collective Investment Scheme - Ashburton Global 1200 Equity Exchange Traded Fund,JNB,za_market,EQUITY
ASHINF.JO,Ashburton Inflation ETF,Ashburton Government Inflation Linked Bond Fund,JNB,za_market,EQUITY
MAPPSG.JO,Newfunds MAPPS Growth,NewFunds Collective Investment Scheme - NewFunds Multi Asset Passive Portfolio Solutions Growth ETF,JNB,za_market,EQUITY
STXMMT.JO,Satrix Momentum Portfolio,Satrix Momentum ETF,JNB,za_market,EQUITY
STXWDM.JO,Satrix MSCI World Feeder,Satrix Collective Investment Scheme - Satrix MSCI World Feeder Portfolio,JNB,za_market,EQUITY
STXDIV.JO,Satrix DIVI Plus Portfolio,Satrix DIVI ETF,JNB,za_market,EQUITY
SYGJP.JO,Sygnia Itrix MSCI Japan,Sygnia Itrix MSCI Japan Index ETF,JNB,za_market,EQUITY
ETF500.JO,1NVEST S&P500 INDEX ETF,1nvest S&P500 Index Feeder ETF,JNB,za_market,EQUITY
NEWEUR.JO,NEWWAVE EURO ETN 12MAR42,NewWave EUR Currency Exchange Traded Note,JNB,za_market,EQUITY
NFILBI.JO,NEWFUNDS ILBI ETF,NewFunds Collective Investment Scheme - NewFunds ILBI ETF,JNB,za_market,EQUITY
STXILB.JO,Satrix ILBI Portfolio,Satrix Collective Investment Scheme - Satrix ILBI Portfolio,JNB,za_market,EQUITY
STXRAF.JO,Satrix RAFI 40 Portfolio,Satrix RAFI 40 ETF,JNB,za_market,EQUITY
STXGOV.JO,Satrix SA Bond Portfolio,Satrix Collective Investment Scheme - Satrix SA Bond Portfolio ETF,JNB,za_market,EQUITY
NFEVAL.JO,NF Equity Value ETF,NewFunds Collective Investments - Value Equity ETF Fund,JNB,za_market,EQUITY
STXQUA.JO,Satrix Quality SA Port,Indexco managers (Proprietay) Limited - Satrix Collective Investment Scheme Fund,JNB,za_market,EQUITY
NFNAMB.JO,NFNAM 10 Bonds,Newfunds (Proprietary) Limited - NewFunds S&P Namibia Bond ETF,JNB,za_market,EQUITY
APETNQ.JO,FNB ETN on APPLEQ SEP25,,JNB,za_market,EQUITY
MCETNC.JO,FNB ETN on MCDOC SEP25,,JNB,za_market,EQUITY
SBCOP.JO,Standard Bank Copper ETN,,JNB,za_market,EQUITY
TOPTR2.JO,IBTOP40TR2ETNOCT22,Investec Limited CERT 17/10/2022,JNB,za_market,EQUITY
UMMIEA.JO,UBS MMIEA 22Aug23,"UBS AG, London Branch 0% NTS 25/08/23 ZAR100",JNB,za_market,EQUITY
UEFPCB.JO,UBS UEFPCB 10Sep24,,JNB,za_market,EQUITY
ADETNC.JO,FNB ETN on ADOBEC NOV25,,JNB,za_market,EQUITY
EGETNC.JO,FNB ETN on ENERGYC AUG26,,JNB,za_market,EQUITY
FAETNQ.JO,FNB ETN on FACEBQ SEP25,,JNB,za_market,EQUITY
AMETNC.JO,FNB ETN on AMAZONC SEP25,,JNB,za_market,EQUITY
APETNC.JO,FNB ETN on APPLEC SEP25,,JNB,za_market,EQUITY
ALETNQ.JO,FNB ETN on ALPHAQ SEP25,,JNB,za_market,EQUITY
ETFRHO.JO,1nvestRhodium ETF,1nvest Rhodium ETF,JNB,za_market,EQUITY
IVTP.JO,Invicta Hldgs Ltd pref,Invicta Holdings Limited,JNB,za_market,EQUITY
VSETNQ.JO,FNB ETN on VISAQ NOV25,,JNB,za_market,EQUITY
GSETNC.JO,FNB ETN on GSACHSC NOV25,,JNB,za_market,EQUITY
DCCUS2.JO,2YR Dollar Custodial Cert,,JNB,za_market,EQUITY
JPETNC.JO,FNB ETN on JPMORGC NOV25,,JNB,za_market,EQUITY
FAETNC.JO,FNB ETN on FACEBC SEP25,,JNB,za_market,EQUITY
EGETNQ.JO,FNB ETN on ENERGYQ AUG26,,JNB,za_market,EQUITY
MWETNQ.JO,FNB ETN on ISMSCIQ SEP25,,JNB,za_market,EQUITY
CSP500.JO,CoreShares S&P 500,CoreShares Global Investments PCC - CoreShares S&P 500 Exchange Traded Fund,JNB,za_market,EQUITY
SYGEMF.JO,Sygnia Itrix MSCI EM 50,Sygnia Itrix - Msci Emerging Markets 50 Etf,JNB,za_market,EQUITY
GIVISA.JO,NewFunds S&P GIVI SA T50,NewFunds Collective Investment Scheme - NewFunds S&P GIVI SA Top 50 ETF,JNB,za_market,EQUITY
NFEMOD.JO,NF VM Moderate Equity ETF,NewFunds Collective Investment Scheme - NewFunds Volatility Managed Moderate Equity ETF,JNB,za_market,EQUITY
SYGSW4.JO,Sygnia Itrix SWIX40 ETF,Sygnia Itrix Collective Investment Scheme - Sygnia Itrix SWIX 40 ETF,JNB,za_market,EQUITY
NEWSLV.JO,NEWWAVE SLV ETN 12MAR42,NewWave Silver Exchange Traded Note,JNB,za_market,EQUITY
ETFPLD.JO,1nvestPalladium ETF,1nvest Palladium ETF,JNB,za_market,EQUITY
UABSPA.JO,UBS ABSPA 22Aug23,,JNB,za_market,EQUITY
AMIB50.JO,AMI Big50 ex-SA ETF,Cloud Atlas AMI Big50 ex-SA ETF,JNB,za_market,EQUITY
GLPROP.JO,CoreShares Global Prop,CoreShares Global Investments PCC - CoreShares S&P Global Property Exchange Traded Fund,JNB,za_market,EQUITY
STXID.JO,Satrix I & D ETF,Satrix Collective Investment Scheme - Inclusion and Diversity ETF,JNB,za_market,EQUITY
SYGWD.JO,Sygnia Itrix MSCI World,Sygnia Itrix MSCI World Index ETF,JNB,za_market,EQUITY
NFSH40.JO,NEWFUNDS SHARIA TOP40,NewFunds Collective Investment Scheme - NewFunds Shari'ah Top 40 Index Exchange Traded Fund,JNB,za_market,EQUITY
STXPRO.JO,Satrix Property Portfolio,Satrix Collective Investment Scheme - Satrix Property Portfolio,JNB,za_market,EQUITY
