symbol,shortName,longName,exchange,market,quoteType
ANZ.NZ,Australia and New Zealand Banki,Australia and New Zealand Banking Group Limited,NZE,nz_market,EQUITY
WBC.NZ,Westpac Banking Corporation Ord,Westpac Banking Corporation,NZE,nz_market,EQUITY
FPH.NZ,Fisher & Paykel Healthcare Corp,Fisher & Paykel Healthcare Corporation Limited,NZE,nz_market,EQUITY
AFI.NZ,Australian Foundation Investmen,Australian Foundation Investment Company Limited,NZE,nz_market,EQUITY
MEL.NZ,Meridian Energy Limited (NS) Or,Meridian Energy Limited,NZE,nz_market,EQUITY
AIA.NZ,Auckland International Airport ,Auckland International Airport Limited,NZE,nz_market,EQUITY
FCT.NZ,F&C Investment Trust PLC Ordina,F&C Investment Trust PLC,NZE,nz_market,EQUITY
MFT.NZ,Mainfreight Limited Ordinary Sh,Mainfreight Limited,NZE,nz_market,EQUITY
MCY.NZ,Mercury NZ Limited Ordinary Sha,Mercury NZ Limited,NZE,nz_market,EQUITY
SPK.NZ,Spark New Zealand Limited Ordin,Spark New Zealand Limited,NZE,nz_market,EQUITY
EBO.NZ,Ebos Group Limited Ordinary Sha,EBOS Group Limited,NZE,nz_market,EQUITY
CEN.NZ,Contact Energy Limited Ordinary,Contact Energy Limited,NZE,nz_market,EQUITY
RYM.NZ,Ryman Healthcare Limited Ordina,Ryman Healthcare Limited,NZE,nz_market,EQUITY
FBU.NZ,Fletcher Building Limited Ordin,Fletcher Building Limited,NZE,nz_market,EQUITY
IFT.NZ,Infratil Limited Ordinary Share,Infratil Limited,NZE,nz_market,EQUITY
FCG.NZ,Fonterra Co-operative Group Lim,Fonterra Co-operative Group Limited,NZE,nz_market,EQUITY
POT.NZ,Port of Tauranga Ltd Ordinary S,Port of Tauranga Limited,NZE,nz_market,EQUITY
ATM.NZ,The a2 Milk Company Limited Ord,The a2 Milk Company Limited,NZE,nz_market,EQUITY
FRE.NZ,Freightways Limited Ordinary Sh,Freightways Limited,NZE,nz_market,EQUITY
VCT.NZ,Vector Limited (NS) Ordinary Sh,Vector Limited,NZE,nz_market,EQUITY
GMT.NZ,Goodman Property Trust (NS) Ord,Goodman Property Trust,NZE,nz_market,EQUITY
TCL.NZ,The City of London Investment T,The City of London Investment Trust plc,NZE,nz_market,EQUITY
AIR.NZ,Air New Zealand Limited (NS) Or,Air New Zealand Limited,NZE,nz_market,EQUITY
AMP.NZ,AMP Limited Ordinary Shares,AMP Limited,NZE,nz_market,EQUITY
CNU.NZ,Chorus Limited (NS) Ordinary Sh,Chorus Limited,NZE,nz_market,EQUITY
SUM.NZ,Summerset Group Holdings Limite,Summerset Group Holdings Limited,NZE,nz_market,EQUITY
GNE.NZ,Genesis Energy Limited Ordinary,Genesis Energy Limited,NZE,nz_market,EQUITY
SPG.NZ,Stride Prop & Stride Invest Mgm,Stride Property Group,NZE,nz_market,EQUITY
PCT.NZ,Precinct Properties New Zealand,Precinct Properties New Zealand Limited,NZE,nz_market,EQUITY
SKC.NZ,SkyCity Entertainment Group Lim,SkyCity Entertainment Group Limited,NZE,nz_market,EQUITY
TPW.NZ,Trustpower Limited Ordinary Sha,Trustpower Limited,NZE,nz_market,EQUITY
VNT.NZ,Ventia Services Group Limited O,Ventia Services Group Limited,NZE,nz_market,EQUITY
KPG.NZ,Kiwi Property Group Limited Ord,Kiwi Property Group Limited,NZE,nz_market,EQUITY
ZEL.NZ,Z Energy Limited Ordinary Share,Z Energy Limited,NZE,nz_market,EQUITY
RBD.NZ,Restaurant Brands NZ Limited Or,Restaurant Brands New Zealand Limited,NZE,nz_market,EQUITY
VHP.NZ,Vital Healthcare Property Trust,Vital Healthcare Property Trust,NZE,nz_market,EQUITY
PFI.NZ,Property For Industry Limited O,Property For Industry Limited,NZE,nz_market,EQUITY
BGP.NZ,Briscoe Group Limited Ordinary ,Briscoe Group Limited,NZE,nz_market,EQUITY
HGH.NZ,Heartland Group Holdings Limite,Heartland Group Holdings Limited,NZE,nz_market,EQUITY
DGL.NZ,Delegat Group Limited Ordinary ,Delegat Group Limited,NZE,nz_market,EQUITY
VSL.NZ,Vulcan Steel Limited Ordinary S,Vulcan Steel Limited,NZE,nz_market,EQUITY
PPH.NZ,Pushpay Holdings Limited Ordina,Pushpay Holdings Limited,NZE,nz_market,EQUITY
ARV.NZ,Arvida Group Limited Ordinary S,Arvida Group Limited,NZE,nz_market,EQUITY
WHS.NZ,The Warehouse Group Limited Ord,The Warehouse Group Limited,NZE,nz_market,EQUITY
ARG.NZ,Argosy Property Limited Ordinar,Argosy Property Limited,NZE,nz_market,EQUITY
JPG.NZ,JPMorgan Global Growth & Income,JPMorgan Global Growth & Income plc,NZE,nz_market,EQUITY
SKL.NZ,Skellerup Holdings Limited Ordi,Skellerup Holdings Limited,NZE,nz_market,EQUITY
WIN.NZ,61248,Winton Land Limited,NZE,nz_market,EQUITY
PEB.NZ,Pacific Edge Limited Ordinary S,Pacific Edge Limited,NZE,nz_market,EQUITY
KMD.NZ,Kathmandu Holdings Limited Ordi,Kathmandu Holdings Limited,NZE,nz_market,EQUITY
THL.NZ,Tourism Holdings Limited Ordina,Tourism Holdings Limited,NZE,nz_market,EQUITY
OCA.NZ,Oceania Healthcare Limited Ordi,Oceania Healthcare Limited,NZE,nz_market,EQUITY
TEM.NZ,Templeton Emerging Markets Plc ,Templeton Emerging Markets Investment Trust plc,NZE,nz_market,EQUITY
DGC.NZ,DGL Group Limited Ordinary Shar,DGL Group Limited,NZE,nz_market,EQUITY
HFL.NZ,Henderson Far East Income Limit,Henderson Far East Income Limited,NZE,nz_market,EQUITY
SCL.NZ,Scales Corporation Limited Ordi,Scales Corporation Limited,NZE,nz_market,EQUITY
SML.NZ,Synlait Milk Limited (NS) Ordin,Synlait Milk Limited,NZE,nz_market,EQUITY
SKO.NZ,Serko Limited Ordinary Shares,Serko Limited,NZE,nz_market,EQUITY
IPL.NZ,Investore Property Limited (NS),Investore Property Limited,NZE,nz_market,EQUITY
NPH.NZ,Napier Port Holdings Limited Or,Napier Port Holdings Limited,NZE,nz_market,EQUITY
KFL.NZ,Kingfish Limited Ordinary Share,Kingfish Limited,NZE,nz_market,EQUITY
MHJ.NZ,Michael Hill International Ltd ,Michael Hill International Limited,NZE,nz_market,EQUITY
ERD.NZ,EROAD Limited Ordinary Shares,EROAD Limited,NZE,nz_market,EQUITY
VGL.NZ,Vista Group International Ltd O,Vista Group International Limited,NZE,nz_market,EQUITY
RAK.NZ,Rakon Limited Ordinary Shares,Rakon Limited,NZE,nz_market,EQUITY
NZX.NZ,NZX Limited Ordinary Shares,NZX Limited,NZE,nz_market,EQUITY
AFT.NZ,AFT Pharmaceuticals Ltd Ordinar,AFT Pharmaceuticals Limited,NZE,nz_market,EQUITY
SAN.NZ,Sanford Limited (NS) Ordinary S,Sanford Limited,NZE,nz_market,EQUITY
SKT.NZ,Sky Network Television Limited ,SKY Network Television Limited,NZE,nz_market,EQUITY
HLG.NZ,Hallenstein Glasson Holdings Li,Hallenstein Glasson Holdings Limited,NZE,nz_market,EQUITY
FSF.NZ,Fonterra Shareholders' Fund Uni,Fonterra Shareholders Fund,NZE,nz_market,EQUITY
TRA.NZ,Turners Automotive Group Ltd Or,Turners Automotive Group Limited,NZE,nz_market,EQUITY
BIT.NZ,The Bankers Investment Trust Pl,The Bankers Investment Trust PLC,NZE,nz_market,EQUITY
PGW.NZ,PGG Wrightson Limited Ordinary ,PGG Wrightson Limited,NZE,nz_market,EQUITY
TGG.NZ,T&G Global Limited Ordinary Sha,T&G Global Limited,NZE,nz_market,EQUITY
CMO.NZ,The Colonial Motor Company Limi,The Colonial Motor Company Limited,NZE,nz_market,EQUITY
CDI.NZ,CDL Investments New Zealand Lim,CDL Investments New Zealand Limited,NZE,nz_market,EQUITY
TWR.NZ,Tower Limited Ordinary Shares,Tower Limited,NZE,nz_market,EQUITY
NZR.NZ,The New Zealand Refining Compan,The New Zealand Refining Company Limited,NZE,nz_market,EQUITY
SCT.NZ,Scott Technology Limited Ordina,Scott Technology Limited,NZE,nz_market,EQUITY
MLN.NZ,Marlin Global Limited Ordinary ,Marlin Global Limited,NZE,nz_market,EQUITY
STU.NZ,Steel & Tube Holdings Limited O,Steel & Tube Holdings Limited,NZE,nz_market,EQUITY
MFB.NZ,My Food Bag Group Limited Ordin,My Food Bag Group Limited,NZE,nz_market,EQUITY
MMH.NZ,Marsden Maritime Holdings Limit,Marsden Maritime Holdings Limited,NZE,nz_market,EQUITY
NZM.NZ,NZME Limited Ordinary Shares,NZME Limited,NZE,nz_market,EQUITY
CVT.NZ,Comvita Limited Ordinary Shares,Comvita Limited,NZE,nz_market,EQUITY
MCK.NZ,Millennium & Copthorne Hotels N,Millennium & Copthorne Hotels New Zealand Limited,NZE,nz_market,EQUITY
SPN.NZ,South Port New Zealand Limited ,South Port New Zealand Limited,NZE,nz_market,EQUITY
SEK.NZ,Seeka Limited Ordinary Shares,Seeka Limited,NZE,nz_market,EQUITY
BRM.NZ,Barramundi Limited Ordinary Sha,Barramundi Limited,NZE,nz_market,EQUITY
GTK.NZ,Gentrack Group Limited Ordinary,Gentrack Group Limited,NZE,nz_market,EQUITY
HMY.NZ,Harmoney Corp Limited Ordinary ,Harmoney Corp Limited,NZE,nz_market,EQUITY
NZK.NZ,NZ King Salmon Investments Limi,New Zealand King Salmon Investments Limited,NZE,nz_market,EQUITY
MOV.NZ,Move Logistics Group Ltd Ordina,Move Logistics Group Limited,NZE,nz_market,EQUITY
SPY.NZ,Smartpay Holdings Limited Ordin,Smartpay Holdings Limited,NZE,nz_market,EQUITY
GXH.NZ,Green Cross Health Limited Ordi,Green Cross Health Limited,NZE,nz_market,EQUITY
NZO.NZ,New Zealand Oil & Gas Ltd Ordin,New Zealand Oil & Gas Limited,NZE,nz_market,EQUITY
EVO.NZ,Evolve Education Group Limited ,Evolve Education Group Limited,NZE,nz_market,EQUITY
IKE.NZ,ikeGPS Group Limited Ordinary S,ikeGPS Group Limited,NZE,nz_market,EQUITY
RAD.NZ,Radius Residential Care Limited,Radius Residential Care Limited,NZE,nz_market,EQUITY
ARB.NZ,ArborGen Holdings Limited Ordin,ArborGen Holdings Limited,NZE,nz_market,EQUITY
APL.NZ,Asset Plus Limited Ordinary Sha,Asset Plus Limited,NZE,nz_market,EQUITY
NZL.NZ,New Zealand Rural Land Company ,New Zealand Rural Land Company Limited,NZE,nz_market,EQUITY
FWL.NZ,Foley Wines Limited Ordinary Sh,Foley Wines Limited,NZE,nz_market,EQUITY
WDT.NZ,Wellington Drive Technologies L,Wellington Drive Technologies Limited,NZE,nz_market,EQUITY
PX1.NZ,Plexure Group Limited Ordinary ,Plexure Group Limited,NZE,nz_market,EQUITY
MWE.NZ,Marlborough Wine Estates Group ,Marlborough Wine Estates Group Limited,NZE,nz_market,EQUITY
JLG.NZ,Just Life Group Limited Ordinar,Just Life Group Limited,NZE,nz_market,EQUITY
MPG.NZ,Metro Performance Glass Limited,Metro Performance Glass Limited,NZE,nz_market,EQUITY
RUA.NZ,RUA Bioscience Limited Ordinary,Rua Bioscience Limited,NZE,nz_market,EQUITY
NWF.NZ,NZ Windfarms Limited Ordinary S,NZ Windfarms Limited,NZE,nz_market,EQUITY
AGL.NZ,Accordant Group Limited Ordinar,Accordant Group Limited,NZE,nz_market,EQUITY
BLT.NZ,Blis Technologies Limited Ordin,BLIS Technologies Limited,NZE,nz_market,EQUITY
GFL.NZ,Geneva Finance Limited Ordinary,Geneva Finance Limited,NZE,nz_market,EQUITY
CBD.NZ,Cannasouth Limited Ordinary Sha,Cannasouth Limited,NZE,nz_market,EQUITY
BRW.NZ,Bremworth Limited Ordinary Shar,Bremworth Limited,NZE,nz_market,EQUITY
MEE.NZ,Me Today Limited Ordinary Share,Me Today Limited,NZE,nz_market,EQUITY
NZA.NZ,NZ Automotive Investments Limit,NZ Automotive Investments Limited,NZE,nz_market,EQUITY
MHM.NZ,MHM Automation Limited,MHM Automation Limited,NZE,nz_market,EQUITY
PYS.NZ,PaySauce Limited Ordinary Share,PaySauce Limited,NZE,nz_market,EQUITY
SVR.NZ,Savor Limited Ordinary Shares,Savor Limited,NZE,nz_market,EQUITY
TRU.NZ,TruScreen Group Limited Ordinar,TruScreen Group Limited,NZE,nz_market,EQUITY
TAH.NZ,Third Age Health Services Limit,Third Age Health Services Limited,NZE,nz_market,EQUITY
ALF.NZ,Allied Farmers Limited Ordinary,Allied Farmers Limited,NZE,nz_market,EQUITY
GEO.NZ,Geo Limited Ordinary Shares,Geo Limited,NZE,nz_market,EQUITY
CGF.NZ,Cooks Global Foods Limited Ordi,Cooks Global Foods Limited,NZE,nz_market,EQUITY
PHL.NZ,Promisia Healthcare Limited Ord,Promisia Healthcare Limited,NZE,nz_market,EQUITY
ENS.NZ,Enprise Group Limited Ordinary ,Enprise Group Limited,NZE,nz_market,EQUITY
VTL.NZ,Vital Limited Ordinary Shares,Vital Limited,NZE,nz_market,EQUITY
BFG.NZ,Burger Fuel Group Limited Ordin,Burger Fuel Group Limited,NZE,nz_market,EQUITY
CRP.NZ,Chatham Rock Phosphate Limited ,Chatham Rock Phosphate Limited,NZE,nz_market,EQUITY
GEN.NZ,General Capital Limited Ordinar,General Capital Limited,NZE,nz_market,EQUITY
NTL.NZ,New Talisman Gold Mines Limited,New Talisman Gold Mines Limited,NZE,nz_market,EQUITY
GSH.NZ,Good Spirits Hospitality Limite,Good Spirits Hospitality Limited,NZE,nz_market,EQUITY
AFC.NZ,AFC Group Holdings Limited Ordi,AFC Group Holdings Limited,NZE,nz_market,EQUITY
BGI.NZ,Blackwell Global Holdings Limit,Blackwell Global Holdings Limited,NZE,nz_market,EQUITY
GWC.NZ,Goodwood Capital Limited Ordina,Goodwood Capital Limited,NZE,nz_market,EQUITY
CNU040.NZ,CNU 02/12/2030 2.51% Chorus Lim,,NZE,nz_market,EQUITY
AIA240.NZ,AIA 17/11/2026 3.29% Auckland I,,NZE,nz_market,EQUITY
VCT100.NZ,VCT 26/11/2027 3.69% Vector Lim,,NZE,nz_market,EQUITY
FBI200.NZ,FBI 15/03/26 2.80% Fletcher Bui,,NZE,nz_market,EQUITY
ANB170.NZ,ANB 17/09/2031 2.999% ANZ Bank ,,NZE,nz_market,EQUITY
MEL030.NZ,MEL 14/03/2023 4.53% Green Bond,Meridian Energy Limited 4.53% GTD SNR BDS 14/03/2023 NZD1000,NZE,nz_market,EQUITY
SUM010.NZ,SUM 11/07/2023 4.78% Summerset ,Summerset Group Holdings Limited 4.78% GTD SNR BDS 11/07/2023 NZD5000,NZE,nz_market,EQUITY
CHC010.NZ,CHC 24/05/2024 4.13% Christchur,Christchurch International Airport Limited 4.13% BDS 24/05/24 NZD5000,NZE,nz_market,EQUITY
NZB.NZ,Smartshares NZ Bond ETF Units,Smartshares NZ Bond ETF,NZE,nz_market,EQUITY
TPW180.NZ,TPW 29/07/2026 3.35% Trustpower,,NZE,nz_market,EQUITY
ASF.NZ,Smartshares Australian Financia,Australian Financials Index Trust - Aus Financials Fund,NZE,nz_market,EQUITY
ESG.NZ,Smartshares Global Equities ESG,Smartshares Global Equities ESG ETF,NZE,nz_market,EQUITY
EMG.NZ,Smartshares Emerging Markets Eq,Smartshares Emerging Markets Equities ESG ETF,NZE,nz_market,EQUITY
USA.NZ,Smartshares US Equities ESG ETF,Smartshares US Equities ESG ETF,NZE,nz_market,EQUITY
TNZ.NZ,Smartshares NZ Top 10 ETF Units,Smartshares - NZ Top 10 ETF,NZE,nz_market,EQUITY
LIV.NZ,Smartshares Healthcare Innovati,Smartshares Healthcare Innovation ETF,NZE,nz_market,EQUITY
NZG.NZ,Smartshares S&P/NZX 50 ETF Unit,Smartshares Limited - Smartshares S and P / Nzx 50 Etf,NZE,nz_market,EQUITY
USF.NZ,Smartshares US 500 ETF Units,Smartshares US 500 ETF,NZE,nz_market,EQUITY
DIV.NZ,Smartshares NZ Dividend ETF Uni,Smartshares NZ Dividend ETF,NZE,nz_market,EQUITY
GNE040.NZ,GNE 09/06/2047 5.70% Genesis En,,NZE,nz_market,EQUITY
SPF570.NZ,SPF 07/09/26 3.94% - Spark Fina,,NZE,nz_market,EQUITY
WIA060.NZ,WIA 01/04/2030 4.00% Wellington,,NZE,nz_market,EQUITY
VCT080.NZ,VCT 15/06/22 5.70%  Vector Limi,,NZE,nz_market,EQUITY
PCT030.NZ,PCT 28/05/2027 2.85% Precinct P,,NZE,nz_market,EQUITY
SKC050.NZ,SKC 21/05/2027 3.02% SkyCity En,,NZE,nz_market,EQUITY
IPL020.NZ,IPL 31/08/2027 2.40% Investore ,,NZE,nz_market,EQUITY
ZEL050.NZ,ZEL 01/11/2023 4.32% Z Energy L,Z Energy Limited 4.32% GTD BDS 01/11/2023 NZD1000,NZE,nz_market,EQUITY
IFT280.NZ,IFT 15/12/2026 3.35% Infratil L,,NZE,nz_market,EQUITY
ZEL060.NZ,ZEL 03/09/2024 4.00% Z Energy L,,NZE,nz_market,EQUITY
NZC.NZ,Smartshares NZ Cash ETF Units,Smartshares NZ Cash ETF,NZE,nz_market,EQUITY
IFT190.NZ,IFT 15/06/22 6.85% - Infratil L,Infratil Limited 6.85% SNR BDS 15/06/2022 NZD1000,NZE,nz_market,EQUITY
GBF.NZ,Smartshares Global Bond ETF Uni,Global Bond Fund,NZE,nz_market,EQUITY
USM.NZ,Smartshares US Mid Cap ETF Unit,Smartshares US Mid Cap ETF,NZE,nz_market,EQUITY
CO2.NZ,Carbon Fund Units,Carbon Fund,NZE,nz_market,EQUITY
TWL.NZ,Trade Window Holdings Limited O,Trade Window Holdings Limited,NZE,nz_market,EQUITY
MDZ.NZ,Smartshares NZ Mid Cap ETF Unit,Smartshares NZ Mid Cap ETF,NZE,nz_market,EQUITY
AUS.NZ,Smartshares S&P/ASX 200 ETF Uni,Smartshares Limited - Smartshares S and P/ Asx 200 Etf,NZE,nz_market,EQUITY
NGB.NZ,Smartshares S&P/NZX NZ Governme,Smartshares Limited - Smartshares S and P / Nzx New Zealand Government Bond Etf,NZE,nz_market,EQUITY
NPF.NZ,Smartshares NZ Property ETF Uni,Smartshares NZ Property ETF,NZE,nz_market,EQUITY
ASD.NZ,Smartshares Australian Dividend,Australian Dividend Index Trust - Aus Dividend Fund,NZE,nz_market,EQUITY
JPN.NZ,Smartshares Japan Equities ESG ,Smartshares Japan Equities ESG ETF,NZE,nz_market,EQUITY
OZY.NZ,Smartshares Australian Top 20 E,Australian Top 20,NZE,nz_market,EQUITY
MZY.NZ,Smartshares Australian Mid Cap ,Australian Mid Cap Fund,NZE,nz_market,EQUITY
IFT270.NZ,IFT 15/12/2028 4.85% Infratil L,,NZE,nz_market,EQUITY
CNU020.NZ,CNU 06/12/2028 4.35% Chorus Lim,,NZE,nz_market,EQUITY
TPW170.NZ,TPW 22/02/2029 3.97% Trustpower,,NZE,nz_market,EQUITY
MCY030.NZ,MCY 14/09/2027 1.56% Mercury NZ,,NZE,nz_market,EQUITY
OCA010.NZ,OCA 19/10/2027 2.30% Oceania He,,NZE,nz_market,EQUITY
NZR010.NZ,NZR 01/03/2034 5.10% The New Ze,,NZE,nz_market,EQUITY
ARG030.NZ,ARG 27/10/2027 2.20% Argosy Pro,,NZE,nz_market,EQUITY
KWB010.NZ,KWB 11/12/2030 2.36% Kiwibank L,,NZE,nz_market,EQUITY
WIA070.NZ,WIA 14/08/2026 2.50% Wellington,,NZE,nz_market,EQUITY
MCY040.NZ,MCY 29/09/2026 2.16% Mercury NZ,,NZE,nz_market,EQUITY
ABB090.NZ,ABB 4/05/2026 1.646% ASB Bank L,,NZE,nz_market,EQUITY
EMF.NZ,Smartshares Emerging Markets ET,Emerging Markets Fund,NZE,nz_market,EQUITY
TWF.NZ,Smartshares Total World ETF Uni,Smartshares Total World ETF,NZE,nz_market,EQUITY
BOT.NZ,Smartshares Automation and Robo,Smartshares Automation and Robotics ETF,NZE,nz_market,EQUITY
NZX010.NZ,NZX 20/06/2033 5.40% NZX Limite,,NZE,nz_market,EQUITY
GNE050.NZ,GNE 16/07/2048 4.65% Genesis En,,NZE,nz_market,EQUITY
WIA080.NZ,WIA 24/09/2031 3.32% Wellington,,NZE,nz_market,EQUITY
SUM030.NZ,SUM 21/09/2027 2.30% Summerset ,,NZE,nz_market,EQUITY
AGG.NZ,Smartshares Global Aggregate Bo,Smartshares Global Aggregate Bond ETF,NZE,nz_market,EQUITY
GFI.NZ,Greenfern Industries Limited Or,Greenfern Industries Limited,NZE,nz_market,EQUITY
USV.NZ,Smartshares US Large Value ETF ,Smartshares US Large Value ETF,NZE,nz_market,EQUITY
EUF.NZ,Smartshares Europe ETF Units,Europe Trust,NZE,nz_market,EQUITY
PLP.NZ,Private Land and Property Fund ,Private Land And Property Fund,NZE,nz_market,EQUITY
FNZ.NZ,Smartshares NZ Top 50 ETF Units,Smartshares NZ Top 50,NZE,nz_market,EQUITY
FBI190.NZ,FBI 15/03/25 3.90% Fletcher Bui,,NZE,nz_market,EQUITY
KPG030.NZ,KPG 19/12/24 4.33% - Kiwi Prope,Kiwi Property Group Limited 4.33% SNR SEC BDS 19/12/2024 NZD5000'03',NZE,nz_market,EQUITY
WIA030.NZ,WIA 12/05/23 4.25% Wellington I,Wellington International Airport Limited 4.25% SNR BDS 12/05/2023 NZD10000,NZE,nz_market,EQUITY
IFT260.NZ,IFT 15/12/2024 4.75% Infratil L,,NZE,nz_market,EQUITY
PFI010.NZ,PFI 28/11/2024 4.59% Property F,Property For Industry Limited 4.59% BDS 28/11/2024 NZD5000,NZE,nz_market,EQUITY
CNU030.NZ,CNU 02/12/2027 1.98% Chorus Lim,,NZE,nz_market,EQUITY
USS.NZ,Smartshares US Small Cap ETF Un,Smartshares US Small Cap ETF,NZE,nz_market,EQUITY
TWH.NZ,Smartshares Total World (NZD He,Smartshares Limited - Smartshares Total World ( NZD Hedged ) Etf,NZE,nz_market,EQUITY
EUG.NZ,Smartshares Europe Equities ESG,Smartshares Europe Equities ESG ETF,NZE,nz_market,EQUITY
ASR.NZ,Smartshares Australian Resource,Australian Resources Fund,NZE,nz_market,EQUITY
APA.NZ,Smartshares Asia Pacific ETF Un,Asia Pacific Trust,NZE,nz_market,EQUITY
USG.NZ,Smartshares US Large Growth ETF,Smartshares US Large Growth ETF,NZE,nz_market,EQUITY
OCA020.NZ,OCA 13/09/2028 3.3% Oceania Hea,,NZE,nz_market,EQUITY
ASP.NZ,Smartshares Australian Property,Australian Property Index Trust - Aus Property Fund,NZE,nz_market,EQUITY
