symbol,shortName,longName,exchange,market,quoteType
SAP.BD,SAP SE,SAP SE,BUD,hu_market,EQUITY
BMW.BD,BAYER MOTOREN WERK,Bayerische Motoren Werke Aktiengesellschaft,BUD,hu_market,EQUITY
BASF.BD,BASF SE,BASF SE,BUD,hu_market,EQUITY
BAYER.BD,BAYER AG,Bayer Aktiengesellschaft,BUD,hu_market,EQUITY
EON.BD,E.ON SE,E.ON SE,BUD,hu_market,EQUITY
OTP.BD,OTP BANK PLC,OTP Bank Nyrt.,BUD,hu_market,EQUITY
MOL.BD,MOL HUNGARIAN OIL,MOL Magyar Olaj- és Gázipari Nyilvánosan Muködo Részvénytársaság,BUD,hu_market,EQUITY
OPUS.BD,OPUS GLOBAL,OPUS GLOBAL Nyrt.,BUD,hu_market,EQUITY
4IG.BD,4IG NYILVANOSAN,4iG Nyrt.,BUD,hu_market,EQUITY
BIF.BD,BIF,Budapesti Ingatlan Hasznosítási és Fejlesztési Nyrt.,BUD,hu_market,EQUITY
ALTEO.BD,ALTEO ENERGIASZOLG,ALTEO Energy Services Public Limited Company,BUD,hu_market,EQUITY
ZWACK.BD,ZWACK UNICUM CO,Zwack Unicum Nyrt.,BUD,hu_market,EQUITY
DELTA.BD,DELTA TECHNOLOGIES,Delta Technologies Nyrt.,BUD,hu_market,EQUITY
ANY.BD,ANY SECURITY PRINT,ANY Biztonsági Nyomda Nyrt.,BUD,hu_market,EQUITY
RABA.BD,RABA JARMUIPARI HG,Rába Jármûipari Holding Nyrt.,BUD,hu_market,EQUITY
AKKO.BD,AKKO INVEST PLC.,AKKO Invest Nyrt.,BUD,hu_market,EQUITY
DMKER.BD,DM-KER PRIVATE LTD,DM-KER Zártköruen Muködo Részvénytársaság,BUD,hu_market,EQUITY
ENEFI.BD,ENEFI ASSET MANAGE,ENEFI Vagyonkezelo Nyilvánosan Mukodo Részvénytársaság,BUD,hu_market,EQUITY
SET.BD,SET GROUP PLC,SET GROUP Nyrt,BUD,hu_market,EQUITY
NUTEX.BD,NUTEX PLC,NUTEX Investments Public Limited Company,BUD,hu_market,EQUITY
EHEP.BD,ELSO HAZAI ENERGIA,Elso Hazai Energia-portfolió Nyilvánosan Muködo Részvénytársaság,BUD,hu_market,EQUITY
GOPD.BD,GOPD PUBLIC COMP,GOPD Nyilvánosan Muködo Részvénytársaság,BUD,hu_market,EQUITY
HENK.BD,HENKEL AG&CO. KGAA,,BUD,hu_market,EQUITY
THYSS.BD,THYSSENKRUPP AG,,BUD,hu_market,EQUITY
TJB.BD,TAKAREK MORTGAGE,,BUD,hu_market,EQUITY
COMMB.BD,COMMERZBANK AG,Commerzbank AG,BUD,hu_market,EQUITY
GLSTR.BD,GLOSTER INFOCOMMUN,,BUD,hu_market,EQUITY
MGKR.BD,MEGAKRAN COMMERCIA,,BUD,hu_market,EQUITY
AUTOW.BD,AUTOWALLIS PLC,,BUD,hu_market,EQUITY
DBANK.BD,DEUTSCHE BANK AG,,BUD,hu_market,EQUITY
PLYDR.BD,,,BUD,hu_market,EQUITY
ADID.BD,ADIDAS AG,,BUD,hu_market,EQUITY
APPEN.BD,APPENNIN HLDGS,,BUD,hu_market,EQUITY
PERGY.BD,PANNERGY PLC,,BUD,hu_market,EQUITY
MAST.BD,MASTERPLAST SHARE,,BUD,hu_market,EQUITY
MTEL.BD,MAGYAR TELEKOM,,BUD,hu_market,EQUITY
ALLZ.BD,ALLIANZ SE,,BUD,hu_market,EQUITY
FUTUR.BD,FUTURAQUA MINERAL,,BUD,hu_market,EQUITY
CIG.BD,CIG PANNONIA LIFE,,BUD,hu_market,EQUITY
EPROI.BD,EPROLIUS INGATLAN,Eprolius Ingatlan Zrt.,BUD,hu_market,EQUITY
KSOFT.BD,KEY SOFT PLC,,BUD,hu_market,EQUITY
NAP.BD,NAP PRIVATE LIMITE,,BUD,hu_market,EQUITY
HU0000009907.BD,KARPOTLASI JEGY,,BUD,hu_market,EQUITY
RICHT.BD,RICHTER GEDEON CHE,,BUD,hu_market,EQUITY
WABS.BD,WABERER'S INTERNAT,,BUD,hu_market,EQUITY
CBRG.BD,CYBERG CORP. NYRT,,BUD,hu_market,EQUITY
FORRB.BD,FORRAS TST & INV,,BUD,hu_market,EQUITY
ORM.BD,ORMESTER ORMESTER,,BUD,hu_market,EQUITY
FORRA.BD,FORRAS TST & INV,,BUD,hu_market,EQUITY
DTEL.BD,DEUTSCHE TELEKOM,,BUD,hu_market,EQUITY
NORD.BD,NORDTELEKOM PLC,,BUD,hu_market,EQUITY
LUFTH.BD,DEUTSCHE LUFTHANSA,,BUD,hu_market,EQUITY
OXOTH.BD,OXO TECHNOLOGIES H,,BUD,hu_market,EQUITY
DAIML.BD,DAIMLER AG,,BUD,hu_market,EQUITY
PNSUM.BD,PENSUM GROUP ZRT,,BUD,hu_market,EQUITY
INFIN.BD,INFINEON TECHNOLOG,,BUD,hu_market,EQUITY
WIZZ.BD,WIZZ AIR HLDGS PLC,,BUD,hu_market,EQUITY
DHS.BD,DUNA HOUSE HLDING,,BUD,hu_market,EQUITY
GSP.BD,GRAPHISOFT PARK SE,,BUD,hu_market,EQUITY
VWPR.BD,VOLKSWAGEN AG,,BUD,hu_market,EQUITY
