symbol,shortName,longName,exchange,market,quoteType
2TPG.CR,"TELARES DE PALO GRANDE, C.A.",,CCS,ve_market,EQUITY
1TDVD.CR,C.A. NACIONAL TELEFONOS DE VENE,,CCS,ve_market,EQUITY
1EFE.CR,"PRODUCTOS EFE, S.A.",,CCS,ve_market,EQUITY
1PGR.CR,"PROAGRO, C.A.",,CCS,ve_market,EQUITY
2CIE.CR,CORPORACION INDUSTRAIL DE ENERG,,CCS,ve_market,EQUITY
1BVL.CR,"BANCO DE VENEZUELA, S.A. BANCO ",,CCS,ve_market,EQUITY
1ENV.CR,ENVASES VENEZOLANOS S.A.,,CCS,ve_market,EQUITY
1CRMA.CR,"CORIMON, C.A.",,CCS,ve_market,EQUITY
BPV.CR,"BANCO PROVINCIAL, S.A. BANCO UN",,CCS,ve_market,EQUITY
RST.CR,C.A. RON SANTA TERESA,,CCS,ve_market,EQUITY
DOM.CR,"DOMINGUEZ CIA, S.A",,CCS,ve_market,EQUITY
PP214P.CR,,,CCS,ve_market,EQUITY
1PTN.CR,"PROTINAL, C.A.",,CCS,ve_market,EQUITY
PIV-B.CR,PIVCA PROMOTORA DE INVERSIONES ,,CCS,ve_market,EQUITY
RST-B.CR,C.A. RON SANTA TERESA (CLASE B),,CCS,ve_market,EQUITY
1MPA.CR,"MANUFACTURAS DE PAPEL, S.A.C.A.",,CCS,ve_market,EQUITY
3BOU.CR,BANCO OCCIDENTAL DE DECUENTO BA,,CCS,ve_market,EQUITY
2BNC.CR,"BANCO NACIONAL DE CREDITO, C.A.",,CCS,ve_market,EQUITY
MVZ-B.CR,MERCANTIL SERVICIOS FINANCIEROS,,CCS,ve_market,EQUITY
MVZ-A.CR,MERCANTIL SERVICIOS FINANCIEROS,,CCS,ve_market,EQUITY
GZL.CR,"GRUPO ZULIANO, C.A. S.A.C.A",,CCS,ve_market,EQUITY
ABC-A.CR,"BANCO DEL CARIBE, C.A. BANCO UN",,CCS,ve_market,EQUITY
FVI-B.CR,FONDO DE VALORES INMOBILIARIOS ,,CCS,ve_market,EQUITY
FVI-A.CR,FONDO DE VALORES INMOBILIARIOS ,,CCS,ve_market,EQUITY
1BVCC.CR,"BOLSA DE VALORES DE CARACAS, C.",,CCS,ve_market,EQUITY
