symbol,shortName,longName,exchange,market,quoteType
RDSA.PR,ROYAL DUTCH SHELL,Royal Dutch Shell plc,PRA,cz_market,EQUITY
VOW.PR,VOLKSWAGEN AG,Volkswagen AG,PRA,cz_market,EQUITY
ULVR.PR,UNILEVER PLC,Unilever PLC,PRA,cz_market,EQUITY
DTE.PR,DEUTSCHE TELEKOM,Deutsche Telekom AG,PRA,cz_market,EQUITY
VOLVB.PR,VOLVO AB,AB Volvo (publ),PRA,cz_market,EQUITY
NOKIA.PR,NOKIA OYJ,Nokia Corporation,PRA,cz_market,EQUITY
EOAN.PR,E.ON SE,E.ON SE,PRA,cz_market,EQUITY
RWE.PR,RWE AG,RWE Aktiengesellschaft,PRA,cz_market,EQUITY
OMV.PR,OMV AG,OMV Aktiengesellschaft,PRA,cz_market,EQUITY
CEZ.PR,CEZ,"CEZ, a. s.",PRA,cz_market,EQUITY
ERBAG.PR,ERSTE GROUP BK AG,Erste Group Bank AG,PRA,cz_market,EQUITY
SKAB.PR,SKANSKA AB,Skanska AB (publ),PRA,cz_market,EQUITY
RBI.PR,RAIFFEISEN BK INTL,Raiffeisen Bank International AG,PRA,cz_market,EQUITY
PKN.PR,PKN ORLEN SA,Polski Koncern Naftowy ORLEN Spólka Akcyjna,PRA,cz_market,EQUITY
AVST.PR,AVAST PLC,Avast Plc,PRA,cz_market,EQUITY
KOMB.PR,KOMERCNI BANKA,"Komercní banka, a.s.",PRA,cz_market,EQUITY
KGH.PR,KGHM POLSKA MIEDZ,KGHM Polska Miedz S.A.,PRA,cz_market,EQUITY
MOL.PR,MOL HUNGARIAN OIL,MOL Magyar Olaj- és Gázipari Nyilvánosan Muködo Részvénytársaság,PRA,cz_market,EQUITY
WIE.PR,WIENERBERGER AG,Wienerberger AG,PRA,cz_market,EQUITY
VIG.PR,VIENNA INS GRP AG,Vienna Insurance Group AG,PRA,cz_market,EQUITY
TELEC.PR,O2 CZECH REPUBLIC,O2 Czech Republic a.s.,PRA,cz_market,EQUITY
MONET.PR,MONETA MONEY BANK,"MONETA Money Bank, a.s.",PRA,cz_market,EQUITY
TABAK.PR,PHILIP MORRIS(CZ),Philip Morris CR a.s.,PRA,cz_market,EQUITY
ATS.PR,AT&S AUSTRIA TECH,AT & S Austria Technologie & Systemtechnik Aktiengesellschaft,PRA,cz_market,EQUITY
JUVE.PR,JUVENTUS F.C.,Juventus Football Club S.p.A.,PRA,cz_market,EQUITY
CZG.PR,CZG CESKA ZBROJOVK,CZG - Ceská zbrojovka Group SE,PRA,cz_market,EQUITY
BVB.PR,BORUSSIA DORTMUND,Borussia Dortmund GmbH & Co. Kommanditgesellschaft auf Aktien,PRA,cz_market,EQUITY
FACC.PR,FACC AG,FACC AG,PRA,cz_market,EQUITY
KOFOL.PR,KOFOLA CS,Kofola CeskoSlovensko a.s.,PRA,cz_market,EQUITY
TMR.PR,TATRY MOUNTAIN RES,"Tatry mountain resorts, a.s.",PRA,cz_market,EQUITY
PINK.PR,PILULKA LEKARNY,Pilulka Lékárny a.s.,PRA,cz_market,EQUITY
SABFG.PR,SAB FINANCE A.S.,SAB Finance a.s.,PRA,cz_market,EQUITY
PEN.PR,PHOTON ENERGY NV,Photon Energy N.V.,PRA,cz_market,EQUITY
PVT.PR,RMS MEZZANINE AS,"RMS Mezzanine, a.s.",PRA,cz_market,EQUITY
TOMA.PR,TOMA,"TOMA, a.s.",PRA,cz_market,EQUITY
PRIUA.PR,PRIMOCO UAV SE,Primoco UAV SE,PRA,cz_market,EQUITY
EMAN.PR,EMAN A.S,eMan a.s.,PRA,cz_market,EQUITY
EFORU.PR,E4U AKCIOVA SPOLOC,E4U a.s.,PRA,cz_market,EQUITY
JTINB.PR,J&T INVESTMENTS,"J&T Investments SICAV, A.S.",PRA,cz_market,EQUITY
INIFB.PR,INFOND IFPZK,"Infond Investicni Fond S Promennym Zakladnim Kapitalem, A.S.",PRA,cz_market,EQUITY
JTINA.PR,J&T INVESTMENTS,"J&T Investments SICAV, A.S.",PRA,cz_market,EQUITY
CZ0003704413.PR,J&T BANKA,,PRA,cz_market,EQUITY
FIXED.PR,FIXED.ZONE AS,Fixed.Zone A.S.,PRA,cz_market,EQUITY
CZ0003534596.PR,,,PRA,cz_market,EQUITY
DBK.PR,DEUTSCHE BANK AG,Deutsche Bank Aktiengesellschaft,PRA,cz_market,EQUITY
CTPNV.PR,CTP N.V,CTP N.V.,PRA,cz_market,EQUITY
