symbol,shortName,longName,exchange,market,quoteType
D05.SI,DBS,DBS Group Holdings Ltd,SES,sg_market,EQUITY
O39.SI,OCBC Bank,Oversea-Chinese Banking Corporation Limited,SES,sg_market,EQUITY
K6S.SI,Prudential USD,Prudential plc,SES,sg_market,EQUITY
U11.SI,UOB,United Overseas Bank Limited,SES,sg_market,EQUITY
J36.SI,JMH USD,Jardine Matheson Holdings Limited,SES,sg_market,EQUITY
Z74.SI,Singtel,Singapore Telecommunications Limited,SES,sg_market,EQUITY
Z77.SI,Singtel 10,Singapore Telecommunications Limited,SES,sg_market,EQUITY
F34.SI,Wilmar Intl,Wilmar International Limited,SES,sg_market,EQUITY
S07.SI,Shangri-La HKD,Shangri-La Asia Limited,SES,sg_market,EQUITY
Q0F.SI,IHH,IHH Healthcare Berhad,SES,sg_market,EQUITY
9CI.SI,CapitaLandInvest,CapitaLand Investment Limited,SES,sg_market,EQUITY
Y92.SI,ThaiBev,Thai Beverage Public Company Limited,SES,sg_market,EQUITY
C6L.SI,SIA,Singapore Airlines Limited,SES,sg_market,EQUITY
C38U.SI,CapLand IntCom T,CapitaLand Integrated Commercial Trust,SES,sg_market,EQUITY
H78.SI,HongkongLand USD,Hongkong Land Holdings Limited,SES,sg_market,EQUITY
A17U.SI,Ascendas Reit,Ascendas Real Estate Investment Trust,SES,sg_market,EQUITY
S63.SI,ST Engineering,Singapore Technologies Engineering Ltd,SES,sg_market,EQUITY
S68.SI,SGX,Singapore Exchange Limited,SES,sg_market,EQUITY
G07.SI,Great Eastern,Great Eastern Holdings Limited,SES,sg_market,EQUITY
G13.SI,Genting Sing,Genting Singapore Limited,SES,sg_market,EQUITY
BN4.SI,Keppel Corp,Keppel Corporation Limited,SES,sg_market,EQUITY
M44U.SI,Mapletree Log Tr,Mapletree Logistics Trust,SES,sg_market,EQUITY
C07.SI,Jardine C&C,Jardine Cycle & Carriage Limited,SES,sg_market,EQUITY
ME8U.SI,Mapletree Ind Tr,Mapletree Industrial Trust,SES,sg_market,EQUITY
O32.SI,Olam Intl,Olam International Limited,SES,sg_market,EQUITY
BVA.SI,Top Glove,Top Glove Corporation Bhd.,SES,sg_market,EQUITY
C09.SI,CityDev,City Developments Limited,SES,sg_market,EQUITY
N2IU.SI,Mapletree Com Tr,Mapletree Commercial Trust,SES,sg_market,EQUITY
U14.SI,UOL,UOL Group Limited,SES,sg_market,EQUITY
BUOU.SI,FRASERS LOGISTICS & COM TRUST,Frasers Logistics & Commercial Trust,SES,sg_market,EQUITY
V03.SI,Venture,Venture Corporation Limited,SES,sg_market,EQUITY
BS6.SI,YZJ Shipbldg SGD,Yangzijiang Shipbuilding (Holdings) Ltd.,SES,sg_market,EQUITY
TQ5.SI,FRASERS PROPERTY LIMITED,Frasers Property Limited,SES,sg_market,EQUITY
S58.SI,SATS,SATS Ltd.,SES,sg_market,EQUITY
T82U.SI,Suntec Reit,Suntec Real Estate Investment Trust,SES,sg_market,EQUITY
K71U.SI,Keppel Reit,Keppel REIT,SES,sg_market,EQUITY
AJBU.SI,Keppel DC Reit,Keppel DC REIT,SES,sg_market,EQUITY
T15.SI,h TCIL HK$,Tan Chong International Limited,SES,sg_market,EQUITY
D01.SI,DairyFarm USD,Dairy Farm International Holdings Limited,SES,sg_market,EQUITY
J69U.SI,FRASERS CENTREPOINT TRUST,Frasers Centrepoint Trust,SES,sg_market,EQUITY
CJLU.SI,NetLink NBN Tr,NetLink NBN Trust,SES,sg_market,EQUITY
RW0U.SI,Mapletree NAC Tr,Mapletree North Asia Commercial Trust,SES,sg_market,EQUITY
T39.SI,SPH,Singapore Press Holdings Limited,SES,sg_market,EQUITY
U96.SI,Sembcorp Ind,Sembcorp Industries Ltd,SES,sg_market,EQUITY
U06.SI,SingaporeLandGrp,Singapore Land Group Limited,SES,sg_market,EQUITY
STG.SI,Sri Trang Gloves,Sri Trang Gloves (Thailand) Public Company Limited,SES,sg_market,EQUITY
HMN.SI,Ascott Trust,Ascott Residence Trust,SES,sg_market,EQUITY
E5H.SI,Golden Agri-Res,Golden Agri-Resources Ltd,SES,sg_market,EQUITY
T14.SI,Tianjin ZX USD,Tianjin Zhong Xin Pharmaceutical Group Corporation Limited,SES,sg_market,EQUITY
HKB.SI,AMTD IB OV,AMTD International Inc.,SES,sg_market,EQUITY
C2PU.SI,ParkwayLife Reit,Parkway Life Real Estate Investment Trust,SES,sg_market,EQUITY
C52.SI,ComfortDelGro,ComfortDelGro Corporation Limited,SES,sg_market,EQUITY
M04.SI,Man Oriental USD,Mandarin Oriental International Limited,SES,sg_market,EQUITY
SK6U.SI,SPHREIT,SPH REIT,SES,sg_market,EQUITY
A7RU.SI,Kep Infra Tr,Keppel Infrastructure Trust,SES,sg_market,EQUITY
S51.SI,Sembcorp Marine,Sembcorp Marine Ltd,SES,sg_market,EQUITY
P7VU.SI,HPH Trust SGD,Hutchison Port Holdings Trust,SES,sg_market,EQUITY
H02.SI,Haw Par,Haw Par Corporation Limited,SES,sg_market,EQUITY
EB5.SI,First Resources,First Resources Limited,SES,sg_market,EQUITY
BSL.SI,Raffles Medical,Raffles Medical Group Ltd,SES,sg_market,EQUITY
S59.SI,SIA Engineering,SIA Engineering Company Limited,SES,sg_market,EQUITY
TS0U.SI,OUE Com Reit,OUE Commercial Real Estate Investment Trust,SES,sg_market,EQUITY
CC3.SI,StarHub,StarHub Ltd,SES,sg_market,EQUITY
MZH.SI,Nanofilm,Nanofilm Technologies International Limited,SES,sg_market,EQUITY
A50.SI,Thomson Medical,Thomson Medical Group Limited,SES,sg_market,EQUITY
Z25.SI,Yanlord Land,Yanlord Land Group Limited,SES,sg_market,EQUITY
OV8.SI,Sheng Siong,Sheng Siong Group Ltd,SES,sg_market,EQUITY
AIY.SI,IFAST,iFAST Corporation Ltd.,SES,sg_market,EQUITY
F99.SI,F & N,"Fraser and Neave, Limited",SES,sg_market,EQUITY
NS8U.SI,HPH Trust USD,Hutchison Port Holdings Trust,SES,sg_market,EQUITY
AU8U.SI,CapLand China T,CapitaLand China Trust,SES,sg_market,EQUITY
J91U.SI,ESR-REIT,ESR-REIT,SES,sg_market,EQUITY
NC2.SI,Sri Trang Agro,Sri Trang Agro-Industry Public Company Limited,SES,sg_market,EQUITY
H13.SI,Ho Bee Land,Ho Bee Land Limited,SES,sg_market,EQUITY
F17.SI,GuocoLand,GuocoLand Limited,SES,sg_market,EQUITY
H15.SI,HPL,Hotel Properties Limited,SES,sg_market,EQUITY
CY6U.SI,Ascendas-iTrust,Ascendas India Trust,SES,sg_market,EQUITY
AWX.SI,AEM,AEM Holdings Ltd,SES,sg_market,EQUITY
S08.SI,SingPost,Singapore Post Limited,SES,sg_market,EQUITY
P40U.SI,StarhillGbl Reit,Starhill Global Real Estate Investment Trust,SES,sg_market,EQUITY
J85.SI,CDL HTrust,CDL Hospitality Trusts,SES,sg_market,EQUITY
CWBU.SI,Cromwell Reit EUR,Cromwell European Real Estate Investment Trust,SES,sg_market,EQUITY
S20.SI,Straits Trading,The Straits Trading Company Limited,SES,sg_market,EQUITY
U10.SI,UOB Kay Hian,UOB-Kay Hian Holdings Limited,SES,sg_market,EQUITY
W05.SI,Wing Tai,Wing Tai Holdings Limited,SES,sg_market,EQUITY
AGS.SI,TheHourGlass,The Hour Glass Limited,SES,sg_market,EQUITY
DCRU.SI,DigiCore Reit USD,Digital Core REIT,SES,sg_market,EQUITY
K2LU.SI,ARA LOGOS Log Tr,ARA LOGOS Logistics Trust,SES,sg_market,EQUITY
UD2.SI,Japfa,Japfa Ltd.,SES,sg_market,EQUITY
B61.SI,Bukit Sembawang,Bukit Sembawang Estates Limited,SES,sg_market,EQUITY
ADN.SI,First Sponsor,First Sponsor Group Limited,SES,sg_market,EQUITY
Q5T.SI,Far East HTrust,Far East Hospitality Trust,SES,sg_market,EQUITY
LJ3.SI,OUE,OUE Limited,SES,sg_market,EQUITY
BTOU.SI,ManulifeReit USD,Manulife US Real Estate Investment Trust,SES,sg_market,EQUITY
A26.SI,Sinarmas Land,Sinarmas Land Limited,SES,sg_market,EQUITY
AP4.SI,Riverstone,Riverstone Holdings Limited,SES,sg_market,EQUITY
S41.SI,Hong Leong Fin,Hong Leong Finance Limited,SES,sg_market,EQUITY
P15.SI,Pacific Century,Pacific Century Regional Developments Limited,SES,sg_market,EQUITY
JYEU.SI,Lendlease Reit,Lendlease Global Commercial REIT,SES,sg_market,EQUITY
EH5.SI,UOA,United Overseas Australia Limited,SES,sg_market,EQUITY
CRPU.SI,Sasseur Reit,Sasseur Real Estate Investment Trust,SES,sg_market,EQUITY
O5RU.SI,AIMS APAC Reit,AIMS APAC REIT,SES,sg_market,EQUITY
OXMU.SI,Prime US ReitUSD,Prime US REIT,SES,sg_market,EQUITY
558.SI,UMS,UMS Holdings Limited,SES,sg_market,EQUITY
P8Z.SI,Bumitama Agri,Bumitama Agri Ltd.,SES,sg_market,EQUITY
U9E.SI,China Everbright,China Everbright Water Limited,SES,sg_market,EQUITY
S61.SI,SBS Transit,SBS Transit Ltd,SES,sg_market,EQUITY
ACV.SI,FRASERS HOSPITALITY TRUST,Frasers Hospitality Trust,SES,sg_market,EQUITY
CMOU.SI,KepPacOakReitUSD,Keppel Pacific Oak US REIT,SES,sg_market,EQUITY
G92.SI,China Aviation,China Aviation Oil (Singapore) Corporation Ltd,SES,sg_market,EQUITY
5UX.SI,Oxley,Oxley Holdings Limited,SES,sg_market,EQUITY
E28.SI,Frencken,Frencken Group Limited,SES,sg_market,EQUITY
D03.SI,Del Monte Pac,Del Monte Pacific Limited,SES,sg_market,EQUITY
CHZ.SI,HRnetGroup,HRnetGroup Limited,SES,sg_market,EQUITY
5CP.SI,Silverlake Axis,Silverlake Axis Ltd,SES,sg_market,EQUITY
H18.SI,Hotel Grand,Hotel Grand Central Limited,SES,sg_market,EQUITY
UD1U.SI,IREIT Global SGD,IREIT Global,SES,sg_market,EQUITY
579.SI,Oceanus,Oceanus Group Limited,SES,sg_market,EQUITY
WJP.SI,VICOM Ltd,VICOM Ltd,SES,sg_market,EQUITY
5IG.SI,Gallant Venture,Gallant Venture Ltd.,SES,sg_market,EQUITY
AUE.SI,Golden Energy,Golden Energy and Resources Limited,SES,sg_market,EQUITY
C41.SI,Cortina,Cortina Holdings Limited,SES,sg_market,EQUITY
8AZ.SI,Aztech Gbl,Aztech Global Ltd.,SES,sg_market,EQUITY
H30.SI,Hong Fok,Hong Fok Corporation Limited,SES,sg_market,EQUITY
BWM.SI,Zheneng Jinjiang,Zheneng Jinjiang Environment Holding Company Limited,SES,sg_market,EQUITY
BHK.SI,SIIC Environment,SIIC Environment Holdings Ltd.,SES,sg_market,EQUITY
H22.SI,Hong Leong Asia,Hong Leong Asia Ltd.,SES,sg_market,EQUITY
M01.SI,Metro,Metro Holdings Limited,SES,sg_market,EQUITY
E8Z.SI,Roxy-Pacific,Roxy-Pacific Holdings Limited,SES,sg_market,EQUITY
BWCU.SI,EC World Reit,EC World Real Estate Investment Trust,SES,sg_market,EQUITY
OYY.SI,PropNex,PropNex Limited,SES,sg_market,EQUITY
XJB.SI,GHY Culture,"G.H.Y Culture & Media Holding Co., Limited",SES,sg_market,EQUITY
F83.SI,COSCO SHP SG,"COSCO SHIPPING International (Singapore) Co., Ltd.",SES,sg_market,EQUITY
QC7.SI,Q&M Dental,Q & M Dental Group (Singapore) Limited,SES,sg_market,EQUITY
T24.SI,Tuan Sing,Tuan Sing Holdings Limited,SES,sg_market,EQUITY
MV4.SI,Mewah Intl,Mewah International Inc.,SES,sg_market,EQUITY
DHLU.SI,Daiwa Hse Log Tr,Daiwa House Logistics Trust,SES,sg_market,EQUITY
Y03.SI,Yeo Hiap Seng,Yeo Hiap Seng Limited,SES,sg_market,EQUITY
1D0.SI,$ Kimly,Kimly Limited,SES,sg_market,EQUITY
AW9U.SI,First Reit,First Real Estate Investment Trust,SES,sg_market,EQUITY
O10.SI,Far East Orchard,Far East Orchard Limited,SES,sg_market,EQUITY
Q01.SI,QAF,QAF Limited,SES,sg_market,EQUITY
5H0.SI,SingHaiyi,SingHaiyi Group Ltd.,SES,sg_market,EQUITY
F9D.SI,Boustead,Boustead Singapore Limited,SES,sg_market,EQUITY
M1GU.SI,Sabana Reit,Sabana Industrial Real Estate Investment Trust,SES,sg_market,EQUITY
QES.SI,ChinaSunsine,China Sunsine Chemical Holdings Ltd.,SES,sg_market,EQUITY
RE4.SI,Geo Energy Res,Geo Energy Resources Limited,SES,sg_market,EQUITY
5DD.SI,Micro-Mechanics,Micro-Mechanics (Holdings) Ltd.,SES,sg_market,EQUITY
P34.SI,Delfi,Delfi Limited,SES,sg_market,EQUITY
5JS.SI,Indofood Agri,Indofood Agri Resources Ltd.,SES,sg_market,EQUITY
NPW.SI,MSC,Malaysia Smelting Corporation Berhad,SES,sg_market,EQUITY
5WH.SI,$ Rex Intl,Rex International Holding Limited,SES,sg_market,EQUITY
BEC.SI,BRC Asia,BRC Asia Limited,SES,sg_market,EQUITY
D5IU.SI,Lippo Malls Tr,Lippo Malls Indonesia Retail Trust,SES,sg_market,EQUITY
BTE.SI,Bund Center,Bund Center Investment Ltd,SES,sg_market,EQUITY
VL6.SI,Koufu,Koufu Group Limited,SES,sg_market,EQUITY
U13.SI,UOI,United Overseas Insurance Limited,SES,sg_market,EQUITY
E27.SI,The Place Hldg,The Place Holdings Limited,SES,sg_market,EQUITY
F03.SI,Food Empire,Food Empire Holdings Limited,SES,sg_market,EQUITY
JLB.SI,Grand Venture,Grand Venture Technology Limited,SES,sg_market,EQUITY
5GD.SI,Sunpower,Sunpower Group Ltd.,SES,sg_market,EQUITY
G41.SI,G K Goh,G. K. Goh Holdings Limited,SES,sg_market,EQUITY
B28.SI,Bonvests,Bonvests Holdings Limited,SES,sg_market,EQUITY
S85.SI,Straco,Straco Corporation Limited,SES,sg_market,EQUITY
ODBU.SI,UtdHampshReitUSD,United Hampshire US Real Estate Investment Trust,SES,sg_market,EQUITY
5VJ.SI,Halcyon Agri,Halcyon Agri Corporation Limited,SES,sg_market,EQUITY
QNS.SI,$ SouthernAlliance,Southern Alliance Mining Ltd.,SES,sg_market,EQUITY
BDX.SI,GSH,GSH Corporation Limited,SES,sg_market,EQUITY
C29.SI,Chip Eng Seng,Chip Eng Seng Corporation Ltd,SES,sg_market,EQUITY
P9D.SI,Civmec,Civmec Limited,SES,sg_market,EQUITY
F1E.SI,Low Keng Huat,Low Keng Huat (Singapore) Limited,SES,sg_market,EQUITY
N02.SI,NSL,NSL Ltd,SES,sg_market,EQUITY
I07.SI,ISDN,ISDN Holdings Limited,SES,sg_market,EQUITY
MXNU.SI,EliteComREIT GBP,Elite Commercial REIT,SES,sg_market,EQUITY
AVM.SI,Boustead Proj,Boustead Projects Limited,SES,sg_market,EQUITY
5JK.SI,Hiap Hoe,Hiap Hoe Limited,SES,sg_market,EQUITY
S56.SI,SamuderaShipping,Samudera Shipping Line Ltd,SES,sg_market,EQUITY
H12.SI,Hotel Royal,Hotel Royal Limited,SES,sg_market,EQUITY
Z59.SI,Yoma Strategic,Yoma Strategic Holdings Ltd.,SES,sg_market,EQUITY
CEDU.SI,Dasin Retail Tr,Dasin Retail Trust,SES,sg_market,EQUITY
G20.SI,GP Industries,GP Industries Limited,SES,sg_market,EQUITY
XZL.SI,ARA HTrust USD,ARA US Hospitality Trust,SES,sg_market,EQUITY
H07.SI,Stamford Land,Stamford Land Corporation Ltd,SES,sg_market,EQUITY
OU8.SI,Centurion,Centurion Corporation Limited,SES,sg_market,EQUITY
B58.SI,Banyan Tree,Banyan Tree Holdings Limited,SES,sg_market,EQUITY
5WE.SI,$ Moya Asia,Moya Holdings Asia Limited,SES,sg_market,EQUITY
544.SI,CSE Global,CSE Global Limited,SES,sg_market,EQUITY
L03.SI,Lian Beng,Lian Beng Group Ltd,SES,sg_market,EQUITY
B73.SI,Global Inv,Global Investments Limited,SES,sg_market,EQUITY
S7OU.SI,Asian Pay Tv Tr,Asian Pay Television Trust,SES,sg_market,EQUITY
TCU.SI,CreditBureauAsia,Credit Bureau Asia Limited,SES,sg_market,EQUITY
CLN.SI,APAC Realty,APAC Realty Limited,SES,sg_market,EQUITY
T6I.SI,ValueMax,ValueMax Group Limited,SES,sg_market,EQUITY
U09.SI,Avarga,Avarga Limited,SES,sg_market,EQUITY
A30.SI,Aspial,Aspial Corporation Limited,SES,sg_market,EQUITY
BBW.SI,Azeus,Azeus Systems Holdings Ltd.,SES,sg_market,EQUITY
P52.SI,PanUnited,Pan-United Corporation Ltd,SES,sg_market,EQUITY
S35.SI,Sing Inv & Fin,Sing Investments & Finance Limited,SES,sg_market,EQUITY
BN2.SI,Valuetronics,Valuetronics Holdings Limited,SES,sg_market,EQUITY
573.SI,Challenger,Challenger Technologies Limited,SES,sg_market,EQUITY
DM0.SI,Hanwell,Hanwell Holdings Limited,SES,sg_market,EQUITY
H19.SI,Hwa Hong,Hwa Hong Corporation Limited,SES,sg_market,EQUITY
A34.SI,Amara,Amara Holdings Limited,SES,sg_market,EQUITY
F13.SI,Fu Yu,Fu Yu Corporation Limited,SES,sg_market,EQUITY
U77.SI,Sarine Tech,Sarine Technologies Ltd.,SES,sg_market,EQUITY
C33.SI,Chuan Hup,Chuan Hup Holdings Limited,SES,sg_market,EQUITY
BLS.SI,Hotung Inv,Hotung Investment Holdings Limited,SES,sg_market,EQUITY
42R.SI,$ Jumbo,Jumbo Group Limited,SES,sg_market,EQUITY
OAJ.SI,$ FortressMinerals,Fortress Minerals Limited,SES,sg_market,EQUITY
40V.SI,$ Alset,Alset International Limited,SES,sg_market,EQUITY
ER0.SI,KSH,KSH Holdings Limited,SES,sg_market,EQUITY
8K7.SI,$ UGHealthcare,UG Healthcare Corporation Limited,SES,sg_market,EQUITY
546.SI,$ Medtecs Intl,Medtecs International Corporation Limited,SES,sg_market,EQUITY
40T.SI,$ ISEC,ISEC Healthcare Ltd.,SES,sg_market,EQUITY
5UF.SI,$ Maxi-Cash Fin,Maxi-Cash Financial Services Corporation Ltd.,SES,sg_market,EQUITY
42F.SI,$ Totm Tech,Totm Technologies Limited,SES,sg_market,EQUITY
C9Q.SI,Sinostar Pec,Sinostar PEC Holdings Limited,SES,sg_market,EQUITY
E3B.SI,Wee Hur,Wee Hur Holdings Ltd.,SES,sg_market,EQUITY
528.SI,Second Chance,Second Chance Properties Ltd,SES,sg_market,EQUITY
1F2.SI,Union Gas,Union Gas Holdings Limited,SES,sg_market,EQUITY
500.SI,Tai Sin Electric,Tai Sin Electric Limited,SES,sg_market,EQUITY
5DM.SI,Ying Li Intl,Ying Li International Real Estate Limited,SES,sg_market,EQUITY
M14.SI,InnoTek,InnoTek Limited,SES,sg_market,EQUITY
BDF.SI,Excelpoint,Excelpoint Technology Ltd.,SES,sg_market,EQUITY
C76.SI,Creative,Creative Technology Ltd,SES,sg_market,EQUITY
AWZ.SI,Multi-Chem,Multi-Chem Limited,SES,sg_market,EQUITY
5WA.SI,$ OUE Lippo HC,OUE Lippo Healthcare Limited,SES,sg_market,EQUITY
BEW.SI,JB Foods,JB Foods Limited,SES,sg_market,EQUITY
MR7.SI,Nordic,Nordic Group Limited,SES,sg_market,EQUITY
5NG.SI,$ Healthway Med,Healthway Medical Corporation Limited,SES,sg_market,EQUITY
I15.SI,Isetan,Isetan (Singapore) Limited,SES,sg_market,EQUITY
5IC.SI,SingHoldings,Sing Holdings Limited,SES,sg_market,EQUITY
S44.SI,EnGro,EnGro Corporation Limited,SES,sg_market,EQUITY
C8R.SI,$ Jiutian Chemical,Jiutian Chemical Group Limited,SES,sg_market,EQUITY
SYM.SI,$ Memiontec,Memiontec Holdings Ltd.,SES,sg_market,EQUITY
T13.SI,RH PetroGas,RH PetroGas Limited,SES,sg_market,EQUITY
42C.SI,$ IX Biopharma,iX Biopharma Ltd.,SES,sg_market,EQUITY
VI2.SI,$ TC Auto,Trans-China Automotive Holdings Limited,SES,sg_market,EQUITY
564.SI,Spindex Ind,Spindex Industries Limited,SES,sg_market,EQUITY
5DP.SI,Heeton,Heeton Holdings Limited,SES,sg_market,EQUITY
BTM.SI,Penguin Intl,Penguin International Limited,SES,sg_market,EQUITY
BPF.SI,YHI Intl,YHI International Limited,SES,sg_market,EQUITY
5OT.SI,$ SingMedical,Singapore Medical Group Limited,SES,sg_market,EQUITY
KUO.SI,Intl Cement,International Cement Group Ltd.,SES,sg_market,EQUITY
D8DU.SI,FSL Trust,First Ship Lease Trust,SES,sg_market,EQUITY
5HV.SI,$ Koh Eco,Koh Brothers Eco Engineering Limited,SES,sg_market,EQUITY
B49.SI,World Precision,World Precision Machinery Limited,SES,sg_market,EQUITY
IX2.SI,PEC,PEC Ltd.,SES,sg_market,EQUITY
F86.SI,MYP,MYP Ltd.,SES,sg_market,EQUITY
L02.SI,Manhattan Res^,Manhattan Resources Limited,SES,sg_market,EQUITY
S23.SI,Spura Finance,Singapura Finance Ltd,SES,sg_market,EQUITY
41O.SI,$ LHN,LHN Limited,SES,sg_market,EQUITY
1D8.SI,$ Singapore O&G,Singapore O&G Ltd.,SES,sg_market,EQUITY
1D1.SI,$ UnUsUaL,UnUsUaL Limited,SES,sg_market,EQUITY
1D4.SI,$ Aoxin Q & M,Aoxin Q & M Dental Group Limited,SES,sg_market,EQUITY
J2T.SI,Hock Lian Seng,Hock Lian Seng Holdings Limited,SES,sg_market,EQUITY
T12.SI,Tat Seng Pkg,Tat Seng Packaging Group Ltd,SES,sg_market,EQUITY
1B0.SI,MM2 Asia,mm2 Asia Ltd.,SES,sg_market,EQUITY
1J4.SI,$ JEP,JEP Holdings Ltd.,SES,sg_market,EQUITY
569.SI,Vicplas Intl,Vicplas International Ltd,SES,sg_market,EQUITY
S19.SI,SingShipping,Singapore Shipping Corporation Limited,SES,sg_market,EQUITY
Y8E.SI,$ Samurai 2K,Samurai 2K Aerosol Limited,SES,sg_market,EQUITY
1F3.SI,Aspen,Aspen (Group) Holdings Limited,SES,sg_market,EQUITY
L38.SI,AF Global,AF Global Limited,SES,sg_market,EQUITY
BQM.SI,Tiong Woon,Tiong Woon Corporation Holding Ltd,SES,sg_market,EQUITY
A33.SI,Blumont,Blumont Group Ltd.,SES,sg_market,EQUITY
1J0.SI,$ SLB Dev,SLB Development Ltd.,SES,sg_market,EQUITY
566.SI,SHS,SHS Holdings Ltd.,SES,sg_market,EQUITY
DU4.SI,Mermaid Maritime,Mermaid Maritime Public Company Limited,SES,sg_market,EQUITY
RQ1.SI,Overseas Edu,Overseas Education Limited,SES,sg_market,EQUITY
LS9.SI,Leader Env,Leader Environmental Technologies Limited,SES,sg_market,EQUITY
L23.SI,Enviro-Hub,Enviro-Hub Holdings Ltd.,SES,sg_market,EQUITY
BLH.SI,Hai Leck,Hai Leck Holdings Limited,SES,sg_market,EQUITY
STP.SI,$ Silkroad Nickel,Silkroad Nickel Ltd.,SES,sg_market,EQUITY
5SO.SI,Duty Free Intl,Duty Free International Limited,SES,sg_market,EQUITY
BCY.SI,Powermatic Data,Powermatic Data Systems Limited,SES,sg_market,EQUITY
S69.SI,Serial System,Serial System Ltd,SES,sg_market,EQUITY
5LY.SI,MarcoPolo Marine,Marco Polo Marine Ltd.,SES,sg_market,EQUITY
B69.SI,Broadway Ind,Broadway Industrial Group Limited,SES,sg_market,EQUITY
NR7.SI,Raffles Edu,Raffles Education Corporation Limited,SES,sg_market,EQUITY
NO4.SI,Dyna-Mac,Dyna-Mac Holdings Ltd.,SES,sg_market,EQUITY
P8A.SI,Cordlife,Cordlife Group Limited,SES,sg_market,EQUITY
BVQ.SI,Procurri,Procurri Corporation Limited,SES,sg_market,EQUITY
533.SI,ABR,ABR Holdings Limited,SES,sg_market,EQUITY
CHJ.SI,Uni-Asia Grp,Uni-Asia Group Limited,SES,sg_market,EQUITY
1J5.SI,$ Hyphens Pharma,Hyphens Pharma International Limited,SES,sg_market,EQUITY
595.SI,$ GKE,GKE Corporation Limited,SES,sg_market,EQUITY
1J3.SI,$ Asian Healthcare,Asian Healthcare Specialists Limited,SES,sg_market,EQUITY
G0I.SI,Nam Lee Metal,Nam Lee Pressed Metal Industries Limited,SES,sg_market,EQUITY
532.SI,$ DISA,DISA Limited,SES,sg_market,EQUITY
5RF.SI,$ Mercurius,Mercurius Capital Investment Limited,SES,sg_market,EQUITY
586.SI,$ Global Dragon,Global Dragon Limited,SES,sg_market,EQUITY
5TT.SI,Keong Hong,Keong Hong Holdings Limited,SES,sg_market,EQUITY
5WJ.SI,$ MoneyMax Fin,MoneyMax Financial Services Ltd.,SES,sg_market,EQUITY
N08.SI,New Toyo,New Toyo International Holdings Ltd,SES,sg_market,EQUITY
Y35.SI,AnAn Intl,AnAn International Limited,SES,sg_market,EQUITY
42T.SI,$ Trendlines,The Trendlines Group Ltd.,SES,sg_market,EQUITY
PH0.SI,$ Hatten Land,Hatten Land Limited,SES,sg_market,EQUITY
5I1.SI,$ KOP,KOP Limited,SES,sg_market,EQUITY
P36.SI,Pan Hong,Pan Hong Holdings Group Limited,SES,sg_market,EQUITY
1B1.SI,$ HC Surgical,HC Surgical Specialists Limited,SES,sg_market,EQUITY
5ML.SI,$ Old Chang Kee,Old Chang Kee Ltd.,SES,sg_market,EQUITY
BTP.SI,Baker Technology,Baker Technology Limited,SES,sg_market,EQUITY
5TP.SI,$ CNMC Goldmine,CNMC Goldmine Holdings Limited,SES,sg_market,EQUITY
T41.SI,TeleChoice Intl,TeleChoice International Limited,SES,sg_market,EQUITY
EHG.SI,$ Econ Healthcare,Econ Healthcare (Asia) Limited,SES,sg_market,EQUITY
1G1.SI,$ RE&S Hldg,RE&S Holdings Limited,SES,sg_market,EQUITY
5OI.SI,$ Japan Foods,Japan Foods Holding Ltd.,SES,sg_market,EQUITY
AWG.SI,AEI^,AEI Corporation Ltd.,SES,sg_market,EQUITY
BDA.SI,PNE Industries,PNE Industries Ltd,SES,sg_market,EQUITY
5GJ.SI,AusGroup,AusGroup Limited,SES,sg_market,EQUITY
KUX.SI,$ OIO,OIO Holdings Limited,SES,sg_market,EQUITY
K75.SI,Koh Bros,Koh Brothers Group Limited,SES,sg_market,EQUITY
BIP.SI,Vibrant Group,Vibrant Group Limited,SES,sg_market,EQUITY
43E.SI,$ VCPlus,VCPlus Limited,SES,sg_market,EQUITY
A78.SI,$ Shen Yao,Shen Yao Holdings Limited,SES,sg_market,EQUITY
I49.SI,IFS Capital,IFS Capital Limited,SES,sg_market,EQUITY
AWI.SI,Thakral,Thakral Corporation Ltd,SES,sg_market,EQUITY
1H3.SI,$ Clearbridge,Clearbridge Health Limited,SES,sg_market,EQUITY
K29.SI,Karin Tech,Karin Technology Holdings Limited,SES,sg_market,EQUITY
TVV.SI,$ OxPay Financial,OxPay Financial Limited,SES,sg_market,EQUITY
BJZ.SI,Koda,Koda Ltd,SES,sg_market,EQUITY
42E.SI,$ Choo Chiang,Choo Chiang Holdings Ltd.,SES,sg_market,EQUITY
Y3D.SI,MDR Limited,mDR Limited,SES,sg_market,EQUITY
WPC.SI,$ Vallianz,Vallianz Holdings Limited,SES,sg_market,EQUITY
5CF.SI,OKP,OKP Holdings Limited,SES,sg_market,EQUITY
K1Q.SI,TTJ,T T J Holdings Limited,SES,sg_market,EQUITY
BDR.SI,Willas-Array,Willas-Array Electronics (Holdings) Limited,SES,sg_market,EQUITY
C05.SI,Chemical Ind,Chemical Industries (Far East) Limited,SES,sg_market,EQUITY
43A.SI,$ GS Hldg,GS Holdings Limited,SES,sg_market,EQUITY
40D.SI,$ Starburst,Starburst Holdings Limited,SES,sg_market,EQUITY
BFI.SI,Tiong Seng,Tiong Seng Holdings Limited,SES,sg_market,EQUITY
G50.SI,Grand Banks,Grand Banks Yachts Limited,SES,sg_market,EQUITY
CNE.SI,MindChamps,MindChamps PreSchool Limited,SES,sg_market,EQUITY
BXE.SI,CDW,CDW Holding Limited,SES,sg_market,EQUITY
E6R.SI,Samko Timber,Samko Timber Limited,SES,sg_market,EQUITY
5DS.SI,$ MegaChem,Megachem Limited,SES,sg_market,EQUITY
5G2.SI,$ Kim Heng,Kim Heng Limited,SES,sg_market,EQUITY
GRQ.SI,$ Don Agro,Don Agro International Limited,SES,sg_market,EQUITY
T55.SI,TIH,TIH Limited,SES,sg_market,EQUITY
1H8.SI,$ LY Corp,LY Corporation Limited,SES,sg_market,EQUITY
BIX.SI,Ellipsiz,Ellipsiz Ltd,SES,sg_market,EQUITY
OTS.SI,$ OTS Holdings,OTS Holdings Limited,SES,sg_market,EQUITY
M05.SI,MTQ,MTQ Corporation Limited,SES,sg_market,EQUITY
A55.SI,Asia Enterprises,Asia Enterprises Holding Limited,SES,sg_market,EQUITY
S71.SI,Sunright,Sunright Limited,SES,sg_market,EQUITY
CTO.SI,Hong Lai Huat,Hong Lai Huat Group Limited,SES,sg_market,EQUITY
5BI.SI,$ Polaris,Polaris Ltd.,SES,sg_market,EQUITY
5MZ.SI,KingsmenCreative,Kingsmen Creatives Ltd.,SES,sg_market,EQUITY
I06.SI,Intraco,Intraco Limited,SES,sg_market,EQUITY
V3M.SI,$ Metech Intl,Metech International Limited,SES,sg_market,EQUITY
C06.SI,CSC,CSC Holdings Limited,SES,sg_market,EQUITY
BTG.SI,HG Metal,HG Metal Manufacturing Limited,SES,sg_market,EQUITY
5PC.SI,Goodland,Goodland Group Limited,SES,sg_market,EQUITY
S29.SI,Stamford Tyres,Stamford Tyres Corporation Limited,SES,sg_market,EQUITY
N01.SI,NeraTel,Nera Telecommunications Ltd,SES,sg_market,EQUITY
8YY.SI,$ Biolidics,Biolidics Limited,SES,sg_market,EQUITY
1Y1.SI,$ VikingOffshore,Viking Offshore and Marine Limited,SES,sg_market,EQUITY
BKA.SI,Sin Heng Mach,Sin Heng Heavy Machinery Limited,SES,sg_market,EQUITY
5G1.SI,$ EuroSports Gbl,EuroSports Global Limited,SES,sg_market,EQUITY
KJ5.SI,BBR,BBR Holdings (S) Ltd,SES,sg_market,EQUITY
B26.SI,Ban Leong,Ban Leong Technologies Limited,SES,sg_market,EQUITY
502.SI,$ 3Cnergy,3Cnergy Limited,SES,sg_market,EQUITY
BHU.SI,SUTL Enterprise,SUTL Enterprise Limited,SES,sg_market,EQUITY
PA3.SI,TA,TA Corporation Ltd,SES,sg_market,EQUITY
41F.SI,$ GSS Energy,GSS Energy Limited,SES,sg_market,EQUITY
AWS.SI,GYP Properties,GYP Properties Limited,SES,sg_market,EQUITY
5F7.SI,$ Wilton Resources,Wilton Resources Corporation Limited,SES,sg_market,EQUITY
541.SI,$ Abundance Intl,Abundance International Limited,SES,sg_market,EQUITY
BEI.SI,LHT,LHT Holdings Limited,SES,sg_market,EQUITY
VFP.SI,$ Beverly JCG,Beverly JCG Ltd.,SES,sg_market,EQUITY
42L.SI,$ Taka Jewellery,Taka Jewellery Holdings Limited,SES,sg_market,EQUITY
5RA.SI,$ AP Strategic,Asia-Pacific Strategic Investments Limited,SES,sg_market,EQUITY
540.SI,$ Tung Lok Rest,Tung Lok Restaurants (2000) Ltd,SES,sg_market,EQUITY
BQP.SI,Southern Pkg,Southern Packaging Group Limited,SES,sg_market,EQUITY
BTJ.SI,A-Sonic Aero^,A-Sonic Aerospace Limited,SES,sg_market,EQUITY
43Q.SI,$ Advancer Global,Advancer Global Limited,SES,sg_market,EQUITY
MIJ.SI,$ Alliance HC,Alliance Healthcare Group Limited,SES,sg_market,EQUITY
1A1.SI,$ Wong Fong Ind,Wong Fong Industries Limited,SES,sg_market,EQUITY
1AZ.SI,$ Audience,Audience Analytics Limited,SES,sg_market,EQUITY
Y45.SI,SMI Vantage^,SMI Vantage Limited,SES,sg_market,EQUITY
DRX.SI,$ ST Group Food,ST Group Food Industries Holdings Limited,SES,sg_market,EQUITY
C13.SI,CH Offshore,CH Offshore Ltd.,SES,sg_market,EQUITY
XCF.SI,$ KTMG,KTMG Limited,SES,sg_market,EQUITY
5UL.SI,$ Atlantic Nav,Atlantic Navigation Holdings (Singapore) Limited,SES,sg_market,EQUITY
BFU.SI,Tye Soon,Tye Soon Limited,SES,sg_market,EQUITY
A04.SI,ASL Marine^,ASL Marine Holdings Ltd.,SES,sg_market,EQUITY
O08.SI,Ossia Intl^,Ossia International Limited,SES,sg_market,EQUITY
BAZ.SI,Lion Asiapac,Lion Asiapac Limited,SES,sg_market,EQUITY
S3N.SI,OKH Global,OKH Global Ltd.,SES,sg_market,EQUITY
5I4.SI,$ ICP Ltd,ICP Ltd.,SES,sg_market,EQUITY
BQD.SI,Envictus,Envictus International Holdings Limited,SES,sg_market,EQUITY
5EG.SI,$ Zhongxin Fruit,Zhongxin Fruit and Juice Limited,SES,sg_market,EQUITY
FRQ.SI,$ Sing Paincare,Singapore Paincare Holdings Limited,SES,sg_market,EQUITY
42W.SI,$ China Star Food,China Star Food Group Limited,SES,sg_market,EQUITY
AZT.SI,NutryFarm,NutryFarm International Limited,SES,sg_market,EQUITY
BRD.SI,Sapphire,Sapphire Corporation Limited,SES,sg_market,EQUITY
A31.SI,Addvalue Tech,Addvalue Technologies Ltd,SES,sg_market,EQUITY
43B.SI,$ Secura,Secura Group Limited,SES,sg_market,EQUITY
5AU.SI,AP Oil,AP Oil International Limited,SES,sg_market,EQUITY
AXB.SI,Yongnam,Yongnam Holdings Limited,SES,sg_market,EQUITY
OTX.SI,$ Medinex,Medinex Limited,SES,sg_market,EQUITY
5AB.SI,Trek 2000 Intl,Trek 2000 International Ltd,SES,sg_market,EQUITY
5GI.SI,Interra Resource^,Interra Resources Limited,SES,sg_market,EQUITY
B9S.SI,CosmoSteel^,CosmoSteel Holdings Limited,SES,sg_market,EQUITY
MF6.SI,Mun Siong Engg,Mun Siong Engineering Limited,SES,sg_market,EQUITY
5NV.SI,Chasen,Chasen Holdings Limited,SES,sg_market,EQUITY
AVX.SI,HL Global Ent,HL Global Enterprises Limited,SES,sg_market,EQUITY
49B.SI,AMOS Group,AMOS Group Limited,SES,sg_market,EQUITY
567.SI,$ Colex,Colex Holdings Limited,SES,sg_market,EQUITY
504.SI,$ HS Optimus,HS Optimus Holdings Limited,SES,sg_market,EQUITY
RCU.SI,$ Revez,Revez Corporation Ltd.,SES,sg_market,EQUITY
XVG.SI,$ Aedge Group,Aedge Group Limited,SES,sg_market,EQUITY
N0Z.SI,Combine Will,Combine Will International Holdings Limited,SES,sg_market,EQUITY
BKW.SI,Datapulse Tech,Datapulse Technology Limited,SES,sg_market,EQUITY
554.SI,King Wan,King Wan Corporation Limited,SES,sg_market,EQUITY
AJ2.SI,Ouhua Energy,Ouhua Energy Holdings Limited,SES,sg_market,EQUITY
AYN.SI,Global Testing,Global Testing Corporation Limited,SES,sg_market,EQUITY
40W.SI,$ ZICO Hldgs,ZICO Holdings Inc.,SES,sg_market,EQUITY
5DX.SI,$ Metal Component,Metal Component Engineering Limited,SES,sg_market,EQUITY
F10.SI,$ FJ Benjamin,F J Benjamin Holdings Ltd,SES,sg_market,EQUITY
42N.SI,$ IPS Securex,IPS Securex Holdings Limited,SES,sg_market,EQUITY
AWE.SI,SP Corp,SP Corporation Limited,SES,sg_market,EQUITY
BCV.SI,Qian Hu,Qian Hu Corporation Limited,SES,sg_market,EQUITY
BLA.SI,Union Steel,Union Steel Holdings Limited,SES,sg_market,EQUITY
AOF.SI,$ Amplefield Ltd,Amplefield Limited,SES,sg_market,EQUITY
5GZ.SI,$ HGH,HGH Holdings Ltd.,SES,sg_market,EQUITY
41T.SI,$ GCCP,GCCP Resources Limited,SES,sg_market,EQUITY
AWC.SI,Brook Crompton,Brook Crompton Holdings Ltd.,SES,sg_market,EQUITY
594.SI,$ CapAllianz,CapAllianz Holdings Limited,SES,sg_market,EQUITY
OMK.SI,$ Vividthree,Vividthree Holdings Ltd.,SES,sg_market,EQUITY
BLU.SI,GRP,GRP Limited,SES,sg_market,EQUITY
5KI.SI,Soup Restaurant,Soup Restaurant Group Limited,SES,sg_market,EQUITY
5TY.SI,$ Advanced Systems,Advanced Systems Automation Limited,SES,sg_market,EQUITY
5VI.SI,$ Boldtek,Boldtek Holdings Limited,SES,sg_market,EQUITY
1E3.SI,$ Sanli Env,Sanli Environmental Limited,SES,sg_market,EQUITY
1A0.SI,$ Katrina,Katrina Group Ltd.,SES,sg_market,EQUITY
5HH.SI,$ Sinjia Land,Sinjia Land Limited,SES,sg_market,EQUITY
RS1.SI,China Env Res,China Environmental Resources Group Limited,SES,sg_market,EQUITY
5EW.SI,$ Pan Asian,Pan Asian Holdings Limited,SES,sg_market,EQUITY
A52.SI,$ AnnAik,AnnAik Limited,SES,sg_market,EQUITY
C04.SI,Casa,Casa Holdings Limited,SES,sg_market,EQUITY
5LE.SI,$ Sitra,Sitra Holdings (International) Limited,SES,sg_market,EQUITY
5EV.SI,$ Hosen,Hosen Group Ltd.,SES,sg_market,EQUITY
5HG.SI,$ Edition,Edition Ltd.,SES,sg_market,EQUITY
BAI.SI,$ Digilife Tech,Digilife Technologies Limited,SES,sg_market,EQUITY
BKV.SI,Shenshan^,China Shenshan Orchard Holdings Co. Ltd.,SES,sg_market,EQUITY
5F4.SI,$ Figtree,Figtree Holdings Limited,SES,sg_market,EQUITY
5PO.SI,$ Hiap Tong,Hiap Tong Corporation Ltd.,SES,sg_market,EQUITY
5EB.SI,$ CFM,CFM Holdings Limited,SES,sg_market,EQUITY
5AI.SI,$ P5 Capital,P5 Capital Holdings Ltd.,SES,sg_market,EQUITY
QS9.SI,G Invacom,Global Invacom Group Limited,SES,sg_market,EQUITY
5G9.SI,$ Tritech,Tritech Group Limited,SES,sg_market,EQUITY
Q0X.SI,$ Ley Choon,Ley Choon Group Holdings Limited,SES,sg_market,EQUITY
J03.SI,Jadason,Jadason Enterprises Ltd,SES,sg_market,EQUITY
575.SI,ASTI^,ASTI Holdings Limited,SES,sg_market,EQUITY
QZG.SI,$ Accrelist Ltd,Accrelist Ltd.,SES,sg_market,EQUITY
BLR.SI,Darco Water Tech,Darco Water Technologies Limited,SES,sg_market,EQUITY
NHD.SI,$ Jubilee,Jubilee Industries Holdings Ltd.,SES,sg_market,EQUITY
505.SI,$ AsiaMedic,AsiaMedic Limited,SES,sg_market,EQUITY
5AL.SI,$ Annica,Annica Holdings Limited,SES,sg_market,EQUITY
YYN.SI,$ PlatoCapital,Plato Capital Limited,SES,sg_market,EQUITY
583.SI,$ Progen,Progen Holdings Ltd,SES,sg_market,EQUITY
BEZ.SI,Beng Kuang,Beng Kuang Marine Limited,SES,sg_market,EQUITY
5EK.SI,$ SinoCloud,SinoCloud Group Limited,SES,sg_market,EQUITY
1G6.SI,$ No Signboard,No Signboard Holdings Ltd.,SES,sg_market,EQUITY
5UA.SI,$ Luminor,Luminor Financial Holdings Limited,SES,sg_market,EQUITY
5EF.SI,$ Adventus,Adventus Holdings Limited,SES,sg_market,EQUITY
41B.SI,$ Huationg Global,Huationg Global Limited,SES,sg_market,EQUITY
581.SI,$ Sunrise Shares,Sunrise Shares Holdings Ltd.,SES,sg_market,EQUITY
N32.SI,$ Nippecraft,Nippecraft Limited,SES,sg_market,EQUITY
BHD.SI,China Mining,China Mining International Limited,SES,sg_market,EQUITY
5FX.SI,$ New Wave,New Wave Holdings Ltd.,SES,sg_market,EQUITY
AWK.SI,Fuxing China,Fuxing China Group Limited,SES,sg_market,EQUITY
5QY.SI,$ Net Pacific Fin,Net Pacific Financial Holdings Limited,SES,sg_market,EQUITY
M03.SI,$ Miyoshi,Miyoshi Limited,SES,sg_market,EQUITY
5NF.SI,Mencast^,Mencast Holdings Ltd.,SES,sg_market,EQUITY
1F0.SI,$ Shopper360,shopper360 Limited,SES,sg_market,EQUITY
FQ7.SI,Jasper Inv,Jasper Investments Limited,SES,sg_market,EQUITY
5DO.SI,Sakae,Sakae Holdings Ltd.,SES,sg_market,EQUITY
5I0.SI,$ QT Vascular,QT Vascular Ltd.,SES,sg_market,EQUITY
AZA.SI,IPC Corp,IPC Corporation Ltd,SES,sg_market,EQUITY
PRH.SI,$ Livingstone,Livingstone Health Holdings Limited,SES,sg_market,EQUITY
41H.SI,$ BlackGoldNatural,BlackGold Natural Resources Limited,SES,sg_market,EQUITY
SJY.SI,$ MeGroup,MeGroup Ltd.,SES,sg_market,EQUITY
V2Y.SI,$ V2Y Corp,V2Y Corporation Ltd.,SES,sg_market,EQUITY
585.SI,$ Asian Micro,Asian Micro Holdings Limited,SES,sg_market,EQUITY
I11.SI,Renaissance United,Renaissance United Limited,SES,sg_market,EQUITY
5TJ.SI,$ Far East,Far East Group Limited,SES,sg_market,EQUITY
5OC.SI,$ Koyo Intl,Koyo International Limited,SES,sg_market,EQUITY
584.SI,$ OEL,OEL (Holdings) Limited,SES,sg_market,EQUITY
BBP.SI,Hor Kew,Hor Kew Corporation Limited,SES,sg_market,EQUITY
5HT.SI,$ Imperium Crown,Imperium Crown Limited,SES,sg_market,EQUITY
5TN.SI,$ Medi Lifestyle,Medi Lifestyle Limited,SES,sg_market,EQUITY
5WV.SI,$ AsiaPhos,AsiaPhos Limited,SES,sg_market,EQUITY
BTX.SI,Anchun Intl,Anchun International Holdings Ltd.,SES,sg_market,EQUITY
5RE.SI,$ Asia Vets,Asia Vets Holdings Ltd.,SES,sg_market,EQUITY
5CR.SI,$ Asiatic,Asiatic Group (Holdings) Limited,SES,sg_market,EQUITY
43F.SI,$ Acromec,Acromec Limited,SES,sg_market,EQUITY
1J7.SI,$ Jawala,Jawala Inc.,SES,sg_market,EQUITY
YYB.SI,$ Arion Ent,Arion Entertainment Singapore Limited,SES,sg_market,EQUITY
1F1.SI,$ Y Ventures,Y Ventures Group Ltd.,SES,sg_market,EQUITY
5OQ.SI,$ Teho Intl,TEHO International Inc Ltd.,SES,sg_market,EQUITY
BKZ.SI,Suntar Eco-City,Suntar Eco-City Limited,SES,sg_market,EQUITY
40E.SI,$ Spackman,Spackman Entertainment Group Limited,SES,sg_market,EQUITY
BLZ.SI,$ Advanced,Advanced Holdings Ltd.,SES,sg_market,EQUITY
RDR.SI,$ Incredible,Incredible Holdings Ltd.,SES,sg_market,EQUITY
40N.SI,$ Versalink,Versalink Holdings Limited,SES,sg_market,EQUITY
M15.SI,$ Matex Intl,Matex International Limited,SES,sg_market,EQUITY
5OX.SI,$ Mary Chia,Mary Chia Holdings Limited,SES,sg_market,EQUITY
1H2.SI,$ Olive Tree,Olive Tree Estates Limited,SES,sg_market,EQUITY
42Z.SI,$ Eindec,Eindec Corporation Limited,SES,sg_market,EQUITY
O9E.SI,Parkson Retail^,Parkson Retail Asia Limited,SES,sg_market,EQUITY
Y06.SI,Green Build,Green Build Technology Limited,SES,sg_market,EQUITY
5HC.SI,$ Ntegrator Intl,Ntegrator International Ltd.,SES,sg_market,EQUITY
GU5.SI,$ ChinaKundaTech,China Kunda Technology Holdings Limited,SES,sg_market,EQUITY
E9L.SI,$ Joyas Intl,Joyas International Holdings Limited,SES,sg_market,EQUITY
H20.SI,Hoe Leong,Hoe Leong Corporation Ltd.,SES,sg_market,EQUITY
1D3.SI,$ LifeBrandz,LifeBrandz Ltd.,SES,sg_market,EQUITY
KUH.SI,$ TSH,TSH Corporation Limited,SES,sg_market,EQUITY
BRS.SI,USP Group^,USP Group Limited,SES,sg_market,EQUITY
BJD.SI,VibroPower,VibroPower Corporation Limited,SES,sg_market,EQUITY
5OR.SI,$ Heatec Jietong,Heatec Jietong Holdings Ltd.,SES,sg_market,EQUITY
BKK.SI,Luxking,Luxking Group Holdings Limited,SES,sg_market,EQUITY
LUY.SI,Raffles Infrastructure^,Raffles Infrastructure Holdings Limited,SES,sg_market,EQUITY
AYV.SI,Acma,Acma Ltd.,SES,sg_market,EQUITY
SSS.SI,PHIL Short SiMSCI-1X S$,Phillip MSCI Singapore Daily (-1X) Inverse Product,SES,sg_market,EQUITY
YYR.SI,Lion-OSPL China L CNY,Lion-OCBC Securities China Leaders ETF,SES,sg_market,EQUITY
CWCU.SI,Cromwell Reit SGD,Cromwell European Real Estate Investment Trust,SES,sg_market,EQUITY
LSS.SI,PHIL Long SiMSCI2X S$,Phillip MSCI Singapore Daily (2X) Leveraged Product,SES,sg_market,EQUITY
SSU.SI,,Phillip MSCI Singapore Daily (-1X) Inverse Product,SES,sg_market,EQUITY
GSD.SI,GLD SG$,SPDR Gold Trust,SES,sg_market,EQUITY
YYY.SI,Lion-OSPL China L S$,Lion-OCBC Securities China Leaders ETF,SES,sg_market,EQUITY
SRT.SI,CSOP iEdge SREIT ETF S$,Csop Asset Management Limited - CSOP iEdge S-REIT Leaders Index ETF,SES,sg_market,EQUITY
1V3.SI,$ Mooreast,Mooreast Holdings Ltd.,SES,sg_market,EQUITY
SRU.SI,CSOP iEdge SREIT ETF US$,Csop Asset Management Limited - CSOP iEdge S-REIT Leaders Index ETF,SES,sg_market,EQUITY
1R6.SI,,Avi-Tech Holdings Limited,SES,sg_market,EQUITY
GRN.SI,UOB AP GRN REIT S$,UOB Asset Management Limited- UOB APAC Green REIT ETF,SES,sg_market,EQUITY
C70.SI,CITYDEV NCCPS,City Developments Limited 3.9% NCCPS,SES,sg_market,EQUITY
XWA.SI,,AEM Holdings Ltd,SES,sg_market,EQUITY
