symbol,shortName,longName,exchange,market,quoteType
QNBK.QA,Qatar National Bank QPSC,Qatar National Bank (Q.P.S.C.),DOH,qa_market,EQUITY
IQCD.QA,Industries Qatar QPSC,Industries Qatar Q.P.S.C.,DOH,qa_market,EQUITY
MARK.QA,Masraf Al Rayan QPSC,Masraf Al Rayan (Q.P.S.C.),DOH,qa_market,EQUITY
QIBK.QA,Qatar Islamic Bank QPSC,Qatar Islamic Bank (Q.P.S.C.),DOH,qa_market,EQUITY
ERES.QA,Ezdan Holding Group QPSC,Ezdan Holding Group Q.P.S.C.,DOH,qa_market,EQUITY
MPHC.QA,Mesaieed Petrochemical Holding ,Mesaieed Petrochemical Holding Company Q.P.S.C.,DOH,qa_market,EQUITY
CBQK.QA,The Commercial Bank PSQC,The Commercial Bank (P.S.Q.C.),DOH,qa_market,EQUITY
ORDS.QA,Ooredoo QPSC,Ooredoo Q.P.S.C.,DOH,qa_market,EQUITY
QEWS.QA,Qatar Electricity and Water QPS,Qatar Electricity & Water Company Q.P.S.C.,DOH,qa_market,EQUITY
QGTS.QA,Qatar Gas Transport Ltd QPSC,Qatar Gas Transport Company Limited (Nakilat) (QPSC),DOH,qa_market,EQUITY
QFLS.QA,Qatar Fuel QPSC,"Qatar Fuel Company Q.P.S.C.(""WOQOD"")",DOH,qa_market,EQUITY
QIIK.QA,Qatar International Islamic Ban,Qatar International Islamic Bank (Q.P.S.C),DOH,qa_market,EQUITY
BRES.QA,Barwa Real Estate QPSC,Barwa Real Estate Company Q.P.S.C.,DOH,qa_market,EQUITY
QAMC.QA,Qatar Aluminium Manufacturing Q,Qatar Aluminium Manufacturing Company Q.P.S.C.,DOH,qa_market,EQUITY
ABQK.QA,Ahli BanK QPSC,Ahli Bank Q.P.S.C.,DOH,qa_market,EQUITY
DHBK.QA,Doha Bank QPSC,Doha Bank Q.P.S.C.,DOH,qa_market,EQUITY
QNNS.QA,Qatar Navigation QPSC,Qatar Navigation Q.P.S.C.,DOH,qa_market,EQUITY
QATI.QA,Qatar Insurance QSPC,Qatar Insurance Company Q.S.P.C.,DOH,qa_market,EQUITY
AHCS.QA,Aamal QPSC,Aamal Company Q.P.S.C.,DOH,qa_market,EQUITY
VFQS.QA,Vodafone Qatar PQSC,Vodafone Qatar P.Q.S.C.,DOH,qa_market,EQUITY
UDCD.QA,United Development QPSC,United Development Company Q.P.S.C.,DOH,qa_market,EQUITY
ZHCD.QA,Zad Holding QPSC,Zad Holding Company Q.P.S.C.,DOH,qa_market,EQUITY
MERS.QA,Al Meera Consumer Goods QPSC,Al Meera Consumer Goods Company Q.P.S.C.,DOH,qa_market,EQUITY
QNCD.QA,Qatar National Cement QPSC,Qatar National Cement Company (Q.P.S.C.),DOH,qa_market,EQUITY
GISS.QA,Gulf International Services QPS,Gulf International Services Q.P.S.C.,DOH,qa_market,EQUITY
BLDN.QA,Baladna QPSC,Baladna Q.P.S.C.,DOH,qa_market,EQUITY
QIGD.QA,Qatari Investors Group QPSC,Qatari Investors Group Q.S.C.,DOH,qa_market,EQUITY
GWCS.QA,Gulf Warehousing QPSC,Gulf Warehousing Company Q.P.S.C.,DOH,qa_market,EQUITY
MCGS.QA,Medicare Group QPSC,Medicare Group Q.P.S.C.,DOH,qa_market,EQUITY
MCCS.QA,Mannai Corporation QPSC,Mannai Corporation Q.P.S.C.,DOH,qa_market,EQUITY
QLMI.QA,QLM Life and Medical Insurance ,QLM Life & Medical Insurance Company Q.P.S.C.,DOH,qa_market,EQUITY
QGRI.QA,Qatar General Insurance and Rei,Qatar General Insurance & Reinsurance Company Q.P.S.C.,DOH,qa_market,EQUITY
QIMD.QA,Qatar Industrial Manufacturing ,Qatar Industrial Manufacturing Company Q.P.S.C.,DOH,qa_market,EQUITY
QFBQ.QA,Qatar First Bank LLC,Qatar First Bank L.L.C (Public),DOH,qa_market,EQUITY
QISI.QA,Qatar Islamic Insurance Group Q,Qatar Islamic Insurance Group  Q.P.S.C.,DOH,qa_market,EQUITY
MRDS.QA,Mazaya Real Estate Development ,Mazaya Real Estate Development Q.P.S.C.,DOH,qa_market,EQUITY
IGRD.QA,Investment Holding Group QPSC,Investment Holding Group - Q.P.S.C.,DOH,qa_market,EQUITY
SIIS.QA,Salam International Investment ,Salam International Investment Limited Q.P.S.C.,DOH,qa_market,EQUITY
AKHI.QA,Al Khaleej Takaful Insurance QP,Al Khaleej Takaful Insurance Company Q.P.S.C.,DOH,qa_market,EQUITY
DOHI.QA,Doha Insurance Group QPSC,Doha Insurance Group Q.P.S.C.,DOH,qa_market,EQUITY
WDAM.QA,Widam Food QPSC,Widam Food Company Q.P.S.C.,DOH,qa_market,EQUITY
NLCS.QA,National Leasing Holding QPSC,Alijarah Holding (Q.P.S.C.),DOH,qa_market,EQUITY
QGMD.QA,Qatari German for Medical Devic,Qatari German Company for Medical Devices (Q.P.S.C.),DOH,qa_market,EQUITY
DBIS.QA,Dlala Brokerage and Investment ,Dlala Brokerage and Investment Holding Company Q.P.S.C.,DOH,qa_market,EQUITY
QOIS.QA,Qatar Oman Investment QPSC,Qatar Oman Investment Company Q.S.C.,DOH,qa_market,EQUITY
QCFS.QA,Qatar Cinema and Film Distribut,Qatar Cinema and Film Distribution Company - Q.S.C,DOH,qa_market,EQUITY
IHGS.QA,Inma Holding QPSC,Islamic Holding Group (Q.P.S.C),DOH,qa_market,EQUITY
FALH.QA,Al Faleh Educational Holding QP,Al Faleh Educational Holding,DOH,qa_market,EQUITY
MKDM.QA,Mekdam Holding Group QPSC,Mekdam Holding Group - Q.P.S.C.,DOH,qa_market,EQUITY
