symbol,shortName,longName,exchange,market,quoteType
EQNR.OL,EQUINOR,Equinor ASA,OSL,no_market,EQUITY
DNB.OL,DNB BANK ASA,DNB Bank ASA,OSL,no_market,EQUITY
TEL.OL,TELENOR,Telenor ASA,OSL,no_market,EQUITY
NHY.OL,NORSK HYDRO,Norsk Hydro ASA,OSL,no_market,EQUITY
ADE.OL,ADEVINTA,Adevinta ASA,OSL,no_market,EQUITY
AUTO.OL,AUTOSTORE HOLDINGS LTD.,AutoStore Holdings Ltd.,OSL,no_market,EQUITY
YAR.OL,YARA INTERNATIONAL,Yara International ASA,OSL,no_market,EQUITY
MOWI.OL,MOWI,Mowi ASA,OSL,no_market,EQUITY
GJF.OL,GJENSIDIGE FORSIKRING,Gjensidige Forsikring ASA,OSL,no_market,EQUITY
AKRBP.OL,AKER BP,Aker BP ASA,OSL,no_market,EQUITY
TOM.OL,TOMRA SYSTEMS,Tomra Systems ASA,OSL,no_market,EQUITY
ORK.OL,ORKLA,Orkla ASA,OSL,no_market,EQUITY
SCHA.OL,SCHIBSTED SER. A,Schibsted ASA,OSL,no_market,EQUITY
SCHB.OL,SCHIBSTED SER. B,Schibsted ASA,OSL,no_market,EQUITY
SALM.OL,SALMAR,SalMar ASA,OSL,no_market,EQUITY
AKER.OL,AKER,Aker ASA,OSL,no_market,EQUITY
NOD.OL,NORDIC SEMICONDUCTOR,Nordic Semiconductor ASA,OSL,no_market,EQUITY
KOG.OL,KONGSBERG GRUPPEN,Kongsberg Gruppen ASA,OSL,no_market,EQUITY
STB.OL,STOREBRAND,Storebrand ASA,OSL,no_market,EQUITY
LSG.OL,LERØY SEAFOOD GROUP,Lerøy Seafood Group ASA,OSL,no_market,EQUITY
ENTRA.OL,ENTRA,Entra ASA,OSL,no_market,EQUITY
SRBNK.OL,SPAREBANK 1 SR-BANK,SpareBank 1 SR-Bank ASA,OSL,no_market,EQUITY
BAKKA.OL,BAKKAFROST,P/F Bakkafrost,OSL,no_market,EQUITY
TIETO.OL,TIETOEVRY,TietoEVRY Oyj,OSL,no_market,EQUITY
AFK.OL,ARENDALS FOSSEKOMPANI,Arendals Fossekompani ASA,OSL,no_market,EQUITY
WAWI.OL,WALLENIUS WILHELMSEN,Wallenius Wilhelmsen ASA,OSL,no_market,EQUITY
NYKD.OL,NYKODE THERAPEUTICS AS,Nykode Therapeutics AS,OSL,no_market,EQUITY
SCATC.OL,SCATEC ASA,Scatec ASA,OSL,no_market,EQUITY
AUSS.OL,AUSTEVOLL SEAFOOD,Austevoll Seafood ASA,OSL,no_market,EQUITY
KAHOT.OL,KAHOOT! ASA,Kahoot! ASA,OSL,no_market,EQUITY
BRG.OL,BORREGAARD,Borregaard ASA,OSL,no_market,EQUITY
NEL.OL,NEL,Nel ASA,OSL,no_market,EQUITY
AFG.OL,AF GRUPPEN,AF Gruppen ASA,OSL,no_market,EQUITY
OLT.OL,OLAV THON EIENDOMSSELSKAP,Olav Thon Eiendomsselskap ASA,OSL,no_market,EQUITY
SUBC.OL,SUBSEA 7,Subsea 7 S.A.,OSL,no_market,EQUITY
MING.OL,SPAREBANK 1 SMN,SpareBank 1 SMN,OSL,no_market,EQUITY
ELK.OL,ELKEM,Elkem ASA,OSL,no_market,EQUITY
AKH.OL,AKER HORIZONS ASA,Aker Horizons ASA,OSL,no_market,EQUITY
VEI.OL,VEIDEKKE,Veidekke ASA,OSL,no_market,EQUITY
ATEA.OL,ATEA,Atea ASA,OSL,no_market,EQUITY
SPOL.OL,SPAREBANK 1 ØSTLANDET,SpareBank 1 Østlandet,OSL,no_market,EQUITY
BONHR.OL,BONHEUR,Bonheur ASA,OSL,no_market,EQUITY
ACC.OL,AKER CARBON CAPTURE ASA,Aker Carbon Capture ASA,OSL,no_market,EQUITY
CRAYN.OL,CRAYON GROUP HOLDING,Crayon Group Holding ASA,OSL,no_market,EQUITY
FRO.OL,FRONTLINE,Frontline Ltd.,OSL,no_market,EQUITY
GOGL.OL,GOLDEN OCEAN GROUP,Golden Ocean Group Limited,OSL,no_market,EQUITY
BEWI.OL,BEWI,BEWi ASA,OSL,no_market,EQUITY
MPCC.OL,MPC CONTAINER SHIPS,MPC Container Ships ASA,OSL,no_market,EQUITY
NTS.OL,NTS,NTS ASA,OSL,no_market,EQUITY
NONG.OL,SPAREBANK 1 NORD-NORGE,SpareBank 1 Nord-Norge,OSL,no_market,EQUITY
NAS.OL,NORWEGIAN AIR SHUTTLE,Norwegian Air Shuttle ASA,OSL,no_market,EQUITY
AKSO.OL,AKER SOLUTIONS,Aker Solutions ASA,OSL,no_market,EQUITY
EPR.OL,EUROPRIS,Europris ASA,OSL,no_market,EQUITY
SVEG.OL,SPAREBANKEN VEST,Sparebanken Vest,OSL,no_market,EQUITY
DNO.OL,DNO,DNO ASA,OSL,no_market,EQUITY
TGS.OL,TGS ASA,TGS ASA,OSL,no_market,EQUITY
WWI.OL,WILH. WILHELMSEN HOLDING SER. A,Wilh. Wilhelmsen Holding ASA,OSL,no_market,EQUITY
WWIB.OL,WILH. WILHELMSEN HOLDING SER. B,Wilh. Wilhelmsen Holding ASA,OSL,no_market,EQUITY
SASNO.OL,SAS AB,SAS AB (publ),OSL,no_market,EQUITY
SBANK.OL,SBANKEN,Sbanken ASA,OSL,no_market,EQUITY
FLNG.OL,FLEX LNG,FLEX LNG Ltd.,OSL,no_market,EQUITY
GSF.OL,GRIEG SEAFOOD,Grieg Seafood ASA,OSL,no_market,EQUITY
SNI.OL,STOLT-NIELSEN,Stolt-Nielsen Limited,OSL,no_market,EQUITY
PROT.OL,PROTECTOR FORSIKRING,Protector Forsikring ASA,OSL,no_market,EQUITY
VOLUE.OL,VOLUE ASA,Volue ASA,OSL,no_market,EQUITY
SOON.OL,SPAREBANK 1 SØRØST-NORGE,SpareBank 1 Sørøst-Norge,OSL,no_market,EQUITY
MWTR.OL,MELTWATER N.V.,Meltwater N.V.,OSL,no_market,EQUITY
BOUV.OL,BOUVET,Bouvet ASA,OSL,no_market,EQUITY
SEAW7.OL,SEAWAY 7 ASA,Seaway 7 ASA,OSL,no_market,EQUITY
ELO.OL,ELOPAK ASA,Elopak ASA,OSL,no_market,EQUITY
NRS.OL,NORWAY ROYAL SALMON,Norway Royal Salmon AS,OSL,no_market,EQUITY
MEDI.OL,MEDISTIM,Medistim ASA,OSL,no_market,EQUITY
BWLPG.OL,BW LPG,BW LPG Limited,OSL,no_market,EQUITY
HEX.OL,HEXAGON COMPOSITES,Hexagon Composites ASA,OSL,no_market,EQUITY
HAFNI.OL,HAFNIA LIMITED,Hafnia Limited,OSL,no_market,EQUITY
RECSI.OL,REC SILICON,REC Silicon ASA,OSL,no_market,EQUITY
BWE.OL,BW ENERGY LIMITED,BW Energy Limited,OSL,no_market,EQUITY
RAKP.OL,RAK PETROLEUM,RAK Petroleum plc,OSL,no_market,EQUITY
HPUR.OL,HEXAGON PURUS ASA,Hexagon Purus ASA,OSL,no_market,EQUITY
FKRFT.OL,FJORDKRAFT HOLDING,Fjordkraft Holding ASA,OSL,no_market,EQUITY
RING.OL,SPAREBANK 1 RINGERIKE HADELAND,SpareBank 1 Ringerike Hadeland,OSL,no_market,EQUITY
KOMPL.OL,KOMPLETT ASA,Komplett ASA,OSL,no_market,EQUITY
HAUTO.OL,HOEGH AUTOLINERS ASA,Höegh Autoliners ASA,OSL,no_market,EQUITY
LINK.OL,LINK MOBILITY GROUP HOLDING,LINK Mobility Group Holding ASA,OSL,no_market,EQUITY
MAS.OL,MÅSØVAL AS,Måsøval AS,OSL,no_market,EQUITY
ODL.OL,ODFJELL DRILLING,Odfjell Drilling Ltd.,OSL,no_market,EQUITY
BWO.OL,BW OFFSHORE LIMITED,BW Offshore Limited,OSL,no_market,EQUITY
ZAP.OL,ZAPTEC,Zaptec AS,OSL,no_market,EQUITY
FROY.OL,FRØY ASA,Frøy ASA,OSL,no_market,EQUITY
SBO.OL,SELVAAG BOLIG,Selvaag Bolig ASA,OSL,no_market,EQUITY
QFUEL.OL,QUANTAFUEL,Quantafuel ASA,OSL,no_market,EQUITY
POL.OL,POLARIS MEDIA,Polaris Media ASA,OSL,no_market,EQUITY
KIT.OL,KITRON,Kitron ASA,OSL,no_market,EQUITY
CADLR.OL,CADELER A/S,Cadeler A/S,OSL,no_market,EQUITY
ISLAX.OL,ICELANDIC SALMON,Icelandic Salmon AS,OSL,no_market,EQUITY
MORG.OL,SPAREBANKEN MØRE,Sparebanken Møre,OSL,no_market,EQUITY
KID.OL,KID,Kid ASA,OSL,no_market,EQUITY
AKBM.OL,AKER BIOMARINE ASA,Aker BioMarine AS,OSL,no_market,EQUITY
SOAG.OL,SPAREBANK 1 ØSTFOLD AKERSHUS,SpareBank 1 Østfold Akershus,OSL,no_market,EQUITY
MULTI.OL,MULTICONSULT,Multiconsult ASA,OSL,no_market,EQUITY
AZT.OL,ARCTICZYMES TECHNOLOGIES,ArcticZymes Technologies ASA,OSL,no_market,EQUITY
TEKNA.OL,TEKNA HOLDING AS,Tekna Holding AS,OSL,no_market,EQUITY
ABG.OL,ABG SUNDAL COLLIER HOLDING,ABG Sundal Collier Holding ASA,OSL,no_market,EQUITY
B2H.OL,B2HOLDING,B2Holding ASA,OSL,no_market,EQUITY
PARB.OL,PARETO BANK,Pareto Bank ASA,OSL,no_market,EQUITY
ASA.OL,ATLANTIC SAPPHIRE,Atlantic Sapphire ASA,OSL,no_market,EQUITY
ACH.OL,AKER CLEAN HYDROGEN AS,Aker Clean Hydrogen AS,OSL,no_market,EQUITY
PEXIP.OL,PEXIP HOLDING,Pexip Holding ASA,OSL,no_market,EQUITY
TRE.OL,TREASURE,Treasure ASA,OSL,no_market,EQUITY
NOR.OL,NORWEGIAN ENERGY COMPANY,Norwegian Energy Company ASA,OSL,no_market,EQUITY
ULTI.OL,ULTIMOVACS,Ultimovacs ASA,OSL,no_market,EQUITY
CLOUD.OL,CLOUDBERRY CLEAN ENERGY ASA,Cloudberry Clean Energy ASA,OSL,no_market,EQUITY
NSKOG.OL,NORSKE SKOG,Norske Skog ASA,OSL,no_market,EQUITY
XXL.OL,XXL,XXL ASA,OSL,no_market,EQUITY
SMCRT.OL,SMARTCRAFT ASA,SmartCraft ASA,OSL,no_market,EQUITY
HELG.OL,SPAREBANK 1 HELGELAND,SpareBank 1 Helgeland,OSL,no_market,EQUITY
SOLON.OL,SOLON EIENDOM,Solon Eiendom ASA,OSL,no_market,EQUITY
SATS.OL,SATS,Sats ASA,OSL,no_market,EQUITY
EFUEL.OL,EVERFUEL,Everfuel A/S,OSL,no_market,EQUITY
BELCO.OL,BELSHIPS,Belships ASA,OSL,no_market,EQUITY
ECIT.OL,ECIT AS B-AKSJER,ECIT AS,OSL,no_market,EQUITY
SSG.OL,SELF STORAGE GROUP,Self Storage Group ASA,OSL,no_market,EQUITY
BWEK.OL,BW Epic Kosan Ltd.,BW Epic Kosan Ltd.,OSL,no_market,EQUITY
AOW.OL,AKER OFFSHORE WIND,Aker Offshore Wind AS,OSL,no_market,EQUITY
ECO.OL,ECOONLINE HOLDING AS,EcoOnline Holding AS,OSL,no_market,EQUITY
AKVA.OL,AKVA GROUP,AKVA Group ASA,OSL,no_market,EQUITY
MRCEL.OL,MERCELL HOLDING ASA,Mercell Holding ASA,OSL,no_market,EQUITY
PYRUM.OL,PYRUM INNOVATIONS AG,Pyrum Innovations AG,OSL,no_market,EQUITY
KOA.OL,KONGSBERG AUTOMOTIVE,Kongsberg Automotive ASA,OSL,no_market,EQUITY
IDEX.OL,IDEX BIOMETRICS,IDEX Biometrics ASA,OSL,no_market,EQUITY
KMCP.OL,KMC PROPERTIES ASA,KMC Properties ASA,OSL,no_market,EQUITY
NORDH.OL,NORDHEALTH AS A-AKSJER,Nordhealth AS,OSL,no_market,EQUITY
CARA.OL,CARASENT,Carasent ASA,OSL,no_market,EQUITY
BCS.OL,BERGEN CARBON SOLUTIONS AS,Bergen Carbon Solutions AS,OSL,no_market,EQUITY
WILS.OL,WILSON,Wilson ASA,OSL,no_market,EQUITY
AGLX.OL,AGILYX,Agilyx AS,OSL,no_market,EQUITY
AFISH.OL,ARCTIC FISH HOLDING AS,Arctic Fish Holding AS,OSL,no_market,EQUITY
VOW.OL,VOW,VOW ASA,OSL,no_market,EQUITY
OTOVO.OL,OTOVO AS,Otovo AS,OSL,no_market,EQUITY
BORR.OL,BORR DRILLING,Borr Drilling Limited,OSL,no_market,EQUITY
AGAS.OL,AVANCE GAS HOLDING,Avance Gas Holding Ltd,OSL,no_market,EQUITY
SACAM.OL,SALMONES CAMANCHACA,Salmones Camanchaca S.A.,OSL,no_market,EQUITY
PEN.OL,PANORO ENERGY,Panoro Energy ASA,OSL,no_market,EQUITY
OKEA.OL,OKEA,OKEA ASA,OSL,no_market,EQUITY
OTEC.OL,OTELLO CORPORATION,Otello Corporation ASA,OSL,no_market,EQUITY
ODFB.OL,ODFJELL SER. B,Odfjell SE,OSL,no_market,EQUITY
ODF.OL,ODFJELL SER. A,Odfjell SE,OSL,no_market,EQUITY
ELABS.OL,ELLIPTIC LABORATORIES,Elliptic Laboratories AS,OSL,no_market,EQUITY
PHO.OL,PHOTOCURE,Photocure ASA,OSL,no_market,EQUITY
SALME.OL,SALMON EVOLUTION ASA,Salmon Evolution ASA,OSL,no_market,EQUITY
2020.OL,2020 BULKERS,2020 Bulkers Ltd,OSL,no_market,EQUITY
KCC.OL,KLAVENESS COMBINATION CARRIERS,Klaveness Combination Carriers ASA,OSL,no_market,EQUITY
HBC.OL,HOFSETH BIOCARE,Hofseth BioCare ASA,OSL,no_market,EQUITY
OET.OL,OKEANIS ECO TANKERS,Okeanis Eco Tankers Corp.,OSL,no_market,EQUITY
SOR.OL,SPAREBANKEN SØR,Sparebanken Sør,OSL,no_market,EQUITY
NANOV.OL,NORDIC NANOVECTOR,Nordic Nanovector ASA,OSL,no_market,EQUITY
IFISH.OL,ICE FISH FARM,Ice Fish Farm AS,OSL,no_market,EQUITY
ACR.OL,AXACTOR,Axactor SE,OSL,no_market,EQUITY
KAL.OL,KALERA,Kalera AS,OSL,no_market,EQUITY
EWIND.OL,EDDA WIND AS,Edda Wind AS,OSL,no_market,EQUITY
SADG.OL,SANDNES SPAREBANK,Sandnes Sparebank,OSL,no_market,EQUITY
HDLY.OL,HUDDLY AS,Huddly AS,OSL,no_market,EQUITY
AMSC.OL,AMERICAN SHIPPING COMPANY,American Shipping Company ASA,OSL,no_market,EQUITY
SIKRI.OL,SIKRI HOLDING,Sikri Holding AS,OSL,no_market,EQUITY
NCOD.OL,NORCOD,Norcod AS,OSL,no_market,EQUITY
PLT.OL,POLIGHT,poLight ASA,OSL,no_market,EQUITY
BMA.OL,BYGGMA,Byggma ASA,OSL,no_market,EQUITY
ASTRO.OL,ASTROCAST SA,Astrocast SA,OSL,no_market,EQUITY
NORBT.OL,NORBIT,Norbit ASA,OSL,no_market,EQUITY
AIRX.OL,AIRTHINGS,Airthings ASA,OSL,no_market,EQUITY
BGBIO.OL,BERGENBIO,BerGenBio ASA,OSL,no_market,EQUITY
CSAM.OL,CSAM HEALTH GROUP,CSAM Health Group AS,OSL,no_market,EQUITY
RANA.OL,RANA GRUBER AS,Rana Gruber AS,OSL,no_market,EQUITY
SOHO.OL,SONANS HOLDING AS,Sonans Holding AS,OSL,no_market,EQUITY
NRC.OL,NRC GROUP,NRC Group ASA,OSL,no_market,EQUITY
PGS.OL,PGS,PGS ASA,OSL,no_market,EQUITY
ELIMP.OL,ELEKTROIMPORTØREN AS,Elektroimportøren AS,OSL,no_market,EQUITY
GIG.OL,GAMING INNOVATION GROUP,Gaming Innovation Group Inc.,OSL,no_market,EQUITY
HUNT.OL,HUNTER GROUP,Hunter Group ASA,OSL,no_market,EQUITY
ENVIP.OL,ENVIPCO HOLDING N.V.,Envipco Holding N.V.,OSL,no_market,EQUITY
SAGA.OL,SAGA PURE,Saga Pure ASA,OSL,no_market,EQUITY
AKAST.OL,AKASTOR,Akastor ASA,OSL,no_market,EQUITY
WEST.OL,WESTERN BULK CHARTERING AS,Western Bulk Chartering AS,OSL,no_market,EQUITY
CAMBI.OL,CAMBI ASA,Cambi ASA,OSL,no_market,EQUITY
ANDF.OL,ANDFJORD SALMON,Andfjord Salmon AS,OSL,no_market,EQUITY
DSRT.OL,DESERT CONTROL AS,Desert Control AS,OSL,no_market,EQUITY
TOTG.OL,TOTENS SPAREBANK,Totens Sparebank,OSL,no_market,EQUITY
KOMP.OL,KOMPLETT BANK,Komplett Bank ASA,OSL,no_market,EQUITY
KING.OL,THE KINGFISH COMPANY,The Kingfish Company N.V.,OSL,no_market,EQUITY
CONTX.OL,CONTEXTVISION,ContextVision AB (publ),OSL,no_market,EQUITY
PRS.OL,PROSAFE,Prosafe SE,OSL,no_market,EQUITY
GYL.OL,GYLDENDAL,Gyldendal ASA,OSL,no_market,EQUITY
JIN.OL,JINHUI SHIPPING AND TRANSPORTAT,Jinhui Shipping and Transportation Limited,OSL,no_market,EQUITY
PNOR.OL,PETRONOR E&P LIMITED,PetroNor E&P Limited,OSL,no_market,EQUITY
HKY.OL,HAVILA KYSTRUTEN AS,Havila Kystruten AS,OSL,no_market,EQUITY
MSEIS.OL,MAGSEIS FAIRFIELD,Magseis Fairfield ASA,OSL,no_market,EQUITY
ENSU.OL,ENSURGE MICROPOWER ASA,Ensurge Micropower ASA,OSL,no_market,EQUITY
SHLF.OL,SHELF DRILLING,"Shelf Drilling, Ltd.",OSL,no_market,EQUITY
SPOG.OL,SPAREBANKEN ØST,Sparebanken Øst,OSL,no_market,EQUITY
SNOR.OL,SPAREBANK 1 NORDMØRE,SpareBank 1 Nordmøre,OSL,no_market,EQUITY
NTI.OL,NORSK TITANIUM AS,Norsk Titanium AS,OSL,no_market,EQUITY
ITERA.OL,ITERA,Itera ASA,OSL,no_market,EQUITY
RIVER.OL,RIVER TECH,River Tech p.l.c.,OSL,no_market,EQUITY
ZAL.OL,ZALARIS,Zalaris ASA,OSL,no_market,EQUITY
XPLRA.OL,XPLORA TECHNOLOGIES,Xplora Technologies AS,OSL,no_market,EQUITY
GENT.OL,GENTIAN DIAGNOSTICS ASA,Gentian Diagnostics AS,OSL,no_market,EQUITY
MGN.OL,MAGNORA,Magnora ASA,OSL,no_market,EQUITY
NORSE.OL,NORSE ATLANTIC ASA,Norse Atlantic ASA,OSL,no_market,EQUITY
STRO.OL,STRONGPOINT,StrongPoint ASA,OSL,no_market,EQUITY
NKR.OL,NEKKAR,Nekkar ASA,OSL,no_market,EQUITY
JAREN.OL,JÆREN SPAREBANK,Jæren Sparebank,OSL,no_market,EQUITY
NAPA.OL,NAPATECH,Napatech A/S,OSL,no_market,EQUITY
AQUA.OL,AQUALISBRAEMAR LOC ASA,AqualisBraemar LOC ASA,OSL,no_market,EQUITY
SMOP.OL,SMARTOPTICS GROUP AS,Smartoptics Group AS,OSL,no_market,EQUITY
ZWIPE.OL,ZWIPE,Zwipe AS,OSL,no_market,EQUITY
CIRCA.OL,CIRCA GROUP AS,Circa Group AS,OSL,no_market,EQUITY
ASTK.OL,ASETEK,Asetek A/S,OSL,no_market,EQUITY
HRGI.OL,HORISONT ENERGI AS,Horisont Energi AS,OSL,no_market,EQUITY
BRA.OL,BRABANK,BRAbank ASA New,OSL,no_market,EQUITY
ENDUR.OL,ENDÚR,Endúr ASA,OSL,no_market,EQUITY
WSTEP.OL,WEBSTEP,Webstep ASA,OSL,no_market,EQUITY
QEC.OL,QUESTERRE ENERGY CORPORATION,Questerre Energy Corporation,OSL,no_market,EQUITY
DVD.OL,DEEP VALUE DRILLER AS,Deep Value Driller AS,OSL,no_market,EQUITY
ICEGR.OL,ICE GROUP,Ice Group ASA,OSL,no_market,EQUITY
QFR.OL,Q-FREE,Q-Free ASA,OSL,no_market,EQUITY
SIOFF.OL,SIEM OFFSHORE,Siem Offshore Inc.,OSL,no_market,EQUITY
HYPRO.OL,HYDROGENPRO,HydrogenPro AS,OSL,no_market,EQUITY
VISTN.OL,VISTIN PHARMA,Vistin Pharma ASA,OSL,no_market,EQUITY
NUMND.OL,NORDIC UNMANNED AS,Nordic Unmanned AS,OSL,no_market,EQUITY
TECH.OL,TECHSTEP,Techstep ASA,OSL,no_market,EQUITY
DLTX.OL,DLT ASA,DLT ASA,OSL,no_market,EQUITY
BWIDL.OL,BW IDEOL AS,BW Ideol AS,OSL,no_market,EQUITY
NOM.OL,NORDIC MINING,Nordic Mining ASA,OSL,no_market,EQUITY
PMG.OL,PLAY MAGNUS,Play Magnus AS,OSL,no_market,EQUITY
AURG.OL,AURSKOG SPAREBANK,Aurskog Sparebank,OSL,no_market,EQUITY
RISH.OL,GC RIEBER SHIPPING,GC Rieber Shipping ASA,OSL,no_market,EQUITY
NOHAL.OL,NORDIC HALIBUT AS,Nordic Halibut AS,OSL,no_market,EQUITY
TECO.OL,TECO 2030,TECO 2030 ASA,OSL,no_market,EQUITY
PSKY.OL,PATIENTSKY GROUP,PatientSky Group AS,OSL,no_market,EQUITY
ALT.OL,ALTERNUS ENERGY GROUP PLC,Alternus Energy Group plc,OSL,no_market,EQUITY
SDSD.OL,S.D. STANDARD DRILLING,S.D. Standard Drilling Plc,OSL,no_market,EQUITY
NBX.OL,NORWEGIAN BLOCK EXCHANGE AS,Norwegian Block Exchange AS,OSL,no_market,EQUITY
PHLY.OL,PHILLY SHIPYARD,Philly Shipyard ASA,OSL,no_market,EQUITY
ALNG.OL,AWILCO LNG,Awilco LNG ASA,OSL,no_market,EQUITY
MNTR.OL,MINTRA HOLDING,Mintra Holding AS,OSL,no_market,EQUITY
INSTA.OL,INSTABANK,Instabank ASA,OSL,no_market,EQUITY
OSUN.OL,OCEAN SUN,Ocean Sun AS,OSL,no_market,EQUITY
ARR.OL,ARRIBATEC GROUP ASA,Arribatec Solutions ASA,OSL,no_market,EQUITY
NOAP.OL,NORDIC AQUA PARTNERS A/S,Nordic Aqua Partners A/S,OSL,no_market,EQUITY
VGM.OL,VOW GREEN METALS AS,Vow Green Metals AS,OSL,no_market,EQUITY
IWS.OL,INTEGRATED WIND SOLUTIONS AS,Integrated Wind Solutions AS,OSL,no_market,EQUITY
NEXT.OL,NEXT BIOMETRICS GROUP,NEXT Biometrics Group ASA,OSL,no_market,EQUITY
HOC.OL,HOUSE OF CONTROL GROUP,House of Control Group AS,OSL,no_market,EQUITY
CSS.OL,CLEAN SEAS SEAFOOD LIMITED,Clean Seas Seafood Limited,OSL,no_market,EQUITY
R8P.OL,R8 PROPERTY ASA,R8 Property ASA,OSL,no_market,EQUITY
MPCES.OL,MPC ENERGY SOLUTIONS N.V.,MPC Energy Solutions N.V.,OSL,no_market,EQUITY
ARCH.OL,ARCHER,Archer Limited,OSL,no_market,EQUITY
CYVIZ.OL,CYVIZ AS,Cyviz AS,OSL,no_market,EQUITY
EXTX.OL,EXACT THERAPEUTICS,EXACT Therapeutics AS,OSL,no_market,EQUITY
BARRA.OL,BARRAMUNDI GROUP LTD.,Barramundi Group Ltd.,OSL,no_market,EQUITY
ORN.OL,ØRN SOFTWARE HOLDING AS,Orn Software Holding AS,OSL,no_market,EQUITY
LYTIX.OL,LYTIX BIOPHARMA AS,Lytix Biopharma AS,OSL,no_market,EQUITY
NAVA.OL,NAVAMEDIC,Navamedic ASA,OSL,no_market,EQUITY
SB68.OL,SPAREBANK 68 GRADER NORD,Sparebank 68° Nord,OSL,no_market,EQUITY
SOFTX.OL,SOFTOX SOLUTIONS,SoftOx Solutions AS,OSL,no_market,EQUITY
NSOL.OL,NORSK SOLAR AS,Norsk Solar AS,OSL,no_market,EQUITY
SOFF.OL,SOLSTAD OFFSHORE,Solstad Offshore ASA,OSL,no_market,EQUITY
GIGA.OL,GIGANTE SALMON AS,Gigante Salmon AS,OSL,no_market,EQUITY
HAV.OL,HAV GROUP ASA,HAV Group ASA,OSL,no_market,EQUITY
PCIB.OL,PCI BIOTECH HOLDING,PCI Biotech Holding ASA,OSL,no_market,EQUITY
PRYME.OL,PRYME B.V.,Pryme B.V.,OSL,no_market,EQUITY
SKUE.OL,SKUE SPAREBANK,Skue Sparebank,OSL,no_market,EQUITY
HUDL.OL,HUDDLESTOCK FINTECH,Huddlestock Fintech AS,OSL,no_market,EQUITY
MELG.OL,MELHUS SPAREBANK,Melhus Sparebank,OSL,no_market,EQUITY
KRAB.OL,KRAFT BANK ASA,Kraft Bank ASA,OSL,no_market,EQUITY
VVL.OL,VOSS VEKSEL- OG LANDMANDSBANK,Voss Veksel- og Landmandsbank ASA,OSL,no_market,EQUITY
REACH.OL,REACH SUBSEA,Reach Subsea ASA,OSL,no_market,EQUITY
ABS.OL,ARCTIC BIOSCIENCE AS,Arctic Bioscience AS,OSL,no_market,EQUITY
OBSRV.OL,OBSERVE MEDICAL,Observe Medical ASA,OSL,no_market,EQUITY
GRONG.OL,GRONG SPAREBANK,Grong Sparebank,OSL,no_market,EQUITY
STATT.OL,STATT TORSK AS,Statt Torsk AS,OSL,no_market,EQUITY
NOL.OL,NORTHERN OCEAN LTD.,Northern Ocean Ltd.,OSL,no_market,EQUITY
TRVX.OL,TARGOVAX,Targovax ASA,OSL,no_market,EQUITY
NTEL.OL,NORTEL,Nortel AS,OSL,no_market,EQUITY
ELOP.OL,ELOP,Elop AS,OSL,no_market,EQUITY
MVW.OL,M VEST WATER AS,M Vest Water AS,OSL,no_market,EQUITY
NORTH.OL,NORTH ENERGY,North Energy ASA,OSL,no_market,EQUITY
CARBN.OL,CARBON TRANSITION ASA,Carbon Transition ASA,OSL,no_market,EQUITY
AKOBO.OL,AKOBO MINERALS AB (PUB),Akobo Minerals AB (publ),OSL,no_market,EQUITY
PSE.OL,PETROLIA,Petrolia SE,OSL,no_market,EQUITY
PROXI.OL,PROXIMAR SEAFOOD AS,Proximar Seafood AS,OSL,no_market,EQUITY
SUNSB.OL,SUNNDAL SPAREBANK,Sunndal Sparebank,OSL,no_market,EQUITY
GOD.OL,GOODTECH,Goodtech ASA,OSL,no_market,EQUITY
EIOF.OL,EIDESVIK OFFSHORE,Eidesvik Offshore ASA,OSL,no_market,EQUITY
ABT.OL,AQUA BIO TECHNOLOGY,Aqua Bio Technology ASA,OSL,no_market,EQUITY
FLYR.OL,FLYR AS,Flyr AS,OSL,no_market,EQUITY
ROMSB.OL,ROMSDAL SPAREBANK,Romsdal Sparebank,OSL,no_market,EQUITY
NODL.OL,NORTHERN DRILLING,Northern Drilling Ltd.,OSL,no_market,EQUITY
DOF.OL,DOF,DOF ASA,OSL,no_market,EQUITY
SKI.OL,SKITUDE HOLDING AS,Skitude Holding AS,OSL,no_market,EQUITY
IOX.OL,INTEROIL EXPLORATION AND PRODUC,Interoil Exploration and Production ASA,OSL,no_market,EQUITY
ARGEO.OL,ARGEO AS,Argeo AS,OSL,no_market,EQUITY
AWDR.OL,AWILCO DRILLING,Awilco Drilling PLC,OSL,no_market,EQUITY
GNP.OL,GNP ENERGY,GNP Energy AS,OSL,no_market,EQUITY
ZENA.OL,ZENITH ENERGY,Zenith Energy Ltd.,OSL,no_market,EQUITY
TYSB.OL,TYSNES SPAREBANK,Tysnes Sparebank,OSL,no_market,EQUITY
LIFE.OL,LIFECARE,Lifecare AS,OSL,no_market,EQUITY
HYARD.OL,HAVYARD GROUP,Havyard Group ASA,OSL,no_market,EQUITY
HMONY.OL,HARMONYCHAIN AS,Harmonychain AS,OSL,no_market,EQUITY
EMGS.OL,ELECTROMAGNETIC GEOSERVICES,Electromagnetic Geoservices ASA,OSL,no_market,EQUITY
BFISH.OL,BIOFISH HOLDING AS,BioFish Holding AS,OSL,no_market,EQUITY
SCANA.OL,SCANA,Scana ASA,OSL,no_market,EQUITY
5PG.OL,5TH PLANET GAMES,5th Planet Games A/S,OSL,no_market,EQUITY
AYFIE.OL,AYFIE GROUP,ayfie Group AS,OSL,no_market,EQUITY
KYOTO.OL,KYOTO GROUP AS,Kyoto Group AS,OSL,no_market,EQUITY
AASB.OL,AASEN SPAREBANK,Aasen Sparebank,OSL,no_market,EQUITY
SDRL.OL,SEADRILL,Seadrill Limited,OSL,no_market,EQUITY
HYN.OL,HYNION AS,Hynion AS,OSL,no_market,EQUITY
SKAND.OL,SKANDIA GREENPOWER AS,Skandia GreenPower AS,OSL,no_market,EQUITY
NISB.OL,NIDAROS SPAREBANK,Nidaros Sparebank,OSL,no_market,EQUITY
GEM.OL,GREEN MINERALS AS,Green Minerals AS,OSL,no_market,EQUITY
GEG.OL,SEABIRD EXPLORATION,SeaBird Exploration Plc,OSL,no_market,EQUITY
BOR.OL,BORGESTAD,Borgestad ASA,OSL,no_market,EQUITY
INDCT.OL,INDUCT,Induct Software AS,OSL,no_market,EQUITY
HAVI.OL,HAVILA SHIPPING,Havila Shipping ASA,OSL,no_market,EQUITY
AEGA.OL,AEGA,Aega ASA,OSL,no_market,EQUITY
SOGN.OL,SOGN SPAREBANK,Sogn Sparebank,OSL,no_market,EQUITY
HSPG.OL,HØLAND OG SETSKOG SPAREBANK,Høland og Setskog Sparebank,OSL,no_market,EQUITY
OTS.OL,OCEANTEAM,Oceanteam ASA,OSL,no_market,EQUITY
ROM.OL,ROMREAL,RomReal Limited,OSL,no_market,EQUITY
EAM.OL,EAM SOLAR,EAM Solar ASA,OSL,no_market,EQUITY
BSP.OL,BLACK SEA PROPERTY,Black Sea Property AS,OSL,no_market,EQUITY
ADS.OL,ADS MARITIME HOLDING PLC,ADS Maritime Holding Plc,OSL,no_market,EQUITY
INSR.OL,INSR INSURANCE GROUP,Insr Insurance Group ASA,OSL,no_market,EQUITY
GEOS.OL,GOLDEN ENERGY OFFSHORE SERVICES,Golden Energy Offshore Services AS,OSL,no_market,EQUITY
GJBB15-PRO.OL,Gjensidige Bank Boli AS 16/22 F,,OSL,no_market,EQUITY
SMCRTO.OL,SmartCraft ASA,,OSL,no_market,EQUITY
KIDO.OL,Kid ASA,,OSL,no_market,EQUITY
NORT26-PRO.OL,,,OSL,no_market,EQUITY
ELOO.OL,Elopak ASA,,OSL,no_market,EQUITY
SSGO.OL,Self Storage Group ASA,,OSL,no_market,EQUITY
BORRO.OL,Borr Drilling Limited,,OSL,no_market,EQUITY
B2HO.OL,B2Holding ASA,,OSL,no_market,EQUITY
OBOS26-PRO.OL,OBOS BBL 19/24 FRN,,OSL,no_market,EQUITY
SRSB18-PRO.OL,Skagerrak Spb 21/26 FRN,,OSL,no_market,EQUITY
BNB92-PRO.OL,BN Bank ASA 20/23 FRN,,OSL,no_market,EQUITY
SPOL68-PRO.OL,Spb 1 Ostlandet 21/26 2.00 pct,,OSL,no_market,EQUITY
NORBTO.OL,NORBIT ASA,,OSL,no_market,EQUITY
LSSB26-PRO.OL,,,OSL,no_market,EQUITY
HEBK22-PRO.OL,,,OSL,no_market,EQUITY
SOON14-PRO.OL,Spb Telemark 17/22 FRN,,OSL,no_market,EQUITY
BELCOO.OL,Belships ASA,,OSL,no_market,EQUITY
SVEG91-PRO.OL,Spb Vest 17/PERP FRN C HYBRID,,OSL,no_market,EQUITY
ASAO.OL,Atlantic Sapphire ASA,,OSL,no_market,EQUITY
JINO.OL,Jinhui Shipping and Transportat,,OSL,no_market,EQUITY
MEDIO.OL,Medistim ASA,,OSL,no_market,EQUITY
WSTEPO.OL,Webstep ASA,,OSL,no_market,EQUITY
PHOO.OL,Photocure ASA,,OSL,no_market,EQUITY
NONG92-PRO.OL,,,OSL,no_market,EQUITY
MELG33-PRO.OL,,,OSL,no_market,EQUITY
AKSOO.OL,Aker Solutions ASA,,OSL,no_market,EQUITY
OBOBA28-PRO.OL,,,OSL,no_market,EQUITY
AKERO.OL,Aker,,OSL,no_market,EQUITY
GSFO.OL,Grieg Seafood ASA,,OSL,no_market,EQUITY
PROTO.OL,Protector Forsikring ASA,,OSL,no_market,EQUITY
GJFO.OL,Gjensidige Forsikring ASA,,OSL,no_market,EQUITY
SUBCO.OL,Subsea 7 S.A.,,OSL,no_market,EQUITY
NORT21-PRO.OL,Nortura SA 16/22 FRN,,OSL,no_market,EQUITY
CRAYNO.OL,Crayon Group Holding ASA,,OSL,no_market,EQUITY
NODO.OL,Nordic Semiconductor ASA,,OSL,no_market,EQUITY
RECSIO.OL,REC Silicon ASA,,OSL,no_market,EQUITY
SVEG98-PRO.OL,Spb Vest 18/PERP FRN C HYBRID,,OSL,no_market,EQUITY
STB16-PRO.OL,,,OSL,no_market,EQUITY
SBNK18-PRO.OL,,,OSL,no_market,EQUITY
LSSB19-PRO.OL,Spb 1 Lom og Skjåk 19/22 FRN,,OSL,no_market,EQUITY
SBANK20-PRO.OL,Sbanken ASA 20/23 FRN,,OSL,no_market,EQUITY
NRLD01-PRO.OL,Norled AS 19/24 FRN C,,OSL,no_market,EQUITY
AURG39-PRO.OL,Aurskog Spb 18/23 FRN,,OSL,no_market,EQUITY
BRFI35-PRO.OL,Brage Finans AS 19/22 FRN,,OSL,no_market,EQUITY
BNB79-PRO.OL,,,OSL,no_market,EQUITY
EWINDO.OL,Edda Wind ASA,,OSL,no_market,EQUITY
HEBK21-PRO.OL,Helgeland Boligkredi AS 18/23 F,,OSL,no_market,EQUITY
DLTXO.OL,DLT ASA,,OSL,no_market,EQUITY
WWIO.OL,Wilh. Wilhelmsen Holding ASA A,,OSL,no_market,EQUITY
HUNTO.OL,Hunter Group ASA,,OSL,no_market,EQUITY
AMSCO.OL,American Shipping Company ASA,,OSL,no_market,EQUITY
PARBO.OL,Pareto Bank ASA,,OSL,no_market,EQUITY
BEWIO.OL,BEWi ASA,,OSL,no_market,EQUITY
AFGO.OL,AF Gruppen ASA,,OSL,no_market,EQUITY
ACCO.OL,Aker Carbon Capture ASA,,OSL,no_market,EQUITY
FROO.OL,Frontline,,OSL,no_market,EQUITY
SAGAO.OL,Saga Pure ASA,,OSL,no_market,EQUITY
NSKOGO.OL,Norske Skog ASA,,OSL,no_market,EQUITY
PGSO.OL,PGS ASA,,OSL,no_market,EQUITY
TOMO.OL,Tomra Systems,,OSL,no_market,EQUITY
KOGO.OL,Kongsberg Gruppen ASA,,OSL,no_market,EQUITY
EPRO.OL,Europris ASA,,OSL,no_market,EQUITY
2020O.OL,2020 Bulkers Ltd.,,OSL,no_market,EQUITY
BONHRO.OL,Bonheur ASA,,OSL,no_market,EQUITY
AKRBPO.OL,Aker BP ASA,,OSL,no_market,EQUITY
2020O.OL,2020 Bulkers Ltd.,,OSL,no_market,EQUITY
BONHRO.OL,Bonheur ASA,,OSL,no_market,EQUITY
DNBO.OL,DNB Bank ASA,,OSL,no_market,EQUITY
SKUE21-PRO.OL,,,OSL,no_market,EQUITY
NORT32-PRO.OL,,,OSL,no_market,EQUITY
QFRO.OL,,,OSL,no_market,EQUITY
MODSB18-PRO.OL,Spb 1 Modum 17/22 FRN,,OSL,no_market,EQUITY
SOON41-PRO-ESG.OL,,,OSL,no_market,EQUITY
SPOL42-PRO.OL,,,OSL,no_market,EQUITY
BNB88-PRO.OL,"BN Bank ASA 19/25 2,10%",,OSL,no_market,EQUITY
SOON20-PRO.OL,,,OSL,no_market,EQUITY
MODEX01-PRO.OL,,,OSL,no_market,EQUITY
SPOBK19-PRO.OL,Spb Ost Boligkreditt AS 21/27 F,,OSL,no_market,EQUITY
ODLO.OL,Odfjell Drilling Ltd,,OSL,no_market,EQUITY
ADEO.OL,Adevinta ASA,,OSL,no_market,EQUITY
AUTOOO.OL,AutoStore Holdings Ltd.,,OSL,no_market,EQUITY
AKHO.OL,Aker Horizons ASA,,OSL,no_market,EQUITY
KAHOTO.OL,Kahoot! ASA,,OSL,no_market,EQUITY
ACRO.OL,Axactor SE,,OSL,no_market,EQUITY
ATEAO.OL,Atea,,OSL,no_market,EQUITY
MWTRO.OL,,,OSL,no_market,EQUITY
ALNGO.OL,Awilco LNG ASA,,OSL,no_market,EQUITY
PCIBO.OL,PCI Biotech Holding ASA,,OSL,no_market,EQUITY
TOTG62-PRO.OL,,,OSL,no_market,EQUITY
SPSK13-PRO.OL,,,OSL,no_market,EQUITY
HELG42-PRO.OL,Helgeland Spb 16/22 FRN,,OSL,no_market,EQUITY
JAEREN16-PRO.OL,,,OSL,no_market,EQUITY
BNB93-PRO.OL,BN Bank ASA 20/26 FRN,,OSL,no_market,EQUITY
JAEREN12-PRO.OL,,,OSL,no_market,EQUITY
MING87-PRO.OL,Spb 1 SMN 18/23 FRN,,OSL,no_market,EQUITY
AGASO.OL,Avance Gas Holding Ltd.,,OSL,no_market,EQUITY
OBBK03-PRO.OL,OBOS Boligkreditt AS 17/22 FRN ,,OSL,no_market,EQUITY
FSBKR23-PRO.OL,,,OSL,no_market,EQUITY
SANC40-PRO.OL,Santander Consumer Bank AS 20/2,,OSL,no_market,EQUITY
SVEG94-PRO.OL,Spb Vest 18/PERP FRN C HYBRID,,OSL,no_market,EQUITY
NONG86-PRO.OL,Spb 1 Nord-Norge 17/PERP FRN C ,,OSL,no_market,EQUITY
LSSB25-PRO.OL,,,OSL,no_market,EQUITY
MING77-PRO.OL,Spb 1 SMN 17/22 FRN,,OSL,no_market,EQUITY
SUNSB13-PRO.OL,Sunndal Spb 21/25 FRN,,OSL,no_market,EQUITY
PENO.OL,Panoro Energy ASA,,OSL,no_market,EQUITY
GIGO.OL,Gaming Innovation Group Inc.,,OSL,no_market,EQUITY
SRBANK28-PRO.OL,,,OSL,no_market,EQUITY
SCHAO.OL,Schibsted ASA ser. A,,OSL,no_market,EQUITY
EIKRN13-PRO.OL,,,OSL,no_market,EQUITY
LINKO.OL,Link Mobility Group Holding ASA,,OSL,no_market,EQUITY
AZTO.OL,ArcticZymes Technologies ASA,,OSL,no_market,EQUITY
PHLYO.OL,Philly Shipyard ASA,,OSL,no_market,EQUITY
TOTG49-PRO.OL,Totens Spb 17/22 FRN,,OSL,no_market,EQUITY
ULTIO.OL,Ultimovacs ASA,,OSL,no_market,EQUITY
MSEISO.OL,Magseis Fairfield ASA,,OSL,no_market,EQUITY
KOAO.OL,Kongsberg Automotive ASA,,OSL,no_market,EQUITY
DNOO.OL,DNO ASA,,OSL,no_market,EQUITY
BWOO.OL,BW Offshore Limited,,OSL,no_market,EQUITY
FLNGO.OL,FLEX LNG LTD,,OSL,no_market,EQUITY
KFS59-PRO.OL,,,OSL,no_market,EQUITY
CARAO.OL,Carasent ASA,,OSL,no_market,EQUITY
NAPAO.OL,Napatech A/S,,OSL,no_market,EQUITY
TRYM01-PRO.OL,,,OSL,no_market,EQUITY
NKRO.OL,Nekkar ASA,,OSL,no_market,EQUITY
SANC32-PRO.OL,Santander Consumer Bank AS 19/2,,OSL,no_market,EQUITY
XXLO.OL,XXL ASA,,OSL,no_market,EQUITY
GOGLO.OL,Golden Ocean Group Limited,,OSL,no_market,EQUITY
ROMER.OL,ROMERIKE SPAREBANK,Romerike Sparebank,OSL,no_market,EQUITY
QECO.OL,Questerre Energy Corporation,,OSL,no_market,EQUITY
NASO.OL,Norwegian Air Shuttle ASA,,OSL,no_market,EQUITY
AASB29-PRO.OL,,,OSL,no_market,EQUITY
AASB16-PRO.OL,Aasen Spb 17/22 FRN,,OSL,no_market,EQUITY
LBSB28-PRO.OL,,,OSL,no_market,EQUITY
HEBK25-PRO.OL,,,OSL,no_market,EQUITY
EIDSB09-PRO.OL,Eidsberg Spb 19/22 FRN,,OSL,no_market,EQUITY
SBSS31-PRO.OL,,,OSL,no_market,EQUITY
RING39-PRO.OL,Spb 1 Ringerike Hadeland 18/22 ,,OSL,no_market,EQUITY
LBSB33-PRO.OL,,,OSL,no_market,EQUITY
NISB08-PRO.OL,Klæbu Spb 18/23 FRN,,OSL,no_market,EQUITY
EIKB68-PRO.OL,Eika Boligkreditt AS 17/22 FRN,,OSL,no_market,EQUITY
SFSB64-PRO.OL,"Spb Sogn og Fjordane 17/22 1,92",,OSL,no_market,EQUITY
BNB82-PRO.OL,BN Bank ASA 17/22 FRN,,OSL,no_market,EQUITY
AURG53-PRO.OL,,,OSL,no_market,EQUITY
SANC39-PRO.OL,Santander Consumer Bank AS 19/2,,OSL,no_market,EQUITY
SBSS24-PRO.OL,,,OSL,no_market,EQUITY
SBANK28-PRO.OL,,,OSL,no_market,EQUITY
HSPG22-PRO.OL,,,OSL,no_market,EQUITY
AASB21-PRO.OL,,,OSL,no_market,EQUITY
NASB17-PRO.OL,Spb Narvik 17/22 FRN,,OSL,no_market,EQUITY
KIST08-PRO.OL,Kistefos AS 20/25 FRN FLOOR C,,OSL,no_market,EQUITY
SBOO.OL,Selvaag Bolig ASA,,OSL,no_market,EQUITY
MOWIO.OL,Mowi ASA,,OSL,no_market,EQUITY
VOWO.OL,Vow ASA,,OSL,no_market,EQUITY
IDEXO.OL,IDEX Biometrics ASA,,OSL,no_market,EQUITY
GJBB16-PRO.OL,Gjensidige Bank Boli AS 17/23 F,,OSL,no_market,EQUITY
NHYO.OL,Norsk Hydro,,OSL,no_market,EQUITY
ENDURO.OL,,,OSL,no_market,EQUITY
VEIO.OL,Veidekke ASA,,OSL,no_market,EQUITY
NRCO.OL,NRC Group ASA,,OSL,no_market,EQUITY
SASNOO.OL,SAS AB,,OSL,no_market,EQUITY
CLOUDO.OL,Cloudberry Clean Energy ASA,,OSL,no_market,EQUITY
MRCELO.OL,Mercell Holding ASA,,OSL,no_market,EQUITY
HEXO.OL,Hexagon Composites ASA,,OSL,no_market,EQUITY
BLH03-PRO.OL,"Bluewater Holding B.V 18/23 10,",,OSL,no_market,EQUITY
EIKRN17-PRO.OL,,,OSL,no_market,EQUITY
MELG29-PRO.OL,Melhus Spb 18/23 FRN,,OSL,no_market,EQUITY
OETO.OL,Okeanis Eco Tankers Corp,,OSL,no_market,EQUITY
BWEO.OL,BW Energy Limited,,OSL,no_market,EQUITY
PEXIPO.OL,Pexip Holding ASA,,OSL,no_market,EQUITY
KITO.OL,Kitron ASA,,OSL,no_market,EQUITY
LUSB12-PRO.OL,,,OSL,no_market,EQUITY
WAWIO.OL,Wallenius Wilhelmsen ASA,,OSL,no_market,EQUITY
BWLPGO.OL,BW LPG Limited,,OSL,no_market,EQUITY
CAPSL.OL,CO2 CAPSOL AS,CO2 Capsol AS,OSL,no_market,EQUITY
PPG.OL,PIONEER PROPERTY GROUP,Pioneer Property Group ASA,OSL,no_market,EQUITY
NELO.OL,NEL ASA,,OSL,no_market,EQUITY
SCHBO.OL,Schibsted ser. B,,OSL,no_market,EQUITY
MPCCO.OL,MPC Container Ships ASA,,OSL,no_market,EQUITY
LBSB29-PRO.OL,,,OSL,no_market,EQUITY
SRSB09-PRO.OL,Skagerrak Spb 18/22 FRN,,OSL,no_market,EQUITY
SANC12-PRO.OL,Santander Consumer Bank AS 17/2,,OSL,no_market,EQUITY
SBANKO.OL,Sbanken ASA,,OSL,no_market,EQUITY
SOR45-PRO.OL,Spb Sør 17/22 FRN,,OSL,no_market,EQUITY
SOON08-PRO.OL,Spb Telemark 17/22 FRN,,OSL,no_market,EQUITY
OBBK06-PRO.OL,OBOS Boligkreditt AS 19/24 FRN ,,OSL,no_market,EQUITY
NONG84-PRO.OL,Spb 1 Nord-Norge 17/22 FRN,,OSL,no_market,EQUITY
FFSB12-PRO.OL,Flekkefjord Spb 21/25 FRN,,OSL,no_market,EQUITY
VGFI02-PRO.OL,Vegfinans Innlandet AS 20/25 FR,,OSL,no_market,EQUITY
TSBK20-PRO.OL,,,OSL,no_market,EQUITY
AKBMO.OL,Aker BioMarine ASA,,OSL,no_market,EQUITY
SBGG14-PRO.OL,,,OSL,no_market,EQUITY
BGBIOO.OL,BerGenBio ASA,,OSL,no_market,EQUITY
OBBK08-PRO.OL,OBOS Boligkreditt AS 21/26 FRN ,,OSL,no_market,EQUITY
BMAO.OL,Byggma ASA,,OSL,no_market,EQUITY
KIST06-PRO.OL,Kistefos AS 19/23 FRN,,OSL,no_market,EQUITY
TYSB12-PRO.OL,Tysnes Spb 19/22 FRN,,OSL,no_market,EQUITY
HELG50-PRO.OL,"Helgeland Spb 19/24 2,50%",,OSL,no_market,EQUITY
CADLRO.OL,Cadeler A/S,,OSL,no_market,EQUITY
SALMEO.OL,Salmon Evolution ASA,,OSL,no_market,EQUITY
SRBNKO.OL,SpareBank 1 SR-Bank,,OSL,no_market,EQUITY
ASTKO.OL,Asetek A/S,,OSL,no_market,EQUITY
AUSSO.OL,Austevoll Seafood ASA,,OSL,no_market,EQUITY
TGSO.OL,TGS ASA,,OSL,no_market,EQUITY
AASB27-PRO.OL,,,OSL,no_market,EQUITY
STORB59-PRO.OL,Storebrand Bank ASA 19/22 FRN,,OSL,no_market,EQUITY
LSGO.OL,Lerøy Seafood Group ASA,,OSL,no_market,EQUITY
BNB90-PRO.OL,BN Bank ASA 20/26 FRN,,OSL,no_market,EQUITY
SSFBK20-PRO-ESG.OL,Bustadkreditt Sogn o AS 20/27 F,,OSL,no_market,EQUITY
HJSB25-PRO.OL,Hjelmeland Spb 19/23 FRN,,OSL,no_market,EQUITY
ENTRAO.OL,Entra ASA,,OSL,no_market,EQUITY
NRSO.OL,Norway Royal Salmon ASA,,OSL,no_market,EQUITY
BAKKAO.OL,Bakkafrost P/f,,OSL,no_market,EQUITY
STBO.OL,Storebrand,,OSL,no_market,EQUITY
SALMO.OL,SalMar ASA,,OSL,no_market,EQUITY
FKRFTO.OL,Fjordkraft Holding ASA,,OSL,no_market,EQUITY
VGFT01-PRO.OL,Vegfinans Vestfold og Telem AS ,,OSL,no_market,EQUITY
KLPBK08-PRO.OL,KLP Boligkreditt AS 20/22 FRN C,,OSL,no_market,EQUITY
VEBK15-PRO.OL,Verd Boligkreditt AS 17/22 FRN ,,OSL,no_market,EQUITY
HSHIP.OL,HIMALAYA SHIPPING LTD,Himalaya Shipping Ltd.,OSL,no_market,EQUITY
SCATCO.OL,Scatec ASA,,OSL,no_market,EQUITY
FLYRT.OL,,,OSL,no_market,EQUITY
AURA.OL,AURORA EIENDOM AS,Aurora Eiendom AS,OSL,no_market,EQUITY
YARO.OL,Yara International,,OSL,no_market,EQUITY
TELO.OL,Telenor,,OSL,no_market,EQUITY
EQNRO.OL,Equinor ASA,,OSL,no_market,EQUITY
HAFNIO.OL,Hafnia Limited,,OSL,no_market,EQUITY
