symbol,shortName,longName,exchange,market,quoteType
SAN.WA,SANTANDER,"Banco Santander, S.A.",WSE,pl_market,EQUITY
UCG.WA,UNICREDIT,UniCredit S.p.A.,WSE,pl_market,EQUITY
CEZ.WA,CEZ,"CEZ, a. s.",WSE,pl_market,EQUITY
PKO.WA,PKOBP,Powszechna Kasa Oszczednosci Bank Polski Spólka Akcyjna,WSE,pl_market,EQUITY
ALE.WA,ALLEGRO,Allegro.eu SA,WSE,pl_market,EQUITY
SPL.WA,SANPL,Santander Bank Polska S.A.,WSE,pl_market,EQUITY
PGN.WA,PGNIG,Polskie Górnictwo Naftowe i Gazownictwo S.A.,WSE,pl_market,EQUITY
ING.WA,INGBSK,ING Bank Slaski S.A.,WSE,pl_market,EQUITY
PKN.WA,PKNORLEN,Polski Koncern Naftowy ORLEN Spólka Akcyjna,WSE,pl_market,EQUITY
DNP.WA,DINOPL,Dino Polska S.A.,WSE,pl_market,EQUITY
LPP.WA,LPP,LPP SA,WSE,pl_market,EQUITY
PEO.WA,PEKAO,Bank Polska Kasa Opieki S.A.,WSE,pl_market,EQUITY
KGH.WA,KGHM,KGHM Polska Miedz S.A.,WSE,pl_market,EQUITY
PCO.WA,PEPCO,Pepco Group N.V.,WSE,pl_market,EQUITY
CPS.WA,CYFRPLSAT,Cyfrowy Polsat S.A.,WSE,pl_market,EQUITY
MOL.WA,MOL,MOL Magyar Olaj- és Gázipari Nyilvánosan Muködo Részvénytársaság,WSE,pl_market,EQUITY
MBK.WA,MBANK,mBank S.A.,WSE,pl_market,EQUITY
PZU.WA,PZU,Powszechny Zaklad Ubezpieczen SA,WSE,pl_market,EQUITY
CDR.WA,CDPROJEKT,CD Projekt S.A.,WSE,pl_market,EQUITY
KRK.WA,KRKA,"Krka, d. d.",WSE,pl_market,EQUITY
PGE.WA,PGE,PGE Polska Grupa Energetyczna S.A.,WSE,pl_market,EQUITY
BNP.WA,BNPPPL,BNP Paribas Bank Polska S.A.,WSE,pl_market,EQUITY
IIA.WA,IIAAV,IMMOFINANZ AG,WSE,pl_market,EQUITY
LTS.WA,LOTOS,Grupa LOTOS S.A.,WSE,pl_market,EQUITY
OPL.WA,ORANGEPL,Orange Polska S.A.,WSE,pl_market,EQUITY
MIL.WA,MILLENNIUM,Bank Millennium S.A.,WSE,pl_market,EQUITY
BHW.WA,HANDLOWY,Bank Handlowy w Warszawie S.A.,WSE,pl_market,EQUITY
ALR.WA,ALIOR,Alior Bank S.A.,WSE,pl_market,EQUITY
ACP.WA,ASSECOPOL,Asseco Poland S.A.,WSE,pl_market,EQUITY
CAR.WA,INTERCARS,Inter Cars S.A.,WSE,pl_market,EQUITY
KTY.WA,KETY,Grupa Kety S.A.,WSE,pl_market,EQUITY
BDX.WA,BUDIMEX,Budimex SA,WSE,pl_market,EQUITY
KRU.WA,KRUK,KRUK Spólka Akcyjna,WSE,pl_market,EQUITY
EAT.WA,AMREST,AmRest Holdings SE,WSE,pl_market,EQUITY
CCC.WA,CCC,CCC S.A.,WSE,pl_market,EQUITY
ZWC.WA,ZYWIEC,Grupa Zywiec S.A.,WSE,pl_market,EQUITY
GPP.WA,GRUPRACUJ,Grupa Pracuj S.A.,WSE,pl_market,EQUITY
KER.WA,KERNEL,Kernel Holding S.A.,WSE,pl_market,EQUITY
TPE.WA,TAURONPE,TAURON Polska Energia S.A.,WSE,pl_market,EQUITY
JSW.WA,JSW,Jastrzebska Spólka Weglowa S.A.,WSE,pl_market,EQUITY
WPL.WA,WIRTUALNA,Wirtualna Polska Holding S.A.,WSE,pl_market,EQUITY
ENA.WA,ENEA,ENEA S.A.,WSE,pl_market,EQUITY
NEU.WA,NEUCA,NEUCA S.A.,WSE,pl_market,EQUITY
OPG.WA,ORCOGROUP,CPI FIM SA,WSE,pl_market,EQUITY
STH.WA,STSHOLDING,STS Holding S.A.,WSE,pl_market,EQUITY
EHG.WA,EUROHOLD,Eurohold Bulgaria AD,WSE,pl_market,EQUITY
PEP.WA,PEP,Polenergia S.A.,WSE,pl_market,EQUITY
GTC.WA,GTC,Globe Trade Centre S.A.,WSE,pl_market,EQUITY
ATT.WA,GRUPAAZOTY,Grupa Azoty S.A.,WSE,pl_market,EQUITY
ENG.WA,ENERGA,Energa SA,WSE,pl_market,EQUITY
DOM.WA,DOMDEV,Dom Development S.A.,WSE,pl_market,EQUITY
LVC.WA,LIVECHAT,LiveChat Software S.A.,WSE,pl_market,EQUITY
PLW.WA,PLAYWAY,PlayWay S.A.,WSE,pl_market,EQUITY
ASE.WA,ASSECOSEE,Asseco South Eastern Europe S.A.,WSE,pl_market,EQUITY
TEN.WA,TSGAMES,Ten Square Games S.A.,WSE,pl_market,EQUITY
CIE.WA,CIECH,Ciech S.A.,WSE,pl_market,EQUITY
XTB.WA,XTB,X-Trade Brokers Dom Maklerski S.A.,WSE,pl_market,EQUITY
HUGE.WA,HUUUGE-S144,"Huuuge, Inc.",WSE,pl_market,EQUITY
APR.WA,AUTOPARTN,Auto Partner SA,WSE,pl_market,EQUITY
SHO.WA,SHOPER,Shoper S.A.,WSE,pl_market,EQUITY
FMF.WA,FAMUR,Famur S.A.,WSE,pl_market,EQUITY
PCR.WA,PCCROKITA,PCC Rokita SA,WSE,pl_market,EQUITY
BFT.WA,BENEFIT,Benefit Systems S.A.,WSE,pl_market,EQUITY
1AT.WA,ATAL,Atal S.A.,WSE,pl_market,EQUITY
MLG.WA,MLPGROUP,MLP Group S.A.,WSE,pl_market,EQUITY
ECH.WA,ECHO,Echo Investment S.A.,WSE,pl_market,EQUITY
CMR.WA,COMARCH,Comarch S.A.,WSE,pl_market,EQUITY
PCF.WA,PCFGROUP,PCF Group Spólka Akcyjna,WSE,pl_market,EQUITY
IPF.WA,PROVIDENT,International Personal Finance plc,WSE,pl_market,EQUITY
STP.WA,STALPROD,Stalprodukt S.A.,WSE,pl_market,EQUITY
EUR.WA,EUROCASH,Eurocash S.A.,WSE,pl_market,EQUITY
ZAP.WA,PULAWY,Zaklady Azotowe Pulawy S.A.,WSE,pl_market,EQUITY
SLV.WA,SELVITA,Selvita S.A.,WSE,pl_market,EQUITY
ABS.WA,ASSECOBS,Asseco Business Solutions S.A.,WSE,pl_market,EQUITY
CLN.WA,CLNPHARMA,Celon Pharma S.A.,WSE,pl_market,EQUITY
PCE.WA,POLICE,Grupa Azoty Zaklady Chemiczne Police S.A.,WSE,pl_market,EQUITY
DVL.WA,DEVELIA,Develia S.A.,WSE,pl_market,EQUITY
MBR.WA,MOBRUK,Mo-BRUK S.A.,WSE,pl_market,EQUITY
11B.WA,11BIT,11 bit studios S.A.,WSE,pl_market,EQUITY
TMR.WA,TATRY,"Tatry mountain resorts, a.s.",WSE,pl_market,EQUITY
SPH.WA,SOPHARMA,Sopharma AD,WSE,pl_market,EQUITY
ASB.WA,ASBIS,ASBISc Enterprises Plc,WSE,pl_market,EQUITY
LWB.WA,BOGDANKA,Lubelski Wegiel Bogdanka S.A.,WSE,pl_market,EQUITY
GPW.WA,GPW,Gielda Papierów Wartosciowych w Warszawie S.A.,WSE,pl_market,EQUITY
RVU.WA,RYVU,Ryvu Therapeutics S.A.,WSE,pl_market,EQUITY
IMC.WA,IMCOMPANY,IMC S.A.,WSE,pl_market,EQUITY
MCI.WA,MCI,MCI Capital Alternatywna Spólka Inwestycyjna S.A.,WSE,pl_market,EQUITY
MNC.WA,MENNICA,Mennica Polska S.A.,WSE,pl_market,EQUITY
FTE.WA,FORTE,Fabryki Mebli FORTE S.A.,WSE,pl_market,EQUITY
CPG.WA,CPGROUP,Capital Park S.A.,WSE,pl_market,EQUITY
PXM.WA,POLIMEXMS,Polimex-Mostostal S.A.,WSE,pl_market,EQUITY
DBC.WA,DEBICA,Firma Oponiarska Debica S.A.,WSE,pl_market,EQUITY
AST.WA,ASTARTA,ASTARTA Holding N.V.,WSE,pl_market,EQUITY
MRC.WA,MERCATOR,Mercator Medical S.A.,WSE,pl_market,EQUITY
DAT.WA,DATAWALK,DataWalk S.A.,WSE,pl_market,EQUITY
OND.WA,ONDE,Onde S.A.,WSE,pl_market,EQUITY
SKA.WA,SNIEZKA,Fabryka Farb i Lakierów Sniezka SA,WSE,pl_market,EQUITY
NWG.WA,NEWAG,Newag S.A.,WSE,pl_market,EQUITY
MAB.WA,MABION,Mabion S.A.,WSE,pl_market,EQUITY
VRC.WA,VERCOM,Vercom S.A.,WSE,pl_market,EQUITY
AML.WA,ALUMETAL,Alumetal S.A.,WSE,pl_market,EQUITY
VRG.WA,VRG,VRG S.A.,WSE,pl_market,EQUITY
ZEP.WA,ZEPAK,Zespól Elektrowni Patnów-Adamów-Konin S.A.,WSE,pl_market,EQUITY
BOS.WA,BOS,Bank Ochrony Srodowiska S.A.,WSE,pl_market,EQUITY
AMC.WA,AMICA,Amica S.A.,WSE,pl_market,EQUITY
OPN.WA,OPONEO.PL,Oponeo.pl S.A.,WSE,pl_market,EQUITY
TIM.WA,TIM,TIM S.A.,WSE,pl_market,EQUITY
STX.WA,STALEXP,Stalexport Autostrady S.A.,WSE,pl_market,EQUITY
ABE.WA,ABPL,AB S.A.,WSE,pl_market,EQUITY
CFI.WA,CFI,CFI Holding S.A.,WSE,pl_market,EQUITY
SEN.WA,SERINUS,Serinus Energy plc,WSE,pl_market,EQUITY
BRS.WA,BORYSZEW,Boryszew S.A.,WSE,pl_market,EQUITY
WWL.WA,WAWEL,Wawel S.A.,WSE,pl_market,EQUITY
CTX.WA,CAPTORTX,Captor Therapeutics spolka akcyjna,WSE,pl_market,EQUITY
R22.WA,R22,R22 S.A.,WSE,pl_market,EQUITY
MBW.WA,MBWS,Marie Brizard Wine & Spirits SA,WSE,pl_market,EQUITY
FRO.WA,FERRO,FERRO S.A.,WSE,pl_market,EQUITY
PHN.WA,PHN,Polski Holding Nieruchomosci S.A.,WSE,pl_market,EQUITY
APT.WA,APATOR,Apator S.A.,WSE,pl_market,EQUITY
COG.WA,COGNOR,Cognor Holding S.A.,WSE,pl_market,EQUITY
PKP.WA,PKPCARGO,Pkp Cargo S.A.,WSE,pl_market,EQUITY
ERB.WA,ERBUD,Erbud S.A.,WSE,pl_market,EQUITY
AMB.WA,AMBRA,Ambra S.A.,WSE,pl_market,EQUITY
ATC.WA,ARCTIC,Arctic Paper S.A.,WSE,pl_market,EQUITY
MLS.WA,MLSYSTEM,ML System S.A.,WSE,pl_market,EQUITY
TOA.WA,TOYA,TOYA S.A.,WSE,pl_market,EQUITY
ENT.WA,ENTER,Enter Air Sp. z o.o.,WSE,pl_market,EQUITY
ANR.WA,ANSWEAR,Answear.com S.A.,WSE,pl_market,EQUITY
OAT.WA,OAT,OncoArendi Therapeutics S.A.,WSE,pl_market,EQUITY
WLT.WA,WIELTON,Wielton S.A.,WSE,pl_market,EQUITY
BST.WA,BEST,BEST S.A.,WSE,pl_market,EQUITY
CAV.WA,CAVATINA,Cavatina Holding Spólka Akcyjna,WSE,pl_market,EQUITY
PBX.WA,PEKABEX,Pekabex S.A.,WSE,pl_market,EQUITY
CRJ.WA,CREEPYJAR,Creepy Jar S.A.,WSE,pl_market,EQUITY
MGT.WA,MANGATA,Mangata Holding S.A.,WSE,pl_market,EQUITY
ARH.WA,ARCHICOM,Archicom S.A.,WSE,pl_market,EQUITY
RWL.WA,RAWLPLUG,Rawlplug S.A.,WSE,pl_market,EQUITY
VGO.WA,VIGOSYS,VIGO System S.A.,WSE,pl_market,EQUITY
SEL.WA,SELENAFM,Selena FM S.A.,WSE,pl_market,EQUITY
TAR.WA,TARCZYNSKI,Tarczynski S.A.,WSE,pl_market,EQUITY
ENE.WA,ENELMED,Centrum Medyczne ENEL-MED S.A.,WSE,pl_market,EQUITY
SNK.WA,SANOK,Sanok Rubber Company Spólka Akcyjna,WSE,pl_market,EQUITY
CTS.WA,CITYSERV,City Service SE,WSE,pl_market,EQUITY
VOX.WA,VOXEL,Voxel S.A.,WSE,pl_market,EQUITY
PCX.WA,PCCEXOL,PCC Exol S.A.,WSE,pl_market,EQUITY
LTX.WA,LENTEX,Lentex S.A.,WSE,pl_market,EQUITY
NVT.WA,NOVITA,Novita S.A.,WSE,pl_market,EQUITY
PEN.WA,PHOTON,Photon Energy N.V.,WSE,pl_market,EQUITY
OBL.WA,ORZBIALY,Orzel Bialy S.A.,WSE,pl_market,EQUITY
KGN.WA,KOGENERA,Zespól Elektrocieplowni Wroclawskich KOGENERACJA S.A.,WSE,pl_market,EQUITY
RON.WA,RONSON,Ronson Development SE,WSE,pl_market,EQUITY
OVO.WA,OVOSTAR,Ovostar Union Public Company Limited,WSE,pl_market,EQUITY
AGO.WA,AGORA,Agora S.A.,WSE,pl_market,EQUITY
GNB.WA,GETINOBLE,Getin Noble Bank S.A.,WSE,pl_market,EQUITY
MRB.WA,MIRBUD,Mirbud S.A.,WSE,pl_market,EQUITY
LKD.WA,LOKUM,Lokum Deweloper S.A.,WSE,pl_market,EQUITY
DCR.WA,DECORA,Decora S.A.,WSE,pl_market,EQUITY
BIO.WA,BIOTON,BIOTON S.A.,WSE,pl_market,EQUITY
ATG.WA,ATMGRUPA,ATM Grupa S.A.,WSE,pl_market,EQUITY
RBW.WA,RAINBOW,Rainbow Tours S.A.,WSE,pl_market,EQUITY
GLC.WA,GLCOSMED,Global Cosmed S.A.,WSE,pl_market,EQUITY
IRL.WA,INTERAOLT,AB Inter RAO Lietuva,WSE,pl_market,EQUITY
MVP.WA,MARVIPOL,Marvipol Development S.A.,WSE,pl_market,EQUITY
ULM.WA,ULMA,ULMA Construccion Polska S.A.,WSE,pl_market,EQUITY
KPL.WA,KINOPOL,Kino Polska TV Spolka Akcyjna,WSE,pl_market,EQUITY
KRC.WA,KREC,Krynicki Recykling Spólka Akcyjna,WSE,pl_market,EQUITY
MFO.WA,MFO,MFO S.A.,WSE,pl_market,EQUITY
SFG.WA,SILVANO,AS Silvano Fashion Group,WSE,pl_market,EQUITY
UNI.WA,UNIBEP,UNIBEP S.A.,WSE,pl_market,EQUITY
UNT.WA,UNIMOT,Unimot S.A.,WSE,pl_market,EQUITY
ACG.WA,ACAUTOGAZ,AC Spólka Akcyjna,WSE,pl_market,EQUITY
INP.WA,INPRO,Inpro S.A.,WSE,pl_market,EQUITY
CMP.WA,COMP,Comp S.A.,WSE,pl_market,EQUITY
TOR.WA,TORPOL,Torpol S.A.,WSE,pl_market,EQUITY
BMC.WA,BUMECH,Bumech S.A.,WSE,pl_market,EQUITY
ACT.WA,ACTION,Action S.A.,WSE,pl_market,EQUITY
WTN.WA,WITTCHEN,Wittchen S.A.,WSE,pl_market,EQUITY
CIG.WA,CIGAMES,CI Games S.A.,WSE,pl_market,EQUITY
INK.WA,INSTALKRK,Instal Kraków S.A.,WSE,pl_market,EQUITY
DEK.WA,DEKPOL,Dekpol S.A.,WSE,pl_market,EQUITY
GRN.WA,GRODNO,Grodno Spólka Akcyjna,WSE,pl_market,EQUITY
BML.WA,BIOMEDLUB,BIOMED-LUBLIN Wytwórnia Surowic i Szczepionek S.A.,WSE,pl_market,EQUITY
BBT.WA,BOOMBIT,BoomBit S.A.,WSE,pl_market,EQUITY
WXF.WA,WARIMPEX,Warimpex Finanz- und Beteiligungs AG,WSE,pl_market,EQUITY
MCR.WA,MERCOR,Mercor S.A.,WSE,pl_market,EQUITY
KRI.WA,KREDYTIN,Kredyt Inkaso S.A.,WSE,pl_market,EQUITY
EMC.WA,EMCINSMED,EMC Instytut Medyczny SA,WSE,pl_market,EQUITY
SNT.WA,SYNEKTIK,Synektik Spólka Akcyjna,WSE,pl_market,EQUITY
GTN.WA,GETIN,Getin Holding S.A.,WSE,pl_market,EQUITY
QRS.WA,QUERCUS,Quercus TFI S.A.,WSE,pl_market,EQUITY
PTG.WA,POLTREG,Poltreg S.A.,WSE,pl_market,EQUITY
ALG.WA,AIGAMES,All in! Games S.A.,WSE,pl_market,EQUITY
FER.WA,FERRUM,Ferrum S.A.,WSE,pl_market,EQUITY
PUE.WA,ZPUE,ZPUE S.A.,WSE,pl_market,EQUITY
VOT.WA,VOTUM,Votum S.A.,WSE,pl_market,EQUITY
SKH.WA,SKARBIEC,Skarbiec Holding S.A.,WSE,pl_market,EQUITY
RES.WA,RESBUD,Resbud SE,WSE,pl_market,EQUITY
KVT.WA,KRVITAMIN,Krynica Vitamin S.A.,WSE,pl_market,EQUITY
SGN.WA,SYGNITY,Sygnity S.A.,WSE,pl_market,EQUITY
GKI.WA,IMMOBILE,Grupa Kapitalowa IMMOBILE S.A.,WSE,pl_market,EQUITY
DAD.WA,DADELO,Dadelo S.A.,WSE,pl_market,EQUITY
RFK.WA,RAFAKO,Rafako S.A.,WSE,pl_market,EQUITY
STF.WA,STALPROFI,Stalprofil S.A.,WSE,pl_market,EQUITY
OEX.WA,OEX,OEX S.A.,WSE,pl_market,EQUITY
POZ.WA,POZBUD,Compremum S.A.,WSE,pl_market,EQUITY
PUR.WA,PURE,Pure Biologics Spólka Akcyjna,WSE,pl_market,EQUITY
GRX.WA,GREENX,GreenX Metals Limited,WSE,pl_market,EQUITY
IFI.WA,IFIRMA,Ifirma SA,WSE,pl_market,EQUITY
LBW.WA,LUBAWA,Lubawa S.A.,WSE,pl_market,EQUITY
ATD.WA,ATENDE,Atende S.A.,WSE,pl_market,EQUITY
CDL.WA,CDRL,CDRL S.A.,WSE,pl_market,EQUITY
NVA.WA,PANOVA,P.A. Nova S.A.,WSE,pl_market,EQUITY
ALL.WA,AILLERON,Ailleron S.A.,WSE,pl_market,EQUITY
CNT.WA,CNT,Centrum Nowoczesnych Technologii S.A.,WSE,pl_market,EQUITY
BOW.WA,BOWIM,Bowim S.A.,WSE,pl_market,EQUITY
TRK.WA,TRAKCJA,Trakcja PRKiI S.A.,WSE,pl_market,EQUITY
RPC.WA,ROPCZYCE,Zaklady Magnezytowe ROPCZYCE S.A.,WSE,pl_market,EQUITY
APN.WA,APLISENS,Aplisens S.A.,WSE,pl_market,EQUITY
SON.WA,SONEL,Sonel S.A.,WSE,pl_market,EQUITY
SWG.WA,SECOGROUP,Seco/Warwick S.A.,WSE,pl_market,EQUITY
AGT.WA,AGROTON,Agroton Public Limited,WSE,pl_market,EQUITY
MSZ.WA,MOSTALZAB,Mostostal Zabrze S.A.,WSE,pl_market,EQUITY
WAS.WA,WASKO,Wasko S.A.,WSE,pl_market,EQUITY
NTU.WA,NOVATURAS,Novaturas AB,WSE,pl_market,EQUITY
ETL.WA,EUROTEL,Eurotel S.A.,WSE,pl_market,EQUITY
MSW.WA,MOSTALWAR,Mostostal Warszawa S.A.,WSE,pl_market,EQUITY
CLE.WA,COALENERG,Coal Energy S.A.,WSE,pl_market,EQUITY
RNC.WA,REINO,REINO Capital S.A.,WSE,pl_market,EQUITY
XTP.WA,XTPL,XTPL S.A.,WSE,pl_market,EQUITY
ICE.WA,MEDINICE,Medinice S.A.,WSE,pl_market,EQUITY
INL.WA,INTROL,Introl S.A.,WSE,pl_market,EQUITY
GOB.WA,GOBARTO,Gobarto S.A.,WSE,pl_market,EQUITY
ULG.WA,ULTGAMES,Ultimate Games S.A.,WSE,pl_market,EQUITY
INF.WA,INTERFERI,INTERFERIE Spólka Akcyjna,WSE,pl_market,EQUITY
PGV.WA,PGFGROUP,PGF Polska Grupa Fotowoltaiczna SA,WSE,pl_market,EQUITY
ODL.WA,ODLEWNIE,Odlewnie Polskie S.A.,WSE,pl_market,EQUITY
RDL.WA,RADPOL,Radpol S.A.,WSE,pl_market,EQUITY
ART.WA,ARTIFEX,Artifex Mundi S.A.,WSE,pl_market,EQUITY
SES.WA,SESCOM,Sescom S.A.,WSE,pl_market,EQUITY
MDI.WA,MDIENERGIA,MDI Energia S.A.,WSE,pl_market,EQUITY
OPM.WA,OPTEAM,OPTeam Spólka Akcyjna,WSE,pl_market,EQUITY
PLX.WA,PLASTBOX,Przetwórstwo Tworzyw Sztucznych Plast-Box S.A.,WSE,pl_market,EQUITY
SUW.WA,SUWARY,Suwary S.A.,WSE,pl_market,EQUITY
PPS.WA,PEPEES,Pepees S.A.,WSE,pl_market,EQUITY
I2D.WA,I2DEV,i2 Development S.A.,WSE,pl_market,EQUITY
LEN.WA,LENA,Lena Lighting S.A.,WSE,pl_market,EQUITY
OTS.WA,OTLOG,OT Logistics S.A.,WSE,pl_market,EQUITY
SVRS.WA,SILVAIR-REGS,"Silvair, Inc.",WSE,pl_market,EQUITY
EAH.WA,ESOTIQ,ESOTIQ & Henderson S.A.,WSE,pl_market,EQUITY
CRM.WA,CORMAY,PZ Cormay S.A.,WSE,pl_market,EQUITY
KMP.WA,KOMPAP,Przedsiebiorstwo Produkcyjno - Handlowe KOMPAP S.A.,WSE,pl_market,EQUITY
IPE.WA,IPOPEMA,IPOPEMA Securities S.A.,WSE,pl_market,EQUITY
IZS.WA,IZOSTAL,Izostal S.A.,WSE,pl_market,EQUITY
TRR.WA,TERMOREX,Termo-Rex S.A.,WSE,pl_market,EQUITY
KPD.WA,KPPD,Koszalinskie Przedsiebiorstwo Przemyslu Drzewnego Spólka Akcyjna,WSE,pl_market,EQUITY
IMS.WA,IMS,IMS S.A.,WSE,pl_market,EQUITY
PHR.WA,PHARMENA,Pharmena S.A.,WSE,pl_market,EQUITY
GIG.WA,GIGROUP,Gi Group Poland S.A.,WSE,pl_market,EQUITY
ZMT.WA,ZAMET,Zamet S.A.,WSE,pl_market,EQUITY
DEL.WA,DELKO,Delko S.A.,WSE,pl_market,EQUITY
ATL.WA,ATLASEST,Atlas Estates Limited,WSE,pl_market,EQUITY
VIN.WA,VINDEXUS,Gielda Praw Majatkowych Vindexus Spolka Akcyjna,WSE,pl_market,EQUITY
OTM.WA,OTMUCHOW,Zaklady Przemyslu Cukierniczego Otmuchów S.A.,WSE,pl_market,EQUITY
APE.WA,APSENERGY,APS Energia SA,WSE,pl_market,EQUITY
MDG.WA,MEDICALG,Medicalgorithmics S.A.,WSE,pl_market,EQUITY
KGL.WA,KGL,Korporacja KGL S.A.,WSE,pl_market,EQUITY
HDR.WA,HYDROTOR,Przedsiebiorstwo Hydrauliki Silowej HYDROTOR S.A.,WSE,pl_market,EQUITY
LBT.WA,LIBET,Libet S.A.,WSE,pl_market,EQUITY
INV.WA,INVISTA,Invista S.A.,WSE,pl_market,EQUITY
MPH.WA,MASTERPHA,Master Pharm SA,WSE,pl_market,EQUITY
RNK.WA,RANKPROGR,Rank Progress S.A.,WSE,pl_market,EQUITY
VTI.WA,VENTUREIN,Venture INC ASI S.A.,WSE,pl_market,EQUITY
SNX.WA,SUNEX,Sunex S.A.,WSE,pl_market,EQUITY
PWX.WA,POLWAX,Polwax S.A.,WSE,pl_market,EQUITY
PMP.WA,PAMAPOL,Pamapol S.A.,WSE,pl_market,EQUITY
KCI.WA,KCI,KCI Spolka Akcyjna,WSE,pl_market,EQUITY
BRG.WA,BERLING,Berling S.A.,WSE,pl_market,EQUITY
FEE.WA,FEERUM,Feerum S.A.,WSE,pl_market,EQUITY
HEL.WA,HELIO,Helio S.A.,WSE,pl_market,EQUITY
ZUE.WA,ZUE,ZUE S.A.,WSE,pl_market,EQUITY
RLP.WA,RELPOL,Relpol S.A.,WSE,pl_market,EQUITY
WIK.WA,WIKANA,Wikana S.A.,WSE,pl_market,EQUITY
RAF.WA,RAFAMET,Fabryka Obrabiarek RAFAMET S.A.,WSE,pl_market,EQUITY
PJP.WA,PROJPRZEM,PJP Makrum S.A.,WSE,pl_market,EQUITY
BIP.WA,BIOPLANET,Bio Planet S.A.,WSE,pl_market,EQUITY
IZB.WA,IZOBLOK,IZOBLOK S.A.,WSE,pl_market,EQUITY
NTT.WA,NTTSYSTEM,NTT System S.A.,WSE,pl_market,EQUITY
TRN.WA,TRANSPOL,Trans Polonia S.A.,WSE,pl_market,EQUITY
MON.WA,MONNARI,Monnari Trade S.A.,WSE,pl_market,EQUITY
MLK.WA,MILKILAND,Milkiland N.V.,WSE,pl_market,EQUITY
NNG.WA,NANOGROUP,NanoGroup S.A.,WSE,pl_market,EQUITY
SKT.WA,SKOTAN,Skotan SA,WSE,pl_market,EQUITY
SWD.WA,SWISSMED,Swissmed Centrum Zdrowia S.A.,WSE,pl_market,EQUITY
MAK.WA,MAKARONPL,Makarony Polskie S.A.,WSE,pl_market,EQUITY
CPD.WA,CELTIC,CPD S.A.,WSE,pl_market,EQUITY
ALI.WA,ALTUS,ALTUS SA,WSE,pl_market,EQUITY
ELZ.WA,ELZAB,Zaklady Urzadzen Komputerowych ELZAB S.A.,WSE,pl_market,EQUITY
LAB.WA,LABOPRINT,Labo Print S.A.,WSE,pl_market,EQUITY
BBD.WA,BBIDEV,BBI Development S.A.,WSE,pl_market,EQUITY
ATP.WA,ATLANTAPL,Atlanta Poland S.A.,WSE,pl_market,EQUITY
SME.WA,SIMPLE,Simple S.A.,WSE,pl_market,EQUITY
ELT.WA,ELEKTROTI,Elektrotim S.A.,WSE,pl_market,EQUITY
SEK.WA,SEKO,Seko S.A.,WSE,pl_market,EQUITY
PRT.WA,PROTEKTOR,Protektor S.A.,WSE,pl_market,EQUITY
K2H.WA,K2HOLDING,K2 Holding S.A.,WSE,pl_market,EQUITY
PRM.WA,PROCHEM,Prochem S.A.,WSE,pl_market,EQUITY
INC.WA,INC,INC S.A.,WSE,pl_market,EQUITY
KSG.WA,KSGAGRO,KSG Agro S.A.,WSE,pl_market,EQUITY
WOJ.WA,WOJAS,Wojas S.A.,WSE,pl_market,EQUITY
PLZ.WA,PLAZACNTR,Plaza Centers N.V.,WSE,pl_market,EQUITY
B24.WA,BRAND24,Brand 24 S.A.,WSE,pl_market,EQUITY
HRS.WA,HERKULES,Herkules S.A.,WSE,pl_market,EQUITY
3RG.WA,3RGAMES,3R Games S.A.,WSE,pl_market,EQUITY
MIR.WA,MIRACULUM,Miraculum S.A.,WSE,pl_market,EQUITY
HMI.WA,HMINWEST,HM Inwest S.A.,WSE,pl_market,EQUITY
AWM.WA,AIRWAY,Airway Medix S.A.,WSE,pl_market,EQUITY
HRP.WA,HARPER,Harper Hygienics S.A.,WSE,pl_market,EQUITY
TLX.WA,TALEX,Talex S.A.,WSE,pl_market,EQUITY
QNT.WA,QUANTUM,Quantum Software S.A.,WSE,pl_market,EQUITY
GIF.WA,GAMFACTOR,Gaming Factory S.A.,WSE,pl_market,EQUITY
GOP.WA,GAMEOPS,Games Operators S.A.,WSE,pl_market,EQUITY
VTL.WA,VISTAL,Vistal Gdynia S.A.,WSE,pl_market,EQUITY
RMK.WA,REMAK,Remak-Energomontaz S.A.,WSE,pl_market,EQUITY
IDM.WA,IDMSA,IDM S.A.,WSE,pl_market,EQUITY
SHG.WA,STARHEDGE,Starhedge S.A.,WSE,pl_market,EQUITY
MSP.WA,MOSTALPLC,Mostostal Plock S.A.,WSE,pl_market,EQUITY
06N.WA,06MAGNA,Magna Polonia S.A.,WSE,pl_market,EQUITY
08N.WA,08OCTAVA,NFI Octava S.A.,WSE,pl_market,EQUITY
LSI.WA,LSISOFT,LSI Software S.A.,WSE,pl_market,EQUITY
FSG.WA,FASING,Fabryki Sprzetu i Narzedzi Górniczych Grupa Kapitalowa FASING S.A.,WSE,pl_market,EQUITY
MWT.WA,MWTRADE,M.W. Trade SA,WSE,pl_market,EQUITY
IPO.WA,INTERSPPL,Intersport Polska S.A.,WSE,pl_market,EQUITY
TSG.WA,TESGAS,Tesgas S.A.,WSE,pl_market,EQUITY
VVD.WA,VIVID,Vivid Games S.A.,WSE,pl_market,EQUITY
PGM.WA,PMPG,PMPG Polskie Media SA,WSE,pl_market,EQUITY
PBG.WA,PBG,PBG S.A.,WSE,pl_market,EQUITY
DPL.WA,DROZAPOL,Drozapol-Profil S.A.,WSE,pl_market,EQUITY
ENP.WA,ENAP,Energoaparatura SA,WSE,pl_market,EQUITY
YOL.WA,YOLO,YOLO S.A.,WSE,pl_market,EQUITY
ERG.WA,ERG,ERG Spólka Akcyjna,WSE,pl_market,EQUITY
EDI.WA,EDINVEST,ED Invest Spólka Akcyjna,WSE,pl_market,EQUITY
NVG.WA,NOVAVISGR,Novavis Group S.A.,WSE,pl_market,EQUITY
AAT.WA,ALTA,Alta S.A.,WSE,pl_market,EQUITY
CZT.WA,CZTOREBKA,Czerwona Torebka Spólka Akcyjna,WSE,pl_market,EQUITY
ADV.WA,ADIUVO,Adiuvo Investments S.A.,WSE,pl_market,EQUITY
PAT.WA,PATENTUS,Patentus S.A.,WSE,pl_market,EQUITY
MXC.WA,MAXCOM,Maxcom S.A.,WSE,pl_market,EQUITY
NXG.WA,NEXITY,Nexity Global S.A.,WSE,pl_market,EQUITY
CCE.WA,CCENERGY,Clean&Carbon Energy S.A.,WSE,pl_market,EQUITY
4FM.WA,4FUNMEDIA,4fun Media S.A.,WSE,pl_market,EQUITY
GCN.WA,GROCLIN,Groclin S.A.,WSE,pl_market,EQUITY
EFK.WA,EFEKT,Korporacja Gospodarcza efekt S.A.,WSE,pl_market,EQUITY
EEX.WA,EKOEXPORT,Eko Export S.A.,WSE,pl_market,EQUITY
ATS.WA,ATLANTIS,Atlantis SE,WSE,pl_market,EQUITY
KOM.WA,KOMPUTRON,Komputronik S.A.,WSE,pl_market,EQUITY
SNW.WA,SANWIL,Sanwil Holding Spólka Akcyjna,WSE,pl_market,EQUITY
RHD.WA,REINHOLD,Reinhold Europe AB (publ),WSE,pl_market,EQUITY
ARR.WA,ARTERIA,Arteria S.A.,WSE,pl_market,EQUITY
BAH.WA,BAHOLDING,British Automotive Holding S.A.,WSE,pl_market,EQUITY
CPA.WA,CAPITAL,Capital Partners S.A.,WSE,pl_market,EQUITY
TRI.WA,TRITON,Triton Development S.A.,WSE,pl_market,EQUITY
ZRE.WA,ZREMB,Zaklad Budowy Maszyn ZREMB - Chojnice Spolka Akcyjna,WSE,pl_market,EQUITY
ENI.WA,ENERGOINS,Energoinstal S.A.,WSE,pl_market,EQUITY
BRA.WA,BRASTER,Braster S.A.,WSE,pl_market,EQUITY
ATR.WA,ATREM,Atrem S.A.,WSE,pl_market,EQUITY
JWW.WA,JWWINVEST,JWW Invest S.A.,WSE,pl_market,EQUITY
EUC.WA,EUCO,Europejskie Centrum Odszkodowan S.A.,WSE,pl_market,EQUITY
CPL.WA,COMPERIA,Comperia.pl S.A.,WSE,pl_market,EQUITY
DTR.WA,DIGITREE,Digitree Group S.A.,WSE,pl_market,EQUITY
IMP.WA,IMPERIO,Imperio Alternatywna Spolka Inwestycyjna S.A.,WSE,pl_market,EQUITY
BDZ.WA,BEDZIN,Elektrocieplownia Bedzin S.A.,WSE,pl_market,EQUITY
EKP.WA,ELKOP,Elkop SE,WSE,pl_market,EQUITY
LRQ.WA,LARQ,Larq S.A.,WSE,pl_market,EQUITY
TBL.WA,TBULL,T-Bull S.A.,WSE,pl_market,EQUITY
TOW.WA,TOWERINVT,Tower Investments S.A.,WSE,pl_market,EQUITY
MEX.WA,MEXPOLSKA,Mex Polska S.A.,WSE,pl_market,EQUITY
SKL.WA,SKYLINE,Skyline Investment S.A.,WSE,pl_market,EQUITY
PTH.WA,PRIMETECH,Primetech S.A.,WSE,pl_market,EQUITY
ZUK.WA,STAPORKOW,Zaklady Urzadzen Kotlowych Staporków S.A.,WSE,pl_market,EQUITY
MZA.WA,MUZA,Muza S.A.,WSE,pl_market,EQUITY
MOJ.WA,MOJ,MOJ S.A.,WSE,pl_market,EQUITY
URS.WA,URSUS,Ursus S.A.,WSE,pl_market,EQUITY
SOL.WA,SOLAR,Solar Company S.A.,WSE,pl_market,EQUITY
PRD.WA,PROCAD,Procad S.A.,WSE,pl_market,EQUITY
PRI.WA,PRAGMAINK,Pragma Inkaso S.A.,WSE,pl_market,EQUITY
SFS.WA,SFINKS,Sfinks Polska S.A.,WSE,pl_market,EQUITY
RDN.WA,REDAN,Redan S.A.,WSE,pl_market,EQUITY
MAN.WA,MANYDEV,ManyDev Studio SE,WSE,pl_market,EQUITY
BCM.WA,BETACOM,Betacom S.A.,WSE,pl_market,EQUITY
SHD.WA,SOHODEV,Soho Development S.A.,WSE,pl_market,EQUITY
U2K.WA,UNIMA,Unima 2000 Systemy Teleinformatyczne S.A.,WSE,pl_market,EQUITY
FON.WA,FON,FON SE,WSE,pl_market,EQUITY
SLZ.WA,SLEEPZAG,Sleepz AG,WSE,pl_market,EQUITY
IZO.WA,IZOLACJA,Izolacja Jarocin Spolka Akcyjna,WSE,pl_market,EQUITY
PUN.WA,PUNKPIRAT,PunkPirates S.A.,WSE,pl_market,EQUITY
STS.WA,SATIS,Satis Group S.A.,WSE,pl_market,EQUITY
DGA.WA,DGA,DGA Spólka Akcyjna,WSE,pl_market,EQUITY
ITB.WA,INTERBUD,Interbud-Lublin S.A.,WSE,pl_market,EQUITY
IBS.WA,IBSM,Noble Financials S.A.,WSE,pl_market,EQUITY
WIS.WA,WINVEST,Baltic Bridge Spólka Akcyjna,WSE,pl_market,EQUITY
KCH.WA,KRAKCHEM,Krakchemia S.A.,WSE,pl_market,EQUITY
PMA.WA,PRIMAMODA,Prima Moda S.A.,WSE,pl_market,EQUITY
OPF.WA,OPENFIN,Open Finance S.A.,WSE,pl_market,EQUITY
IFR.WA,IFSA,Investment Friends SE,WSE,pl_market,EQUITY
PBF.WA,PBSFINANSE,PBS Finanse S.A.,WSE,pl_market,EQUITY
FMG.WA,FMG,ONE S.A.,WSE,pl_market,EQUITY
APL.WA,AMPLI,Ampli S.A.,WSE,pl_market,EQUITY
ITM.WA,ITMTRADE,Interma Trade S.A.,WSE,pl_market,EQUITY
FFI.WA,FASTFIN,Fast Finance S.A.,WSE,pl_market,EQUITY
BCS.WA,BIGCHEESE,Big Cheese Studio Spolka Akcyjna,WSE,pl_market,EQUITY
BIPA.WA,BIOPLANET-PDA,Bio Planet S.A.,WSE,pl_market,EQUITY
