symbol,shortName,longName,exchange,market,quoteType
AAPL.MX,APPLE INC,Apple Inc.,MEX,mx_market,EQUITY
MSFT.MX,MICROSOFT CORP,Microsoft Corporation,MEX,mx_market,EQUITY
GOOG.MX,ALPHABET INC,Alphabet Inc.,MEX,mx_market,EQUITY
GOOGL.MX,ALPHABET INC,Alphabet Inc.,MEX,mx_market,EQUITY
AMZN.MX,AMAZON COM INC,"Amazon.com, Inc.",MEX,mx_market,EQUITY
TSLA.MX,TESLA INC,"Tesla, Inc.",MEX,mx_market,EQUITY
FB.MX,META PLATFORMS INC,"Meta Platforms, Inc.",MEX,mx_market,EQUITY
BRKB.MX,BERKSHIRE HATHAWAY INC,Berkshire Hathaway Inc.,MEX,mx_market,EQUITY
NVDA.MX,NVIDIA CORP,NVIDIA Corporation,MEX,mx_market,EQUITY
TSMN.MX,TAIWAN SEMICONDUCTOR MANUFACTUR,Taiwan Semiconductor Manufacturing Company Limited,MEX,mx_market,EQUITY
JPM.MX,JPMORGAN CHASE & CO.,JPMorgan Chase & Co.,MEX,mx_market,EQUITY
TCEHYN.MX,TENCENT HOLDINGS LIMITED,Tencent Holdings Limited,MEX,mx_market,EQUITY
V.MX,VISA INC,Visa Inc.,MEX,mx_market,EQUITY
JNJ.MX,JOHNSON & JOHNSON,Johnson & Johnson,MEX,mx_market,EQUITY
UNH.MX,UNITEDHEALTH GROUP INC,UnitedHealth Group Incorporated,MEX,mx_market,EQUITY
HD.MX,HOME DEPOT INC,"The Home Depot, Inc.",MEX,mx_market,EQUITY
BAC.MX,BANK OF AMERICA CORPORATION,Bank of America Corporation,MEX,mx_market,EQUITY
MCN.MX,LVMH MOET HENNESSY VUITTON SE,"LVMH Moët Hennessy - Louis Vuitton, Société Européenne",MEX,mx_market,EQUITY
WMT.MX,WALMART INC,Walmart Inc.,MEX,mx_market,EQUITY
PG.MX,PROCTER & GAMBLE CO,The Procter & Gamble Company,MEX,mx_market,EQUITY
MA.MX,MASTERCARD INCORPORATED,Mastercard Incorporated,MEX,mx_market,EQUITY
BABAN.MX,ALIBABA GROUP HOLDING LTD,Alibaba Group Holding Limited,MEX,mx_market,EQUITY
ASMLN.MX,ASML HOLDING NV,ASML Holding N.V.,MEX,mx_market,EQUITY
PFE.MX,PFIZER INC,Pfizer Inc.,MEX,mx_market,EQUITY
XOM.MX,EXXON MOBIL CORPORATION,Exxon Mobil Corporation,MEX,mx_market,EQUITY
DIS.MX,THE WALT DISNEY COMPANY,The Walt Disney Company,MEX,mx_market,EQUITY
TMN.MX,TOYOTA MOTOR CORP,Toyota Motor Corporation,MEX,mx_market,EQUITY
KO.MX,COCA-COLA CO,The Coca-Cola Company,MEX,mx_market,EQUITY
CSCO.MX,CISCO SYSTEMS INC,"Cisco Systems, Inc.",MEX,mx_market,EQUITY
LLY.MX,ELI LILLY AND COMPANY,Eli Lilly and Company,MEX,mx_market,EQUITY
AVGO.MX,BROADCOM INC,Broadcom Inc.,MEX,mx_market,EQUITY
NKE.MX,NIKE INC,"NIKE, Inc.",MEX,mx_market,EQUITY
ADBE.MX,ADOBE INC,Adobe Inc.,MEX,mx_market,EQUITY
CVX.MX,CHEVRON CORPORATION,Chevron Corporation,MEX,mx_market,EQUITY
ABT.MX,ABBOTT LABORATORIES,Abbott Laboratories,MEX,mx_market,EQUITY
ACNN.MX,ACCENTURE PLC,Accenture plc,MEX,mx_market,EQUITY
PEP.MX,PEPSICO INC,"PepsiCo, Inc.",MEX,mx_market,EQUITY
TMO.MX,THERMO FISHER SCIENTIFIC INC,Thermo Fisher Scientific Inc.,MEX,mx_market,EQUITY
NFLX.MX,NETFLIX INC,"Netflix, Inc.",MEX,mx_market,EQUITY
ABBV.MX,ABBVIE INC,AbbVie Inc.,MEX,mx_market,EQUITY
COST.MX,COSTCO WHOLESALE CORP,Costco Wholesale Corporation,MEX,mx_market,EQUITY
NVON.MX,NOVO NORDISK A/S,Novo Nordisk A/S,MEX,mx_market,EQUITY
ORCL.MX,ORACLE CORP,Oracle Corporation,MEX,mx_market,EQUITY
CMCSA.MX,COMCAST CORP,Comcast Corporation,MEX,mx_market,EQUITY
VZ.MX,VERIZON COMMUNICATIONS,Verizon Communications Inc.,MEX,mx_market,EQUITY
CRM.MX,SALESFORCE.COM INC,"salesforce.com, inc.",MEX,mx_market,EQUITY
PYPL.MX,PAYPAL HOLDINGS INC,"PayPal Holdings, Inc.",MEX,mx_market,EQUITY
WFC.MX,WELLS FARGO & COMPANY,Wells Fargo & Company,MEX,mx_market,EQUITY
INTC.MX,INTEL CORP,Intel Corporation,MEX,mx_market,EQUITY
DHR.MX,DANAHER CORP,Danaher Corporation,MEX,mx_market,EQUITY
MRK.MX,MERCK & CO INC,"Merck & Co., Inc.",MEX,mx_market,EQUITY
QCOM.MX,QUALCOMM INC,QUALCOMM Incorporated,MEX,mx_market,EQUITY
MCD.MX,MCDONALD'S CORPORATION,McDonald's Corporation,MEX,mx_market,EQUITY
NVSN.MX,NOVARTIS AG,Novartis AG,MEX,mx_market,EQUITY
MS.MX,MORGAN STANLEY,Morgan Stanley,MEX,mx_market,EQUITY
UPS.MX,UNITED PARCEL SERVICE INC,"United Parcel Service, Inc.",MEX,mx_market,EQUITY
T.MX,AT&T INC,AT&T Inc.,MEX,mx_market,EQUITY
C.MX,CITIGROUP INC,Citigroup Inc.,MEX,mx_market,EQUITY
RDSB.MX,ROYAL DUTCH SHELL,Royal Dutch Shell plc,MEX,mx_market,EQUITY
AZNN.MX,ASTRAZENECA,AstraZeneca PLC,MEX,mx_market,EQUITY
LOW.MX,LOWE'S COMPANIES INC,"Lowe's Companies, Inc.",MEX,mx_market,EQUITY
RDSA.MX,ROYAL DUTCH SHELL,Royal Dutch Shell plc,MEX,mx_market,EQUITY
SCHW.MX,SCHWAB(CHARLES)CORP,The Charles Schwab Corporation,MEX,mx_market,EQUITY
NEE.MX,NEXTERA ENERGY INC,"NextEra Energy, Inc.",MEX,mx_market,EQUITY
INTU.MX,INTUIT INC,Intuit Inc.,MEX,mx_market,EQUITY
UNP.MX,UNION PACIFIC CORP,Union Pacific Corporation,MEX,mx_market,EQUITY
SAPN.MX,SAP SE,SAP SE,MEX,mx_market,EQUITY
GS.MX,GOLDMAN SACHS GROUP INC,"The Goldman Sachs Group, Inc.",MEX,mx_market,EQUITY
AMD.MX,ADVANCED MICRO DEVICES INC,"Advanced Micro Devices, Inc.",MEX,mx_market,EQUITY
BHPN.MX,BHP GROUP LTD,BHP Group,MEX,mx_market,EQUITY
RYN.MX,ROYAL BANK OF CANADA,Royal Bank of Canada,MEX,mx_market,EQUITY
PM.MX,PHILIP MORRIS INTERNATIONAL INC,Philip Morris International Inc.,MEX,mx_market,EQUITY
HON.MX,HONEYWELL INTERNATIONAL INC,Honeywell International Inc.,MEX,mx_market,EQUITY
PTRN.MX,PETROCHINA CO,PetroChina Company Limited,MEX,mx_market,EQUITY
FEMSAUBD.MX,FOMENTO ECONOMICO MEXICANO SAB ,"Fomento Económico Mexicano, S.A.B. de C.V.",MEX,mx_market,EQUITY
TMUS.MX,T-MOBILE US INC,"T-Mobile US, Inc.",MEX,mx_market,EQUITY
CVS.MX,CVS HEALTH CORPORATION,CVS Health Corporation,MEX,mx_market,EQUITY
1299N.MX,AIA GROUP LIMITED,AIA Group Limited,MEX,mx_market,EQUITY
BMY.MX,BRISTOL-MYERS SQUIBB CO,Bristol-Myers Squibb Company,MEX,mx_market,EQUITY
RTX.MX,RAYTHEON TECHNOLOGIES CORPORATI,Raytheon Technologies Corporation,MEX,mx_market,EQUITY
AXP.MX,AMERICAN EXPRESS CO,American Express Company,MEX,mx_market,EQUITY
BLK.MX,BLACKROCK INC,"BlackRock, Inc.",MEX,mx_market,EQUITY
VOW3N.MX,VOLKSWAGEN AG,Volkswagen AG,MEX,mx_market,EQUITY
AMAT.MX,APPLIED MATERIALS INC,"Applied Materials, Inc.",MEX,mx_market,EQUITY
SHOPN.MX,SHOPIFY INC,Shopify Inc.,MEX,mx_market,EQUITY
AMGN.MX,AMGEN INC,Amgen Inc.,MEX,mx_market,EQUITY
BA.MX,BOEING CO,The Boeing Company,MEX,mx_market,EQUITY
SBUX.MX,STARBUCKS CORP,Starbucks Corporation,MEX,mx_market,EQUITY
AMT.MX,AMERICAN TOWER CORP,American Tower Corporation,MEX,mx_market,EQUITY
CAT.MX,CATERPILLAR INC,Caterpillar Inc.,MEX,mx_market,EQUITY
IBM.MX,INTERNATIONAL BUS MACH CORP,International Business Machines Corporation,MEX,mx_market,EQUITY
DEON.MX,DIAGEO,Diageo plc,MEX,mx_market,EQUITY
ALVN.MX,ALLIANZ SE,Allianz SE,MEX,mx_market,EQUITY
NOWW.MX,SERVICENOW INC,"ServiceNow, Inc.",MEX,mx_market,EQUITY
PLD.MX,PROLOGIS INC,"Prologis, Inc.",MEX,mx_market,EQUITY
DE.MX,DEERE & CO,Deere & Company,MEX,mx_market,EQUITY
ISRG.MX,INTUITIVE SURGICAL INC,"Intuitive Surgical, Inc.",MEX,mx_market,EQUITY
RION.MX,RIO TINTO,Rio Tinto Group,MEX,mx_market,EQUITY
CHTR.MX,CHARTER COMMUNICATIONS INC,"Charter Communications, Inc.",MEX,mx_market,EQUITY
GE.MX,GENERAL ELECTRIC CO,General Electric Company,MEX,mx_market,EQUITY
TGT.MX,TARGET CORP,Target Corporation,MEX,mx_market,EQUITY
COP.MX,CONOCOPHILLIPS,ConocoPhillips,MEX,mx_market,EQUITY
ANB.MX,ANHEUSER-BUSCH INBEV SA/NV,Anheuser-Busch InBev SA/NV,MEX,mx_market,EQUITY
SPGI.MX,S&P GLOBAL INC,S&P Global Inc.,MEX,mx_market,EQUITY
JDN.MX,JD.COM INC,"JD.com, Inc.",MEX,mx_market,EQUITY
ZTS.MX,ZOETIS INC,Zoetis Inc.,MEX,mx_market,EQUITY
ABNB.MX,AIRBNB INC,"Airbnb, Inc.",MEX,mx_market,EQUITY
MU.MX,MICRON TECHNOLOGY INC,"Micron Technology, Inc.",MEX,mx_market,EQUITY
SUN.MX,SCHNEIDER ELECTRIC SE,Schneider Electric S.E.,MEX,mx_market,EQUITY
MMM.MX,3M COMPANY,3M Company,MEX,mx_market,EQUITY
LMT.MX,LOCKHEED MARTIN CORP,Lockheed Martin Corporation,MEX,mx_market,EQUITY
BKNG.MX,BOOKING HOLDINGS INC,Booking Holdings Inc.,MEX,mx_market,EQUITY
BNPN.MX,BNP PARIBAS,BNP Paribas SA,MEX,mx_market,EQUITY
LRCX.MX,LAM RESEARCH CORP,Lam Research Corporation,MEX,mx_market,EQUITY
F.MX,FORD MOTOR CO,Ford Motor Company,MEX,mx_market,EQUITY
BNS.MX,BANK OF NOVA SCOTIA,The Bank of Nova Scotia,MEX,mx_market,EQUITY
PNC.MX,PNC FINANCIAL SERVICES GROUP,"The PNC Financial Services Group, Inc.",MEX,mx_market,EQUITY
MDLZ.MX,MONDELEZ INTL INC,"Mondelez International, Inc.",MEX,mx_market,EQUITY
CFRIN.MX,COMPAGNIE FINANCIERE RICHEMONT ,Compagnie Financière Richemont SA,MEX,mx_market,EQUITY
BPN.MX,BP,BP p.l.c.,MEX,mx_market,EQUITY
ITXN.MX,INDITEX (IND.DE DISENO TEXTIL S,"Industria de Diseño Textil, S.A.",MEX,mx_market,EQUITY
SNOW.MX,SNOWFLAKE INC,Snowflake Inc.,MEX,mx_market,EQUITY
USB.MX,US BANCORP,U.S. Bancorp,MEX,mx_market,EQUITY
TJX.MX,TJX COS INC,"The TJX Companies, Inc.",MEX,mx_market,EQUITY
GM.MX,GENERAL MOTORS CO,General Motors Company,MEX,mx_market,EQUITY
MO.MX,ALTRIA GROUP INC,"Altria Group, Inc.",MEX,mx_market,EQUITY
GILD.MX,GILEAD SCIENCES INC,"Gilead Sciences, Inc.",MEX,mx_market,EQUITY
AIRN.MX,AIRBUS SE,Airbus SE,MEX,mx_market,EQUITY
MRNA.MX,MODERNA INC,"Moderna, Inc.",MEX,mx_market,EQUITY
TFC.MX,TRUIST FINANCIAL CORPORATION,Truist Financial Corporation,MEX,mx_market,EQUITY
CNIN.MX,CANADIAN NATIONAL RAILWAYS CO,Canadian National Railway Company,MEX,mx_market,EQUITY
SHW.MX,SHERWIN-WILLIAMS CO,The Sherwin-Williams Company,MEX,mx_market,EQUITY
ACOFN.MX,ATLAS COPCO AB,Atlas Copco AB,MEX,mx_market,EQUITY
CCI1.MX,CROWN CASTLE INTERNATIONAL CORP,Crown Castle International Corp.,MEX,mx_market,EQUITY
BX.MX,BLACKSTONE INC,Blackstone Inc.,MEX,mx_market,EQUITY
UBER.MX,UBER TECHNOLOGIES INC,"Uber Technologies, Inc.",MEX,mx_market,EQUITY
HCA.MX,HCA HEALTHCARE INC,"HCA Healthcare, Inc.",MEX,mx_market,EQUITY
LFCN.MX,CHINA LIFE INSURANCE CO,China Life Insurance Company Limited,MEX,mx_market,EQUITY
ETN1N.MX,EATON CORPORATION PLC,Eaton Corporation plc,MEX,mx_market,EQUITY
VALEN.MX,VALE S.A.,Vale S.A.,MEX,mx_market,EQUITY
ICE.MX,INTERCONTINENTAL EXCHANGE INC,"Intercontinental Exchange, Inc.",MEX,mx_market,EQUITY
NSC.MX,NORFOLK SOUTHERN CORP,Norfolk Southern Corporation,MEX,mx_market,EQUITY
FIS.MX,FIDELITY NATL INFORMATION SERVI,"Fidelity National Information Services, Inc.",MEX,mx_market,EQUITY
CL.MX,COLGATE-PALMOLIVE CO,Colgate-Palmolive Company,MEX,mx_market,EQUITY
BDX.MX,BECTON DICKINSON & CO,"Becton, Dickinson and Company",MEX,mx_market,EQUITY
FISV.MX,FISERV INC,"Fiserv, Inc.",MEX,mx_market,EQUITY
FDX.MX,FEDEX CORP,FedEx Corporation,MEX,mx_market,EQUITY
BMWM5N.MX,BAYERISCHE MOTOREN WERKE AG,Bayerische Motoren Werke Aktiengesellschaft,MEX,mx_market,EQUITY
EQIX.MX,EQUINIX INC,"Equinix, Inc.",MEX,mx_market,EQUITY
PBRN.MX,PETROLEO BRASILEIRO SA PETROBRA,Petróleo Brasileiro S.A. - Petrobras,MEX,mx_market,EQUITY
MRVL1.MX,MARVELL TECHNOLOGY INC,"Marvell Technology, Inc.",MEX,mx_market,EQUITY
MCO.MX,MOODYS CORP,Moody's Corporation,MEX,mx_market,EQUITY
NXPIN.MX,NXP SEMICONDUCTORS N V,NXP Semiconductors N.V.,MEX,mx_market,EQUITY
WMI.MX,WASTE MANAGEMENT INC,"Waste Management, Inc.",MEX,mx_market,EQUITY
LCID.MX,LUCID GROUP INC,"Lucid Group, Inc.",MEX,mx_market,EQUITY
KEYN.MX,KEYENCE CORP,Keyence Corporation,MEX,mx_market,EQUITY
AMXA.MX,AMERICA MOVIL SAB DE CV,"América Móvil, S.A.B. de C.V.",MEX,mx_market,EQUITY
SNAP.MX,SNAP INC,Snap Inc.,MEX,mx_market,EQUITY
REGN.MX,REGENERON PHARMACEUTICALS INC,"Regeneron Pharmaceuticals, Inc.",MEX,mx_market,EQUITY
AMXL.MX,AMERICA MOVIL SAB DE CV,"América Móvil, S.A.B. de C.V.",MEX,mx_market,EQUITY
ECL.MX,ECOLAB INC,Ecolab Inc.,MEX,mx_market,EQUITY
KLAC.MX,KLA CORPORATION,KLA Corporation,MEX,mx_market,EQUITY
D.MX,DOMINION ENERGY INC,"Dominion Energy, Inc.",MEX,mx_market,EQUITY
SQ.MX,BLOCK INC,"Block, Inc.",MEX,mx_market,EQUITY
PGR.MX,PROGRESSIVE CORP(OHIO),The Progressive Corporation,MEX,mx_market,EQUITY
NOC.MX,NORTHROP GRUMMAN CORP,Northrop Grumman Corporation,MEX,mx_market,EQUITY
RACEN.MX,FERRARI N V,Ferrari N.V.,MEX,mx_market,EQUITY
WDAY.MX,WORKDAY INC,"Workday, Inc.",MEX,mx_market,EQUITY
WALMEX.MX,WAL-MART DE MEXICO SAB DE CV,"Wal-Mart de México, S.A.B. de C.V.",MEX,mx_market,EQUITY
FCX.MX,FREEPORT-MCMORAN INC,Freeport-McMoRan Inc.,MEX,mx_market,EQUITY
BSX.MX,BOSTON SCIENTIFIC CORP,Boston Scientific Corporation,MEX,mx_market,EQUITY
SAN.MX,BANCO SANTANDER SA,"Banco Santander, S.A.",MEX,mx_market,EQUITY
GD.MX,GENERAL DYNAMICS CORP,General Dynamics Corporation,MEX,mx_market,EQUITY
ILMN.MX,ILLUMINA INC,"Illumina, Inc.",MEX,mx_market,EQUITY
HUM.MX,HUMANA INC,Humana Inc.,MEX,mx_market,EQUITY
KKRC.MX,KKR & CO INC,KKR & Co. Inc.,MEX,mx_market,EQUITY
ADSK.MX,AUTODESK INC,"Autodesk, Inc.",MEX,mx_market,EQUITY
EOG.MX,EOG RESOURCES INC,"EOG Resources, Inc.",MEX,mx_market,EQUITY
MET.MX,METLIFE INC,"MetLife, Inc.",MEX,mx_market,EQUITY
EMR.MX,EMERSON ELECTRIC CO,Emerson Electric Co.,MEX,mx_market,EQUITY
VRTX.MX,VERTEX PHARMACEUTICAL,Vertex Pharmaceuticals Incorporated,MEX,mx_market,EQUITY
EXC.MX,EXELON CORP,Exelon Corporation,MEX,mx_market,EQUITY
HMCN.MX,HONDA MOTOR CO,"Honda Motor Co., Ltd.",MEX,mx_market,EQUITY
MELIN.MX,MERCADOLIBRE INC,"MercadoLibre, Inc.",MEX,mx_market,EQUITY
MAR.MX,MARRIOTT INTERNATIONAL INC,"Marriott International, Inc.",MEX,mx_market,EQUITY
SNPS.MX,SYNOPSYS INC,"Synopsys, Inc.",MEX,mx_market,EQUITY
PANW.MX,PALO ALTO NETWORKS INC,"Palo Alto Networks, Inc.",MEX,mx_market,EQUITY
BIDUN.MX,BAIDU INC,"Baidu, Inc.",MEX,mx_market,EQUITY
ZM.MX,ZOOM VIDEO COMMUNICATIONS INC,"Zoom Video Communications, Inc.",MEX,mx_market,EQUITY
SPG.MX,SIMON PROPERTY GROUP INC,"Simon Property Group, Inc.",MEX,mx_market,EQUITY
FTNT.MX,FORTINET INC,"Fortinet, Inc.",MEX,mx_market,EQUITY
APH.MX,AMPHENOL CORP,Amphenol Corporation,MEX,mx_market,EQUITY
VMW.MX,VMWARE INC,"VMware, Inc.",MEX,mx_market,EQUITY
BAYNN.MX,BAYER AG,Bayer Aktiengesellschaft,MEX,mx_market,EQUITY
MNST.MX,MONSTER BEVERAGE CORP,Monster Beverage Corporation,MEX,mx_market,EQUITY
EPD.MX,ENTERPRISE PRODS PARTNERS L P,Enterprise Products Partners L.P.,MEX,mx_market,EQUITY
IQV.MX,IQVIA HOLDINGS INC,IQVIA Holdings Inc.,MEX,mx_market,EQUITY
XLNX.MX,XILINX INC,"Xilinx, Inc.",MEX,mx_market,EQUITY
WITN.MX,WIPRO LTD,Wipro Limited,MEX,mx_market,EQUITY
AIG.MX,AMERICAN INTERNATIONAL GROUP IN,"American International Group, Inc.",MEX,mx_market,EQUITY
SCCO.MX,SOUTHERN COPPER CORPORATION,Southern Copper Corporation,MEX,mx_market,EQUITY
ATVI.MX,ACTIVISION BLIZZARD INC,"Activision Blizzard, Inc.",MEX,mx_market,EQUITY
DLR.MX,DIGITAL REALTY TRUST INC,"Digital Realty Trust, Inc.",MEX,mx_market,EQUITY
DXCM.MX,DEXCOM INC,"DexCom, Inc.",MEX,mx_market,EQUITY
PUKN.MX,PRUDENTIAL,Prudential plc,MEX,mx_market,EQUITY
PXD.MX,PIONEER NATURAL RESOURCES CO,Pioneer Natural Resources Company,MEX,mx_market,EQUITY
ROP.MX,ROPER TECHNOLOGIES INC,"Roper Technologies, Inc.",MEX,mx_market,EQUITY
KMB.MX,KIMBERLY CLARK CORP,Kimberly-Clark Corporation,MEX,mx_market,EQUITY
CDNS.MX,CADENCE DESIGN SYSTEMS INC,"Cadence Design Systems, Inc.",MEX,mx_market,EQUITY
SLBN.MX,SCHLUMBERGER LIMITED,Schlumberger Limited,MEX,mx_market,EQUITY
BCSN.MX,BARCLAYS PLC,Barclays PLC,MEX,mx_market,EQUITY
NEM.MX,NEWMONT CORPORATION,Newmont Corporation,MEX,mx_market,EQUITY
CTSH.MX,COGNIZANT TECHNOLOGY SOLUTIONS ,Cognizant Technology Solutions Corporation,MEX,mx_market,EQUITY
APTVN.MX,APTIV PLC,Aptiv PLC,MEX,mx_market,EQUITY
CARR.MX,CARRIER GLOBAL CORPORATION,Carrier Global Corporation,MEX,mx_market,EQUITY
STZ.MX,CONSTELLATION BRANDS INC,"Constellation Brands, Inc.",MEX,mx_market,EQUITY
CMG.MX,CHIPOTLE MEXICAN GRILL,"Chipotle Mexican Grill, Inc.",MEX,mx_market,EQUITY
KHC.MX,KRAFT HEINZ CO,The Kraft Heinz Company,MEX,mx_market,EQUITY
SIVB.MX,SVB FINANCIAL GROUP,SVB Financial Group,MEX,mx_market,EQUITY
LULU.MX,LULULEMON ATHLETICA INC,Lululemon Athletica Inc.,MEX,mx_market,EQUITY
WBA.MX,WALGREENS BOOTS ALLIANCE INC,"Walgreens Boots Alliance, Inc.",MEX,mx_market,EQUITY
A.MX,AGILENT TECHNOLOGIES INC,"Agilent Technologies, Inc.",MEX,mx_market,EQUITY
CPNG.MX,COUPANG INC,"Coupang, Inc.",MEX,mx_market,EQUITY
EW.MX,EDWARDS LIFESCIENCES CORP,Edwards Lifesciences Corporation,MEX,mx_market,INDEX
CNC.MX,CENTENE CORPORATION,Centene Corporation,MEX,mx_market,EQUITY
SRE.MX,SEMPRA,Sempra,MEX,mx_market,EQUITY
DELLC.MX,DELL TECHNOLOGIES INC,Dell Technologies Inc.,MEX,mx_market,EQUITY
GPN.MX,GLOBAL PAYMENTS INC,Global Payments Inc.,MEX,mx_market,EQUITY
NTRN.MX,NUTRIEN LTD,Nutrien Ltd.,MEX,mx_market,EQUITY
BAX.MX,BAXTER INTERNATIONAL INC,Baxter International Inc.,MEX,mx_market,EQUITY
SUUN.MX,SUNCOR ENERGY INC,Suncor Energy Inc.,MEX,mx_market,EQUITY
CRWD.MX,CROWDSTRIKE HOLDINGS INC,"CrowdStrike Holdings, Inc.",MEX,mx_market,EQUITY
DOW1.MX,DOW INC,Dow Inc.,MEX,mx_market,EQUITY
DD.MX,DUPONT DE NEMOURS INC,"DuPont de Nemours, Inc.",MEX,mx_market,EQUITY
RSGA.MX,REPUBLIC SERVICES INC,"Republic Services, Inc.",MEX,mx_market,EQUITY
HLT.MX,HILTON WORLDWIDE HOLDINGS INC,Hilton Worldwide Holdings Inc.,MEX,mx_market,EQUITY
PH.MX,PARKER-HANNIFIN CORP,Parker-Hannifin Corporation,MEX,mx_market,EQUITY
HPQ.MX,HP INCORPORATION,HP Inc.,MEX,mx_market,EQUITY
PPG.MX,PPG INDUSTRIES INC,"PPG Industries, Inc.",MEX,mx_market,EQUITY
EBAY.MX,EBAY INC,eBay Inc.,MEX,mx_market,EQUITY
GIS.MX,GENERAL MILLS INC,"General Mills, Inc.",MEX,mx_market,EQUITY
BBVA.MX,BANCO BILBAO VIZCAYA ARGENTARIA,"Banco Bilbao Vizcaya Argentaria, S.A.",MEX,mx_market,EQUITY
CTAS.MX,CINTAS CORP,Cintas Corporation,MEX,mx_market,EQUITY
TRV.MX,TRAVELERS COMPANIES INC,"The Travelers Companies, Inc.",MEX,mx_market,EQUITY
ANET.MX,ARISTA NETWORKS INC,"Arista Networks, Inc.",MEX,mx_market,EQUITY
SPOTN.MX,SPOTIFY TECHNOLOGY S.A.,Spotify Technology S.A.,MEX,mx_market,EQUITY
TWLO.MX,TWILIO INC,Twilio Inc.,MEX,mx_market,EQUITY
O.MX,REALTY INCOME CORP,Realty Income Corporation,MEX,mx_market,EQUITY
DDOG.MX,DATADOG INC,"Datadog, Inc.",MEX,mx_market,EQUITY
PGHNN.MX,PARTNERS GROUP HLG AG,Partners Group Holding AG,MEX,mx_market,EQUITY
ALCN.MX,ALCON AG,Alcon Inc.,MEX,mx_market,EQUITY
KMI.MX,KINDER MORGAN INC,"Kinder Morgan, Inc.",MEX,mx_market,EQUITY
ODFL.MX,OLD DOMINION FREIGHT LINE INC,"Old Dominion Freight Line, Inc.",MEX,mx_market,EQUITY
ABEVN.MX,AMBEV SA,Ambev S.A.,MEX,mx_market,EQUITY
MCK.MX,MCKESSON CORPORATION,McKesson Corporation,MEX,mx_market,EQUITY
CLNXN.MX,CELLNEX TELECOM SAU,"Cellnex Telecom, S.A.",MEX,mx_market,EQUITY
TTD.MX,THE TRADE DESK INC,"The Trade Desk, Inc.",MEX,mx_market,EQUITY
XEL.MX,XCEL ENERGY INC,Xcel Energy Inc.,MEX,mx_market,EQUITY
EA.MX,ELECTRONIC ARTS INC,Electronic Arts Inc.,MEX,mx_market,EQUITY
KR.MX,KROGER CO,The Kroger Co.,MEX,mx_market,EQUITY
ROST.MX,ROSS STORES INC,"Ross Stores, Inc.",MEX,mx_market,EQUITY
FRC.MX,FIRST REPUBLIC BANK SAN FRANCIS,First Republic Bank,MEX,mx_market,EQUITY
ERICN.MX,ERICSSON,Telefonaktiebolaget LM Ericsson (publ),MEX,mx_market,EQUITY
PHIAN.MX,KONINKLIJKE PHILIPS NV,Koninklijke Philips N.V.,MEX,mx_market,EQUITY
ZS.MX,ZSCALER INC,"Zscaler, Inc.",MEX,mx_market,EQUITY
ITUBN.MX,ITAU UNIBANCO HOLDINGS S.A.,Itaú Unibanco Holding S.A.,MEX,mx_market,EQUITY
AMP.MX,AMERIPRISE FINANCIAL INC,"Ameriprise Financial, Inc.",MEX,mx_market,EQUITY
CBRE.MX,CBRE GROUP INC,"CBRE Group, Inc.",MEX,mx_market,EQUITY
NDAQ.MX,NASDAQ INC,"Nasdaq, Inc.",MEX,mx_market,EQUITY
BIIB.MX,BIOGEN INC,Biogen Inc.,MEX,mx_market,EQUITY
U.MX,UNITY SOFTWARE INC,Unity Software Inc.,MEX,mx_market,EQUITY
CMI.MX,CUMMINS INC,Cummins Inc.,MEX,mx_market,EQUITY
NOKN.MX,NOKIA OYJ,Nokia Corporation,MEX,mx_market,EQUITY
ET.MX,ENERGY TRANSFER LP,Energy Transfer LP,MEX,mx_market,INDEX
DHI.MX,DR HORTON INC,"D.R. Horton, Inc.",MEX,mx_market,EQUITY
VRSK.MX,VERISK ANALYTICS INC,"Verisk Analytics, Inc.",MEX,mx_market,EQUITY
GMEXICOB.MX,GRUPO MEXICO SAB DE CV,"Grupo México, S.A.B. de C.V.",MEX,mx_market,EQUITY
LSEN.MX,LONDON STOCK EXCHANGE GROUP,London Stock Exchange Group plc,MEX,mx_market,EQUITY
EPAM.MX,EPAM SYS INC,"EPAM Systems, Inc.",MEX,mx_market,EQUITY
VLO.MX,VALERO ENERGY CORP,Valero Energy Corporation,MEX,mx_market,EQUITY
CPRT.MX,COPART INC,"Copart, Inc.",MEX,mx_market,EQUITY
AME.MX,AMETEK INC,"AMETEK, Inc.",MEX,mx_market,EQUITY
TSN.MX,TYSON FOODS INC,"Tyson Foods, Inc.",MEX,mx_market,EQUITY
NET.MX,CLOUDFLARE INC,"Cloudflare, Inc.",MEX,mx_market,EQUITY
DVN.MX,DEVON ENERGY CORP,Devon Energy Corporation,MEX,mx_market,EQUITY
NUE.MX,NUCOR CORP,Nucor Corporation,MEX,mx_market,EQUITY
LYBN.MX,LYONDELLBASELL INDUSTRIES N V,LyondellBasell Industries N.V.,MEX,mx_market,EQUITY
DLTR.MX,DOLLAR TREE INC,"Dollar Tree, Inc.",MEX,mx_market,EQUITY
TWTR.MX,TWITTER INC,"Twitter, Inc.",MEX,mx_market,EQUITY
GOLDN.MX,BARRICK GOLD CORPORATION,Barrick Gold Corporation,MEX,mx_market,EQUITY
SWK.MX,STANLEY BLACK & DECKER INC,"Stanley Black & Decker, Inc.",MEX,mx_market,EQUITY
WST.MX,WEST PHARMACEUTICAL SERVICES IN,"West Pharmaceutical Services, Inc.",MEX,mx_market,EQUITY
OXY1.MX,OCCIDENTAL PETROLEUM CORP,Occidental Petroleum Corporation,MEX,mx_market,EQUITY
MDB.MX,MONGODB INC,"MongoDB, Inc.",MEX,mx_market,EQUITY
DBN.MX,DEUTSCHE BANK AG,Deutsche Bank Aktiengesellschaft,MEX,mx_market,EQUITY
ON.MX,ON SEMICONDUCTOR CORP,ON Semiconductor Corporation,MEX,mx_market,EQUITY
OKTA.MX,OKTA INC,"Okta, Inc.",MEX,mx_market,EQUITY
LVS.MX,LAS VEGAS SANDS CORP,Las Vegas Sands Corp.,MEX,mx_market,EQUITY
LH.MX,LABORATORY CORP AMER HLDGS,Laboratory Corporation of America Holdings,MEX,mx_market,EQUITY
ALB.MX,ALBEMARLE CORP,Albemarle Corporation,MEX,mx_market,EQUITY
MLM.MX,MARTIN MARIETTA MATERIALS INC,"Martin Marietta Materials, Inc.",MEX,mx_market,EQUITY
CERN.MX,CERNER CORP,Cerner Corporation,MEX,mx_market,EQUITY
TSCO1.MX,TRACTOR SUPPLY CO,Tractor Supply Company,MEX,mx_market,EQUITY
DOCU.MX,DOCUSIGN INC,"DocuSign, Inc.",MEX,mx_market,EQUITY
LUV.MX,SOUTHWEST AIRLINES CO,Southwest Airlines Co.,MEX,mx_market,EQUITY
FNVN.MX,FRANCO NEVADA CORP,Franco-Nevada Corporation,MEX,mx_market,EQUITY
TER.MX,TERADYNE INC,"Teradyne, Inc.",MEX,mx_market,EQUITY
DAL.MX,DELTA AIR LINES INC,"Delta Air Lines, Inc.",MEX,mx_market,EQUITY
SYF.MX,SYNCHRONY FINANCIAL,Synchrony Financial,MEX,mx_market,EQUITY
SWKS.MX,SKYWORKS SOLUTIONS INC,"Skyworks Solutions, Inc.",MEX,mx_market,EQUITY
FTV.MX,FORTIVE CORP,Fortive Corporation,MEX,mx_market,EQUITY
CCLN.MX,CARNIVAL PLC,Carnival Corporation & plc,MEX,mx_market,EQUITY
EL.MX,ESTEE LAUDER COMPANIES INC,The Estée Lauder Companies Inc.,MEX,mx_market,INDEX
CHD.MX,CHURCH & DWIGHT,"Church & Dwight Co., Inc.",MEX,mx_market,EQUITY
MGAN.MX,MAGNA INTERNATIONAL INC,Magna International Inc.,MEX,mx_market,EQUITY
CSN.MX,CREDIT SUISSE GROUP,Credit Suisse Group AG,MEX,mx_market,EQUITY
TEFN.MX,TELEFONICA SA,"Telefónica, S.A.",MEX,mx_market,EQUITY
BBY.MX,BEST BUY CO INC,"Best Buy Co., Inc.",MEX,mx_market,EQUITY
DRE.MX,DUKE REALTY CORPORATION,Duke Realty Corporation,MEX,mx_market,EQUITY
ROKU.MX,ROKU INC,"Roku, Inc.",MEX,mx_market,EQUITY
URI.MX,UNITED RENTALS INC,"United Rentals, Inc.",MEX,mx_market,EQUITY
HAL.MX,HALLIBURTON CO,Halliburton Company,MEX,mx_market,EQUITY
VIAC.MX,VIACOMCBS INC,ViacomCBS Inc.,MEX,mx_market,EQUITY
ETSY.MX,ETSY INC,"Etsy, Inc.",MEX,mx_market,EQUITY
CFG.MX,CITIZENS FINANCIAL GROUP INC,"Citizens Financial Group, Inc.",MEX,mx_market,EQUITY
K.MX,KELLOGG COMPANY,Kellogg Company,MEX,mx_market,EQUITY
BKR.MX,BAKER HUGHES COMPANY,Baker Hughes Company,MEX,mx_market,EQUITY
CHWY.MX,CHEWY INC,"Chewy, Inc.",MEX,mx_market,EQUITY
SBNY.MX,SIGNATURE BANK,Signature Bank,MEX,mx_market,EQUITY
HPE.MX,HEWLETT PACKARD ENTERPRISE CO,Hewlett Packard Enterprise Company,MEX,mx_market,EQUITY
EXPD.MX,EXPEDITORS INTERN OF WASHINGTON,"Expeditors International of Washington, Inc.",MEX,mx_market,EQUITY
AFRM.MX,AFFIRM HLDGS INC,"Affirm Holdings, Inc.",MEX,mx_market,EQUITY
FANG.MX,DIAMONDBACK ENERGY INC,"Diamondback Energy, Inc.",MEX,mx_market,EQUITY
CLX.MX,CLOROX CO,The Clorox Company,MEX,mx_market,EQUITY
ULTA.MX,ULTA BEAUTY INC,"Ulta Beauty, Inc.",MEX,mx_market,EQUITY
PAYC.MX,PAYCOM SOFTWARE INC,"Paycom Software, Inc.",MEX,mx_market,EQUITY
MGM.MX,MGM RESORTS INTERNATIONAL,MGM Resorts International,MEX,mx_market,EQUITY
WDC.MX,WESTERN DIGITAL CORP,Western Digital Corporation,MEX,mx_market,EQUITY
XYL.MX,XYLEM INC,Xylem Inc.,MEX,mx_market,EQUITY
PINS.MX,PINTEREST INC,"Pinterest, Inc.",MEX,mx_market,EQUITY
RNECN.MX,RENESAS ELECTRONICS CORP,Renesas Electronics Corporation,MEX,mx_market,EQUITY
GFNORTEO.MX,GRUPO FINANCIERO BANORTE,"Grupo Financiero Banorte, S.A.B. de C.V.",MEX,mx_market,EQUITY
RCL.MX,ROYAL CARIBBEAN GROUP,Royal Caribbean Cruises Ltd.,MEX,mx_market,EQUITY
SY1N.MX,SYMRISE AG,Symrise AG,MEX,mx_market,EQUITY
GNRC.MX,GENERAC HLDGS INC,Generac Holdings Inc.,MEX,mx_market,EQUITY
KMX.MX,CARMAX INC,"CarMax, Inc.",MEX,mx_market,EQUITY
ENPH.MX,ENPHASE ENERGY INC,"Enphase Energy, Inc.",MEX,mx_market,EQUITY
TTWO.MX,TAKE TWO INTERACTIVE SOFTWARE I,"Take-Two Interactive Software, Inc.",MEX,mx_market,EQUITY
FLT.MX,FLEETCOR TECHNOLOGIES INC,"FLEETCOR Technologies, Inc.",MEX,mx_market,EQUITY
DGX.MX,QUEST DIAGNOSTICS INC,Quest Diagnostics Incorporated,MEX,mx_market,EQUITY
WAB.MX,WABTEC CORP,Westinghouse Air Brake Technologies Corporation,MEX,mx_market,EQUITY
TECKN.MX,TECK RESOURCES LIMITED,Teck Resources Limited,MEX,mx_market,EQUITY
BURL.MX,BURLINGTON STORES INC,"Burlington Stores, Inc.",MEX,mx_market,EQUITY
CLR.MX,CONTINENTAL RESOURCES INC,"Continental Resources, Inc.",MEX,mx_market,EQUITY
SPLK.MX,SPLUNK INC,Splunk Inc.,MEX,mx_market,EQUITY
CG.MX,CARLYLE GROUP INC,The Carlyle Group Inc.,MEX,mx_market,EQUITY
IEX.MX,IDEX CORP,IDEX Corporation,MEX,mx_market,EQUITY
ACHN.MX,ALUMINUM CORP OF CHINA(CHALCO),Aluminum Corporation of China Limited,MEX,mx_market,EQUITY
QSRN.MX,RESTAURANT BRANDS INTL INC,Restaurant Brands International Inc.,MEX,mx_market,EQUITY
REPSN.MX,REPSOL SA,"Repsol, S.A.",MEX,mx_market,EQUITY
FDS.MX,FACTSET RESEARCH SYSTEMS,FactSet Research Systems Inc.,MEX,mx_market,EQUITY
ALLY1.MX,ALLY FINANCIAL INC,Ally Financial Inc.,MEX,mx_market,EQUITY
ELEKTRA.MX,GRUPO ELEKTRA SAB DE CV,"Grupo Elektra, S.A.B. de C.V.",MEX,mx_market,EQUITY
EMN.MX,EASTMAN CHEMICAL CO,Eastman Chemical Company,MEX,mx_market,EQUITY
TECH.MX,BIO-TECHNE CORP,Bio-Techne Corporation,MEX,mx_market,EQUITY
DISCA.MX,DISCOVERY INC,"Discovery, Inc.",MEX,mx_market,EQUITY
AES.MX,AES CORP,The AES Corporation,MEX,mx_market,EQUITY
NLOK.MX,NORTONLIFELOCK INC,NortonLifeLock Inc.,MEX,mx_market,EQUITY
ABMD.MX,ABIOMED INC,"Abiomed, Inc.",MEX,mx_market,EQUITY
BMRN.MX,BIOMARIN PHARMACEUTICAL,BioMarin Pharmaceutical Inc.,MEX,mx_market,EQUITY
SJM.MX,SMUCKER(J.M.)CO,The J. M. Smucker Company,MEX,mx_market,EQUITY
BLDR.MX,BUILDERS FIRSTSOURCE INC,"Builders FirstSource, Inc.",MEX,mx_market,EQUITY
UAL.MX,UNITED AIRLINES HOLDINGS INC,"United Airlines Holdings, Inc.",MEX,mx_market,EQUITY
CAH.MX,CARDINAL HEALTH INC,"Cardinal Health, Inc.",MEX,mx_market,EQUITY
LYFT.MX,LYFT INC,"Lyft, Inc.",MEX,mx_market,EQUITY
MOS.MX,MOSAIC CO,The Mosaic Company,MEX,mx_market,EQUITY
PHM.MX,PULTE GROUP INC,"PulteGroup, Inc.",MEX,mx_market,EQUITY
PLUG.MX,PLUG POWER INC,Plug Power Inc.,MEX,mx_market,EQUITY
Z.MX,ZILLOW GROUP INC,"Zillow Group, Inc.",MEX,mx_market,EQUITY
TREX1.MX,TREX COMPANY INC,"Trex Company, Inc.",MEX,mx_market,EQUITY
LUMN.MX,LUMEN TECHNOLOGIES INC,"Lumen Technologies, Inc.",MEX,mx_market,EQUITY
BIMBOA.MX,GRUPO BIMBO SAB DE CV,"Grupo Bimbo, S.A.B. de C.V.",MEX,mx_market,EQUITY
CPB.MX,CAMPBELL SOUP CO,Campbell Soup Company,MEX,mx_market,EQUITY
MRO.MX,MARATHON OIL CORPORATION,Marathon Oil Corporation,MEX,mx_market,EQUITY
CCL1N.MX,CARNIVAL CORP NEW,Carnival Corporation & plc,MEX,mx_market,EQUITY
HOOD.MX,ROBINHOOD MARKETS INC,"Robinhood Markets, Inc.",MEX,mx_market,EQUITY
TDOC.MX,TELADOC HEALTH INC,"Teladoc Health, Inc.",MEX,mx_market,EQUITY
LDOS.MX,LEIDOS HOLDINGS INC,"Leidos Holdings, Inc.",MEX,mx_market,EQUITY
GDDY.MX,GODADDY INC,GoDaddy Inc.,MEX,mx_market,EQUITY
AAL.MX,AMERICAN AIRLINES GROUP INC,American Airlines Group Inc.,MEX,mx_market,EQUITY
STLD.MX,STEEL DYNAMICS INC,"Steel Dynamics, Inc.",MEX,mx_market,EQUITY
WRK.MX,WESTROCK CO,WestRock Company,MEX,mx_market,EQUITY
CTXS.MX,CITRIX SYSTEMS INC,"Citrix Systems, Inc.",MEX,mx_market,EQUITY
FICO1.MX,FAIR ISAAC CORP,Fair Isaac Corporation,MEX,mx_market,EQUITY
BAH.MX,BOOZ ALLEN HAMILTON HLDG CORP,Booz Allen Hamilton Holding Corporation,MEX,mx_market,EQUITY
AMC.MX,AMC ENTERTAINMENT HOLDINGS INC,"AMC Entertainment Holdings, Inc.",MEX,mx_market,EQUITY
PTON.MX,PELOTON INTERACTIVE INC,"Peloton Interactive, Inc.",MEX,mx_market,EQUITY
BWA.MX,BORG WARNER INC,BorgWarner Inc.,MEX,mx_market,EQUITY
CLF.MX,CLEVELAND CLIFFS INC,Cleveland-Cliffs Inc.,MEX,mx_market,EQUITY
AA1.MX,ALCOA CORPORATION,Alcoa Corporation,MEX,mx_market,EQUITY
CAR.MX,AVIS BUDGET GROUP INC,"Avis Budget Group, Inc.",MEX,mx_market,EQUITY
SOFI.MX,SOFI TECHNOLOGIES INC,"SoFi Technologies, Inc.",MEX,mx_market,EQUITY
KOFUBL.MX,COCA-COLA FEMSA S.A.B. DE C.V.,"Coca-Cola FEMSA, S.A.B. de C.V.",MEX,mx_market,EQUITY
AC.MX,ARCA CONTINENTAL SAB DE CV,"Arca Continental, S.A.B. de C.V.",MEX,mx_market,EQUITY
MEGACPO.MX,MEGACABLE HOLDINGS SAB DE CV,"Megacable Holdings, S. A. B. de C. V.",MEX,mx_market,EQUITY
DKNG.MX,DRAFTKINGS INC,DraftKings Inc.,MEX,mx_market,EQUITY
MP.MX,MP MATERIALS CORP,MP Materials Corp.,MEX,mx_market,INDEX
APA.MX,APA CORPORATION,APA Corporation,MEX,mx_market,EQUITY
GME.MX,GAMESTOP CORPORATION,GameStop Corp.,MEX,mx_market,EQUITY
BILIN.MX,BILIBILI INC,Bilibili Inc.,MEX,mx_market,EQUITY
BAPN.MX,CREDICORP,Credicorp Ltd.,MEX,mx_market,EQUITY
AZPN.MX,ASPEN TECHNOLOGY INC,"Aspen Technology, Inc.",MEX,mx_market,EQUITY
GRFPN.MX,GRIFOLS SA,"Grifols, S.A.",MEX,mx_market,EQUITY
UPST.MX,UPSTART HLDGS INC,"Upstart Holdings, Inc.",MEX,mx_market,EQUITY
CEMEXCPO.MX,CEMEX S.A.B. DE C.V.,"CEMEX, S.A.B. de C.V.",MEX,mx_market,EQUITY
WYNN.MX,WYNN RESORTS LTD,"Wynn Resorts, Limited",MEX,mx_market,EQUITY
NVAX.MX,NOVAVAX INC,"Novavax, Inc.",MEX,mx_market,EQUITY
BHCN.MX,BAUSCH HEALTH COMPANIES INC,Bausch Health Companies Inc.,MEX,mx_market,EQUITY
ARMK.MX,ARAMARK,Aramark,MEX,mx_market,EQUITY
FLEXN.MX,FLEX LTD,Flex Ltd.,MEX,mx_market,EQUITY
TX.MX,TERNIUM SA,Ternium S.A.,MEX,mx_market,EQUITY
TFIIN.MX,TFI INTERNATIONAL INC,TFI International Inc.,MEX,mx_market,EQUITY
LEVI.MX,LEVI STRAUSS & COMPANY,Levi Strauss & Co.,MEX,mx_market,EQUITY
TEVAN.MX,TEVA PHARMACEUTICAL INDUSTRIES,Teva Pharmaceutical Industries Limited,MEX,mx_market,EQUITY
AGCO.MX,AGCO CORP,AGCO Corporation,MEX,mx_market,EQUITY
FSLR.MX,FIRST SOLAR INC,"First Solar, Inc.",MEX,mx_market,EQUITY
GWRE.MX,GUIDEWIRE SOFTWARE INC,"Guidewire Software, Inc.",MEX,mx_market,EQUITY
CUERVO.MX,BECLE SAB DE CV,"Becle, S.A.B. de C.V.",MEX,mx_market,EQUITY
DBX.MX,DROPBOX INC,"Dropbox, Inc.",MEX,mx_market,EQUITY
OGN.MX,ORGANON & CO,Organon & Co.,MEX,mx_market,EQUITY
MQ.MX,MARQETA INC,"Marqeta, Inc.",MEX,mx_market,EQUITY
FRES.MX,FRESNILLO PLC,Fresnillo plc,MEX,mx_market,EQUITY
UAA.MX,UNDER ARMOUR INC,"Under Armour, Inc.",MEX,mx_market,EQUITY
GGBN.MX,GERDAU SA,Gerdau S.A.,MEX,mx_market,EQUITY
OLED.MX,UNIVERSAL DISPLAY CORP,Universal Display Corporation,MEX,mx_market,EQUITY
AGNC.MX,AGNC INVESTMENT CORP,AGNC Investment Corp.,MEX,mx_market,EQUITY
M.MX,MACY'S INC,"Macy's, Inc.",MEX,mx_market,EQUITY
MAT.MX,MATTEL INC,"Mattel, Inc.",MEX,mx_market,EQUITY
OPEN1.MX,OPENDOOR TECHNOLOGIES INC,Opendoor Technologies Inc.,MEX,mx_market,EQUITY
BSMXB.MX,BANCO SANTANDER MEXICO SA,"Banco Santander México, S.A., Institución de Banca Múltiple, Grupo Financiero Santander México",MEX,mx_market,EQUITY
BFAM.MX,BRIGHT HORIZONS FAM SOLUTIONS I,Bright Horizons Family Solutions Inc.,MEX,mx_market,EQUITY
LITE.MX,LUMENTUM HLDGS INC,Lumentum Holdings Inc.,MEX,mx_market,EQUITY
IBKR.MX,INTERACTIVE BROKERS GROUP INC,"Interactive Brokers Group, Inc.",MEX,mx_market,EQUITY
GFINBURO.MX,GRUPO FINANCIERO INBURSA SAB DE,"Grupo Financiero Inbursa, S.A.B. de C.V.",MEX,mx_market,EQUITY
WU.MX,WESTERN UNION COMPANY (THE),The Western Union Company,MEX,mx_market,EQUITY
AXTELCPO.MX,AXTEL SAB DE CV,"Axtel, S.A.B. de C.V.",MEX,mx_market,EQUITY
MEDP.MX,MEDPACE HOLDINGS INC,"Medpace Holdings, Inc.",MEX,mx_market,EQUITY
QS.MX,QUANTUMSCAPE CORPORATION,QuantumScape Corporation,MEX,mx_market,INDEX
GAPB.MX,GPO AEROPORTUARIO DEL PACIFICO ,"Grupo Aeroportuario del Pacífico, S.A.B. de C.V.",MEX,mx_market,EQUITY
GCARSOA1.MX,GRUPO CARSO SAB DE CV,"Grupo Carso, S.A.B. de C.V.",MEX,mx_market,EQUITY
GMXT.MX,GMEXICO TRANSPORTES SAB DE CV,"GMéxico Transportes, S.A.B. de C.V.",MEX,mx_market,EQUITY
KSS.MX,KOHLS CORPORATION,Kohl's Corporation,MEX,mx_market,EQUITY
ZNGA.MX,ZYNGA INC,Zynga Inc.,MEX,mx_market,EQUITY
DAVAN.MX,ENDAVA PLC,Endava plc,MEX,mx_market,EQUITY
X.MX,UNITED STATES STEEL CORP,United States Steel Corporation,MEX,mx_market,EQUITY
FRTN.MX,VALEO,Valeo SE,MEX,mx_market,EQUITY
LIVEPOLC-1.MX,EL PUERTO DE LIVERPOOL SAB DE C,"El Puerto de Liverpool, S.A.B. de C.V.",MEX,mx_market,EQUITY
OZK.MX,BANK OZK,Bank OZK,MEX,mx_market,EQUITY
GPS.MX,GAP INC,"The Gap, Inc.",MEX,mx_market,EQUITY
RUN.MX,SUNRUN INC,Sunrun Inc.,MEX,mx_market,EQUITY
HOG.MX,HARLEY DAVIDSON,"Harley-Davidson, Inc.",MEX,mx_market,EQUITY
SAM.MX,BOSTON BEER CO INC,"The Boston Beer Company, Inc.",MEX,mx_market,EQUITY
ASURB.MX,GPO AEROPORTUARIO DEL SURESTE S,"Grupo Aeroportuario del Sureste, S. A. B. de C. V.",MEX,mx_market,EQUITY
NOMDN.MX,NOMAD FOODS LIMITED,Nomad Foods Limited,MEX,mx_market,EQUITY
NCLHN.MX,NORWEGIAN CRUISE LINE HLDGS LTD,Norwegian Cruise Line Holdings Ltd.,MEX,mx_market,EQUITY
ARNA.MX,ARENA PHARMACEUTICALS INC,"Arena Pharmaceuticals, Inc.",MEX,mx_market,EQUITY
SIDN.MX,COMPANHIA SIDERURGICA NACIONAL ,Companhia Siderúrgica Nacional,MEX,mx_market,EQUITY
AMBAN.MX,AMBARELLA INC,"Ambarella, Inc.",MEX,mx_market,EQUITY
TKR.MX,TIMKEN CO,The Timken Company,MEX,mx_market,EQUITY
TLEVISACPO.MX,GRUPO TELEVISA SAB,"Grupo Televisa, S.A.B.",MEX,mx_market,EQUITY
LAZR.MX,LUMINAR TECHNOLOGIES INC,"Luminar Technologies, Inc.",MEX,mx_market,EQUITY
MSTR.MX,MICROSTRATEGY,MicroStrategy Incorporated,MEX,mx_market,EQUITY
ALTR.MX,ALTAIR ENGINEERING INC,Altair Engineering Inc.,MEX,mx_market,EQUITY
ATKR.MX,ATKORE INC,Atkore Inc.,MEX,mx_market,EQUITY
QLYS.MX,QUALYS INC,"Qualys, Inc.",MEX,mx_market,EQUITY
VSCO.MX,VICTORIAS SECRET AND CO,Victoria's Secret & Co.,MEX,mx_market,EQUITY
BBN.MX,BLACKBERRY LTD,BlackBerry Limited,MEX,mx_market,EQUITY
JBLU.MX,JETBLUE AIRWAYS CORPORATION,JetBlue Airways Corporation,MEX,mx_market,EQUITY
HRI.MX,HERC HOLDINGS INC,Herc Holdings Inc.,MEX,mx_market,EQUITY
KIMBERA.MX,KIMBERLY-CLARK DE MEXICO SAB DE,"Kimberly-Clark de México, S. A. B. de C. V.",MEX,mx_market,EQUITY
GRUMAB.MX,GRUMA SAB DE CV,"Gruma, S.A.B. de C.V.",MEX,mx_market,EQUITY
ORBIA.MX,ORBIA ADVANCE CORP S A B DE CV,"Orbia Advance Corporation, S.A.B. de C.V.",MEX,mx_market,EQUITY
FPLUS16.MX,BANCO AZTECA SA (MEXICO),Fibra Plus,MEX,mx_market,EQUITY
COLN.MX,INMOBILIARIA COLONIAL SOCIMI S.,"Inmobiliaria Colonial, SOCIMI, S.A.",MEX,mx_market,EQUITY
BHF.MX,BRIGHTHOUSE FINL INC,"Brighthouse Financial, Inc.",MEX,mx_market,EQUITY
PE&OLES.MX,INDUSTRIAS PENOLES S.A.B. DE C.,"Industrias Peñoles, S.A.B. de C.V.",MEX,mx_market,EQUITY
CHGG.MX,CHEGG INC,"Chegg, Inc.",MEX,mx_market,EQUITY
VIR.MX,VIR BIOTECHNOLOGY INC,"Vir Biotechnology, Inc.",MEX,mx_market,EQUITY
KD.MX,KYNDRYL HLDGS INC,"Kyndryl Holdings, Inc.",MEX,mx_market,EQUITY
NKLA.MX,NIKOLA CORPORATION,Nikola Corporation,MEX,mx_market,EQUITY
BYND.MX,BEYOND MEAT INC,"Beyond Meat, Inc.",MEX,mx_market,EQUITY
EXPI.MX,EXP WORLD HOLDINGS  INC,"eXp World Holdings, Inc.",MEX,mx_market,EQUITY
FIZZ.MX,NATIONAL BEVERAGE CORP,National Beverage Corp.,MEX,mx_market,EQUITY
ICHB.MX,INDUSTRIAS CH SAB DE CV,"Industrias CH, S. A. B. de C. V.",MEX,mx_market,EQUITY
SIMECB.MX,GRUPO SIMEC SAB DE CV,"Grupo Simec, S.A.B. de C.V.",MEX,mx_market,EQUITY
RVLV.MX,REVOLVE GROUP INC,"Revolve Group, Inc.",MEX,mx_market,EQUITY
ACXN.MX,ACERINOX SA,"Acerinox, S.A.",MEX,mx_market,EQUITY
SI.MX,SILVERGATE CAPITAL CORPORATION,Silvergate Capital Corporation,MEX,mx_market,EQUITY
TRIP.MX,TRIPADVISOR INC,"TripAdvisor, Inc.",MEX,mx_market,EQUITY
FSLY.MX,FASTLY INC,"Fastly, Inc.",MEX,mx_market,EQUITY
FUNO11.MX,BANCO ACTINVER SA,Fibra UNO,MEX,mx_market,EQUITY
UPWK.MX,UPWORK INC,Upwork Inc.,MEX,mx_market,EQUITY
JWN.MX,NORDSTROM INC,"Nordstrom, Inc.",MEX,mx_market,EQUITY
ARNC1.MX,ARCONIC CORPORATION,Arconic Corporation,MEX,mx_market,EQUITY
LCII.MX,LCI INDUSTRIES,LCI Industries,MEX,mx_market,EQUITY
KBH.MX,KB HOME,KB Home,MEX,mx_market,EQUITY
CAN.MX,CARREFOUR SA,Carrefour SA,MEX,mx_market,EQUITY
FLR.MX,FLUOR CORP,Fluor Corporation,MEX,mx_market,EQUITY
ALFAA.MX,ALFA S.A.B. DE C.V.,"Alfa, S.A.B. de C.V.",MEX,mx_market,EQUITY
NAFTRACISHRS.MX,NACIONAL FINANCIERA SNC INSTITU,iShares NAFTRAC,MEX,mx_market,EQUITY
SITESB-1.MX,TELESITES SAB DE CV,"Telesites, S.A.B. de C.V.",MEX,mx_market,EQUITY
BRFSN.MX,BRF SA,BRF S.A.,MEX,mx_market,EQUITY
CPE.MX,CALLON PETROLEUM CO,Callon Petroleum Company,MEX,mx_market,EQUITY
PINFRAL.MX,PROMOTORA Y OPERADORA DE INFRST,"Promotora y Operadora de Infraestructura, S. A. B. de C. V.",MEX,mx_market,EQUITY
SPCE.MX,VIRGIN GALACTIC HLDGS INC,"Virgin Galactic Holdings, Inc.",MEX,mx_market,EQUITY
EDUN.MX,NEW ORIENTAL ED & TECHNOLOGY GP,New Oriental Education & Technology Group Inc.,MEX,mx_market,EQUITY
PINFRA.MX,PROMOTORA Y OPERADORA DE INFRST,"Promotora y Operadora de Infraestructura, S. A. B. de C. V.",MEX,mx_market,EQUITY
CRNC.MX,CERENCE INC,Cerence Inc.,MEX,mx_market,EQUITY
GSANBORB-1.MX,GRUPO SANBORNS SAB DE CV,"Grupo Sanborns, S.A.B. de C.V.",MEX,mx_market,EQUITY
OPK.MX,OPKO HEALTH INC,"OPKO Health, Inc.",MEX,mx_market,EQUITY
GESTN.MX,GESTAMP AUTOMOCION,"Gestamp Automoción, S.A.",MEX,mx_market,EQUITY
WLL1.MX,WHITING PETROLEUM CORP,Whiting Petroleum Corporation,MEX,mx_market,EQUITY
MARA.MX,MARATHON DIGITAL HOLDINGS INC,"Marathon Digital Holdings, Inc.",MEX,mx_market,EQUITY
NVTA.MX,INVITAE CORP,Invitae Corporation,MEX,mx_market,EQUITY
NGVT.MX,INGEVITY CORPORATION,Ingevity Corporation,MEX,mx_market,EQUITY
BBDBN.MX,BOMBARDIER INC,Bombardier Inc.,MEX,mx_market,EQUITY
TRN.MX,TRINITY INDUSTRIES INC,"Trinity Industries, Inc.",MEX,mx_market,EQUITY
CMOCTEZ.MX,CORPORACION MOCTEZUMA SAB DE CV,"Corporación Moctezuma, S.A.B. de C.V.",MEX,mx_market,EQUITY
OMAB.MX,GRUPO AEROPORTUARIO DEL CENTRO ,"Grupo Aeroportuario del Centro Norte, S.A.B. de C.V.",MEX,mx_market,EQUITY
DDD.MX,3 D SYSTEMS INC,3D Systems Corporation,MEX,mx_market,EQUITY
EVBG.MX,EVERBRIDGE INC,"Everbridge, Inc.",MEX,mx_market,EQUITY
FLGT.MX,FULGENT GENETICS INC,"Fulgent Genetics, Inc.",MEX,mx_market,EQUITY
SKLZ.MX,SKILLZ INC,Skillz Inc.,MEX,mx_market,EQUITY
ACLS.MX,AXCELIS TECHNOLOGIES INC,"Axcelis Technologies, Inc.",MEX,mx_market,EQUITY
GCC.MX,GCC SAB DE CV,"GCC, S.A.B. de C.V.",MEX,mx_market,EQUITY
LMND.MX,LEMONADE INC,"Lemonade, Inc.",MEX,mx_market,EQUITY
RIOT.MX,RIOT BLOCKCHAIN INC,"Riot Blockchain, Inc.",MEX,mx_market,EQUITY
FUBO.MX,FUBOTV INC,fuboTV Inc.,MEX,mx_market,EQUITY
BBAJIOO.MX,BANCO DEL BAJIO,"Banco del Bajío, S.A., Institución de Banca Múltiple",MEX,mx_market,EQUITY
ALPEKA.MX,ALPEK SAB DE CV,"ALPEK, S.A.B. de C.V.",MEX,mx_market,EQUITY
FIBRAPL14.MX,BANCO ACTINVER SA,FIBRA Prologis,MEX,mx_market,EQUITY
LALAB.MX,GRUPO LALA SAB DE CV,"Grupo Lala, S.A.B. de C.V.",MEX,mx_market,EQUITY
GNW.MX,GENWORTH FINANCIAL INC,"Genworth Financial, Inc.",MEX,mx_market,EQUITY
Q.MX,QUALITAS CONTROLADORA SAB DE CV,"Quálitas Controladora, S.A.B. de C.V.",MEX,mx_market,EQUITY
VOLARA.MX,CONTROLADORA VUELA CIA DE AVIAC,"Controladora Vuela Compañía de Aviación, S.A.B. de C.V.",MEX,mx_market,EQUITY
SORIANAB.MX,ORGANIZACION SORIANA SAB DE CV,"Organización Soriana, S. A. B. de C. V.",MEX,mx_market,EQUITY
LAMOSA.MX,GRUPO LAMOSA SAB DE CV,"Grupo Lamosa, S.A.B. de C.V.",MEX,mx_market,EQUITY
BACHOCOB.MX,INDUSTRIAS BACHOCO SAB DE CV,"Industrias Bachoco, S.A.B. de C.V.",MEX,mx_market,EQUITY
RIGN.MX,TRANSOCEAN LIMITED,Transocean Ltd.,MEX,mx_market,EQUITY
INFN.MX,INFINERA CORP,Infinera Corporation,MEX,mx_market,EQUITY
CNK.MX,CINEMARK HOLDINGS INC,"Cinemark Holdings, Inc.",MEX,mx_market,EQUITY
MGNI.MX,MAGNITE INC,"Magnite, Inc.",MEX,mx_market,EQUITY
CRSR.MX,CORSAIR GAMING INC,"Corsair Gaming, Inc.",MEX,mx_market,EQUITY
CDEV.MX,CENTENNIAL RESOURCE DEVELOPMENT,"Centennial Resource Development, Inc.",MEX,mx_market,EQUITY
PBF.MX,PBF ENERGY INC,PBF Energy Inc.,MEX,mx_market,EQUITY
CHDRAUIB.MX,GRUPO COMERCIAL CHEDRAUI SAB DE,"Grupo Comercial Chedraui, S.A.B. de C.V.",MEX,mx_market,EQUITY
MOMON.MX,HELLO GROUP INC,Hello Group Inc.,MEX,mx_market,EQUITY
FCEL.MX,FUELCELL ENERGY INC,"FuelCell Energy, Inc.",MEX,mx_market,EQUITY
SAVA.MX,CASSAVA SCIENCES INC,"Cassava Sciences, Inc.",MEX,mx_market,EQUITY
GBX.MX,GREENBRIER COMPANIES INC.,"The Greenbrier Companies, Inc.",MEX,mx_market,EQUITY
LACOMERUBC.MX,LACOMER SAB DE CV,"La Comer, S.A.B. de C.V.",MEX,mx_market,EQUITY
ALSEA.MX,ALSEA SAB DE CV,"Alsea, S.A.B. de C.V.",MEX,mx_market,EQUITY
WISH.MX,CONTEXTLOGIC INC,ContextLogic Inc.,MEX,mx_market,EQUITY
TREE.MX,LENDINGTREE INC,"LendingTree, Inc.",MEX,mx_market,EQUITY
RA.MX,REGIONAL SAB DE CV,Regional S.A.B. de C.V.,MEX,mx_market,EQUITY
DANHOS13.MX,BANCO NACIONAL DE MEXICO S.A.,Fibra Danhos,MEX,mx_market,EQUITY
VRTV.MX,VERITIV CORP,Veritiv Corporation,MEX,mx_market,EQUITY
FRAGUAB.MX,CORPORATIVA FRAGUA SAB DE CV,"Corporativo Fragua, S.A.B. de C.V.",MEX,mx_market,EQUITY
YPFN.MX,YPF SOCIEDAD ANONIMA,YPF Sociedad Anónima,MEX,mx_market,EQUITY
AMRS.MX,AMYRIS INC,"Amyris, Inc.",MEX,mx_market,EQUITY
BBBY.MX,BED BATH AND BEYOND,Bed Bath & Beyond Inc.,MEX,mx_market,EQUITY
GIGANTE.MX,GRUPO GIGANTE SAB DE CV,"Grupo Gigante, S. A. B. de C. V.",MEX,mx_market,EQUITY
CAFEN.MX,CONSTRUCCIONES Y AUXILIAR DE FE,"Construcciones y Auxiliar de Ferrocarriles, S.A.",MEX,mx_market,EQUITY
GNP.MX,GRUPO NACIONAL PROVINCIAL,"Grupo Nacional Provincial, S.A.B.",MEX,mx_market,EQUITY
VRM.MX,VROOM INC,"Vroom, Inc.",MEX,mx_market,EQUITY
ASIX.MX,ADVANSIX INC,AdvanSix Inc.,MEX,mx_market,EQUITY
GLNGN.MX,GOLAR LNG LIMITED,Golar LNG Limited,MEX,mx_market,EQUITY
APPSN.MX,APPLUS SERVICES SA,"Applus Services, S.A.",MEX,mx_market,EQUITY
VESTA.MX,CORPORACION INMOBILIARIA VESTA ,"Corporación Inmobiliaria Vesta, S.A.B. de C.V.",MEX,mx_market,EQUITY
FECN.MX,FRONTERA ENERGY CORPORATION,Frontera Energy Corporation,MEX,mx_market,EQUITY
GBMO.MX,CORPORATIVO GBM SAB DE CV,"Corporativo GBM, S.A.B. de C.V.",MEX,mx_market,EQUITY
TERRA13.MX,CIBANCO SA INSTIT DE BANCA MULT,Fibra Terrafina,MEX,mx_market,EQUITY
CASHN.MX,PROSEGUR CASH,"Prosegur Cash, S.A.",MEX,mx_market,EQUITY
BOLSAA.MX,BOLSA MEXICANA DE VALORES SAB D,"Bolsa Mexicana de Valores, S.A.B. de C.V.",MEX,mx_market,EQUITY
GPROFUT.MX,GRUPO PROFUTURO  S.A.B. DE C.V,"Grupo Profuturo, S.A.B. de C.V.",MEX,mx_market,EQUITY
MFRISCOA-1.MX,MINERA FRISCO SAB DE CV,"Minera Frisco, S.A.B. de C.V.",MEX,mx_market,EQUITY
GENTERA.MX,GENTERA SAB DE CV,"Gentera, S.A.B. de C.V.",MEX,mx_market,EQUITY
CBDN.MX,CIA BRASILEIRA DISTR(PAO DE ACU,Companhia Brasileira de Distribuição,MEX,mx_market,EQUITY
BAFARB.MX,GRUPO BAFAR SAB DE CV,"Grupo Bafar, S.A.B. de C.V.",MEX,mx_market,EQUITY
LABB.MX,GENOMMA LAB INTERNACIONAL SAB,"Genomma Lab Internacional, S.A.B. de C.V.",MEX,mx_market,EQUITY
DRDN.MX,DRDGOLD LTD,DRDGOLD Limited,MEX,mx_market,EQUITY
KUOB.MX,GRUPO KUO SAB DE CV,"Grupo KUO, S.A.B. de C.V.",MEX,mx_market,EQUITY
FIBRAMQ12.MX,CIBANCO SA INSTIT DE BANCA MULT,FIBRA Macquarie México,MEX,mx_market,EQUITY
BLNK.MX,BLINK CHARGING CO,Blink Charging Co.,MEX,mx_market,EQUITY
INO.MX,INOVIO PHARMACEUTICALS INC,"Inovio Pharmaceuticals, Inc.",MEX,mx_market,EQUITY
FHIPO14.MX,BANCO INVEX S.A. CBFI (FIDEICOM,Fideicomiso Irrevocable F/2061 FHipo,MEX,mx_market,EQUITY
FMTY14.MX,BANCO INVEX S.A.,"Fibra Mty, S.A.P.I. de C.V.",MEX,mx_market,EQUITY
VALUEGFO.MX,VALUE GRUPO FINANCIERO SAB DE C,"Value Grupo Financiero, S.A.B. de C.V.",MEX,mx_market,EQUITY
NEMAKA.MX,NEMAK SAB DE CV,"Nemak, S. A. B. de C. V.",MEX,mx_market,EQUITY
GEVO.MX,GEVO INC,"Gevo, Inc.",MEX,mx_market,EQUITY
RLHA.MX,RLH PROPERTIES SAB DE CV,"RLH Properties, S.A.B. de C.V.",MEX,mx_market,EQUITY
TRAXIONA.MX,GRUPO TRAXION SAB DE CV,"Grupo Traxión, S.A.B. de C.V.",MEX,mx_market,EQUITY
UNIFINA.MX,UNIFIN FINANCIERA SAB DE CV SO,"Unifin Financiera, S. A. B. de C. V.",MEX,mx_market,EQUITY
VXRT.MX,VAXART INC,"Vaxart, Inc.",MEX,mx_market,EQUITY
BZUNN.MX,BAOZUN INC,Baozun Inc.,MEX,mx_market,EQUITY
OCGN.MX,OCUGEN INC,"Ocugen, Inc.",MEX,mx_market,EQUITY
DNMR.MX,DANIMER SCIENTIFIC INC,"Danimer Scientific, Inc.",MEX,mx_market,EQUITY
BNGO.MX,BIONANO GENOMICS INC,"Bionano Genomics, Inc.",MEX,mx_market,EQUITY
GRPN.MX,GROUPON INC,"Groupon, Inc.",MEX,mx_market,EQUITY
POSADASA.MX,GRUPO POSADAS SAB DE CV,"Grupo Posadas, S.A.B. de C.V.",MEX,mx_market,EQUITY
BLUE.MX,BLUEBIRD BIO INC,"bluebird bio, Inc.",MEX,mx_market,EQUITY
MLCON.MX,MELCO RESORTS AND ENTERTAINMENT,Melco Resorts & Entertainment Limited,MEX,mx_market,EQUITY
GRWG.MX,GROWGENERATION CORP,GrowGeneration Corp.,MEX,mx_market,EQUITY
HERDEZ.MX,GRUPO HERDEZ SAB DE CV,"Grupo Herdez, S.A.B. de C.V.",MEX,mx_market,EQUITY
CHS.MX,CHICO'S FAS INC,"Chico's FAS, Inc.",MEX,mx_market,EQUITY
DINEA.MX,DINE S.A.B. DE C.V.,"DINE, S.A.B. de C.V.",MEX,mx_market,EQUITY
AGUA.MX,GRUPO ROTOPLAS SAB DE CV,Grupo Rotoplas S.A.B. de C.V.,MEX,mx_market,EQUITY
WKHS.MX,WORKHORSE GROUP INC,Workhorse Group Inc.,MEX,mx_market,EQUITY
MCMN.MX,MIQUEL Y COSTAS MIQUEL,"Miquel y Costas & Miquel, S.A.",MEX,mx_market,EQUITY
INVEXA.MX,INVEX CONTROLADORA SAB DE CV,"INVEX Controladora, S.A.B. de C.V.",MEX,mx_market,EQUITY
VITROA.MX,VITRO SAB DE CV,"Vitro, S.A.B. de C.V.",MEX,mx_market,EQUITY
QVGMEX18.MX,ACTINVER CASA DE BOLSA SA DE CV,"Actinver Casa De Bolsa, S.A. De C.V.",MEX,mx_market,EQUITY
FORTALE.MX,FORTALEZA MATERIALES S.A.B. DE ,"Fortaleza Materiales, S.A.B. de C.V.",MEX,mx_market,EQUITY
VISTAA.MX,VISTA OIL & GAS SAB DE CV,"Vista Oil & Gas, S.A.B. de C.V.",MEX,mx_market,EQUITY
AZTECACPO.MX,TV AZTECA SAB DE CV,"TV Azteca, S.A.B. de C.V.",MEX,mx_market,EQUITY
GISSAA.MX,GRUPO INDUSTRIAL SALTILLO SAB D,"Grupo Industrial Saltillo, S.A.B. de C.V.",MEX,mx_market,EQUITY
CULTIBAB.MX,ORGANIZACION CULTIBA SAB DE CV,"Organización Cultiba, S.A.B. de C.V.",MEX,mx_market,EQUITY
CYDSASAA.MX,CYDSA SAB DE CV,"Cydsa, S.A.B. de C.V.",MEX,mx_market,EQUITY
ACTINVRB.MX,CORP ACTINVER SAB DE CV,"Corporación Actinver, S. A. B. de C. V.",MEX,mx_market,EQUITY
CLSK.MX,CLEANSPARK INC,"CleanSpark, Inc.",MEX,mx_market,EQUITY
TKN.MX,TEEKAY CORPORATION,Teekay Corporation,MEX,mx_market,EQUITY
MONEXB.MX,MONEX SAB DE CV,"Monex, S.A.B. de C.V.",MEX,mx_market,EQUITY
TEAKCPO.MX,PROTEAK UNO SAB DE CV,"Proteak Uno, S.A.B. de C.V.",MEX,mx_market,EQUITY
VINTE.MX,VINTE VIVIENDAS INTEG S.A.P.I.D,"Vinte Viviendas Integrales, S.A.B. de C.V.",MEX,mx_market,EQUITY
MEDICAB.MX,MEDICA SUR SAB DE CV,"Médica Sur, S.A.B. de C.V.",MEX,mx_market,EQUITY
FNOVA17.MX,BANCO ACTINVER SA,"Banco Actinver S.A., Institución de Banca Múltiple, Grupo Financiero Actinver",MEX,mx_market,EQUITY
ARA.MX,CONSORCIO ARA SAB,"Consorcio ARA, S. A. B. de C. V.",MEX,mx_market,EQUITY
SDC.MX,SMILEDIRECTCLUB INC,"SmileDirectClub, Inc.",MEX,mx_market,EQUITY
TUBN.MX,TUBACEX SA,"Tubacex, S.A.",MEX,mx_market,EQUITY
CIEB.MX,CORP INTERAMERI ENTRET SAB DE C,"Corporación Interamericana de Entretenimiento, S.A.B. de C.V.",MEX,mx_market,EQUITY
FIHO12.MX,DEUTSCHE BANK MEXICO S.A.,FibraHotel,MEX,mx_market,EQUITY
AUTLANB.MX,CIA MINERA AUTLAN SAB DE CV,"Compañía Minera Autlán, S.A.B. de C.V.",MEX,mx_market,EQUITY
ATER.MX,ATERIAN INC,"Aterian, Inc.",MEX,mx_market,EQUITY
ATOS.MX,ATOSSA THERAPEUTICS INC,"Atossa Therapeutics, Inc.",MEX,mx_market,EQUITY
BEVIDESB.MX,FAR-BEN SA DE CV,"Farmacias Benavides, S.A.B. de C.V.",MEX,mx_market,EQUITY
GICSAB.MX,GRUPO GICSA SAB DE CV,Grupo Gicsa S.A.B. de C.V.,MEX,mx_market,EQUITY
FSHOP13.MX,CIBANCO SA INSTIT DE BANCA MULT,Fibra Shop,MEX,mx_market,EQUITY
MINSAB.MX,GRUPO MINSA SAB DE CV,"Grupo Minsa, S.A.B. de C.V.",MEX,mx_market,EQUITY
SIMON.MX,SILICON MOTION TECHNOLOGY CORP,Silicon Motion Technology Corporation,MEX,mx_market,EQUITY
FIBRAUP18.MX,BANCO ACTINVER SA,Fibra Upsite,MEX,mx_market,EQUITY
HOTEL.MX,GRUPO HOTELERO SANTA FE SAB DE ,"Grupo Hotelero Santa Fe, S.A.B. de C.V.",MEX,mx_market,EQUITY
CREAL.MX,CREDITO REAL SAB DE CV SOFOM EN,"Crédito Real, S.A.B. de C.V., Sociedad Financiera de Objeto Múltiple, Entidad No Regulada",MEX,mx_market,EQUITY
VASCONI.MX,GRUPO VASCONIA S.A.B.,"Grupo Vasconia, S.A.B.",MEX,mx_market,EQUITY
GMD.MX,GRUPO MEXICANO DE DESARROLLO SA,"Grupo Mexicano de Desarrollo, S.A.B.",MEX,mx_market,EQUITY
VYGR.MX,VOYAGER THERAPEUTICS INC,"Voyager Therapeutics, Inc.",MEX,mx_market,EQUITY
HCITY.MX,HOTELES CITY EXPRESS SAB DE CV,"Hoteles City Express, S.A.B. de C.V.",MEX,mx_market,EQUITY
PASAB.MX,PROMOTORA AMBIENTAL SA DE CV,"Promotora Ambiental, S.A.B. de C.V.",MEX,mx_market,EQUITY
JKSN.MX,JINKOSOLAR HOLDING CO LTD,"JinkoSolar Holding Co., Ltd.",MEX,mx_market,EQUITY
COLLADO.MX,GRUPO COLLADO SAB DE CV,"G Collado, S.A.B. de C.V.",MEX,mx_market,EQUITY
FINN13.MX,DEUTSCHE BANK MEXICO S.A.,Fibra Inn,MEX,mx_market,EQUITY
FIBRAHD15.MX,BANCO ACTINVER SA,Fideicomiso Irrevocable No. F/1523,MEX,mx_market,EQUITY
AEROMEX.MX,GRUPO AEROMEXICO SAB DE CV,"Grupo Aeroméxico, S.A.B. de C.V.",MEX,mx_market,EQUITY
POCHTECB.MX,GRUPO POCHTECA SAB DE CV,"Grupo Pochteca, S.A.B. de C.V.",MEX,mx_market,EQUITY
CADUA.MX,CORPOVAEL S.A. DE C.V.,"Corpovael, S.A.B. de C.V.",MEX,mx_market,EQUITY
AAUN.MX,ALMADEN MINERALS LTD,Almaden Minerals Ltd.,MEX,mx_market,EQUITY
CMRB.MX,CMR SAB DE CV,"CMR, S.A.B. de C.V.",MEX,mx_market,EQUITY
MAXCOMA.MX,MAXCOM TELECOMUNICACIONES SA DE,Maxcom Telecomunicaciones S.A.B. de C.V.,MEX,mx_market,EQUITY
SPORTS.MX,GRUPO SPORTS WORLD SAB DE CV,"Grupo Sports World, S.A.B. de C.V.",MEX,mx_market,EQUITY
GFAMSAA.MX,GRUPO FAMSA SAB DE CV,"Grupo Famsa, S.A.B. de C.V.",MEX,mx_market,EQUITY
CONVERA.MX,CONVERTIDORA INDUSTRIAL SAB DE ,"Convertidora Industrial, S.A.B. de C.V.",MEX,mx_market,EQUITY
TMMA.MX,GRUPO TMM S.A.B.,"Grupo TMM, S.A.B.",MEX,mx_market,EQUITY
HOMEX.MX,DESARROLLADORA HOMEX SAB DE CV,"Desarrolladora Homex, S.A.B. de C.V.",MEX,mx_market,EQUITY
GGAN.MX,GOLDGROUP MINING INC,Goldgroup Mining Inc.,MEX,mx_market,EQUITY
URBI.MX,URBI DESARROLLOS URBANOS SAB DE,"Urbi, Desarrollos Urbanos, S.A.B. de C.V.",MEX,mx_market,EQUITY
SBV612E-DC041.MX,,,MEX,mx_market,EQUITY
HAW612E-DC005.MX,,,MEX,mx_market,EQUITY
MNSON.MX,MINISO GROUP HLDG LTD,MINISO Group Holding Limited,MEX,mx_market,EQUITY
GRMNN.MX,GARMIN LTD,Garmin Ltd.,MEX,mx_market,EQUITY
WSPN.MX,WSP GLOBAL INC,WSP Global Inc.,MEX,mx_market,EQUITY
CAEN.MX,CAE INC,CAE Inc.,MEX,mx_market,EQUITY
STORAGE18.MX,CIBANCO SA INSTIT DE BANCA MULT,Fibra Storage,MEX,mx_market,EQUITY
AI1.MX,C3.AI INC,"C3.ai, Inc.",MEX,mx_market,EQUITY
ACCELN.MX,ACCELL GROUP,Accell Group N.V.,MEX,mx_market,EQUITY
AIFN.MX,ALTUS GROUP LTD,Altus Group Limited,MEX,mx_market,EQUITY
STNN.MX,STANTEC INC,Stantec Inc.,MEX,mx_market,EQUITY
TCOMN.MX,TRIP COM GROUP LTD,Trip.com Group Limited,MEX,mx_market,EQUITY
PNDORAN.MX,PANDORA A/S,Pandora A/S,MEX,mx_market,EQUITY
PLTR.MX,PALANTIR TECH INC,Palantir Technologies Inc.,MEX,mx_market,EQUITY
AOSLN.MX,ALPHA & OMEGA SEMICONDUCTOR LTD,Alpha and Omega Semiconductor Limited,MEX,mx_market,EQUITY
ESGMEXISHRS.MX,BANCO NACIONAL DE MEXICO S.A.,iShares ESG MSCI Mexico ETF,MEX,mx_market,EQUITY
PDDN.MX,PINDUODUO INC,Pinduoduo Inc.,MEX,mx_market,EQUITY
IVVPESOISHRS.MX,BANCO NACIONAL DE MEXICO S.A.,iShares S&P 500 Peso Hedged TRAC,MEX,mx_market,EQUITY
BNTXN.MX,BIONTECH SE,BioNTech SE,MEX,mx_market,EQUITY
ANGELD10.MX,ACTINVER CASA DE BOLSA SA DE CV,ETF - Diario Doble de Bolsa (ANGELD),MEX,mx_market,EQUITY
EDUCA18.MX,BANCO INVEX S.A.,"Banco INVEX, S.A., IBM, INVEX GF, como Fiduciario del Fideicomiso Irrevocable No. F/3277",MEX,mx_market,EQUITY
SPY501R-DC143.MX,,,MEX,mx_market,EQUITY
GOL210L-DC052.MX,,,MEX,mx_market,EQUITY
GSMN.MX,FERROGLOBE PLC,Ferroglobe PLC,MEX,mx_market,EQUITY
ELUN.MX,ESSILORLUXOTTICA,EssilorLuxottica Société anonyme,MEX,mx_market,EQUITY
WPKN.MX,WINPAK LTD,Winpak Ltd.,MEX,mx_market,EQUITY
MFCN.MX,MANULIFE FINANCIAL CORP,Manulife Financial Corporation,MEX,mx_market,EQUITY
STLAN.MX,STELLANTIS N.V,Stellantis N.V.,MEX,mx_market,EQUITY
CVACN.MX,CUREVAC NV,CureVac N.V.,MEX,mx_market,EQUITY
LREN.MX,LAR ESPANA REAL ESTATE SOCIMI S,"Lar España Real Estate SOCIMI, S.A.",MEX,mx_market,EQUITY
ADYENN.MX,ADYEN NV,Adyen N.V.,MEX,mx_market,EQUITY
TALN.MX,TAL EDUCATION GROUP,TAL Education Group,MEX,mx_market,EQUITY
ELUN.MX,ESSILORLUXOTTICA,EssilorLuxottica Société anonyme,MEX,mx_market,EQUITY
GSMN.MX,FERROGLOBE PLC,Ferroglobe PLC,MEX,mx_market,EQUITY
WPKN.MX,WINPAK LTD,Winpak Ltd.,MEX,mx_market,EQUITY
ELE1N.MX,ENDESA SA,"Endesa, S.A.",MEX,mx_market,EQUITY
FTCHN.MX,FARFETCH LTD,Farfetch Limited,MEX,mx_market,EQUITY
CCLBN.MX,CCL INDUSTRIES INC,CCL Industries Inc.,MEX,mx_market,EQUITY
1810N.MX,XIAOMI CORPORATION,Xiaomi Corporation,MEX,mx_market,EQUITY
9988N.MX,ALIBABA GROUP HOLDING LTD,Alibaba Group Holding Limited,MEX,mx_market,EQUITY
GLXYN.MX,GALAXY DIGITAL HLDGS LTD,Galaxy Digital Holdings Ltd.,MEX,mx_market,EQUITY
CHNTRAC11.MX,NACIONAL FINANCIERA SNC INSTITU,CHNTRAC Exchange Traded Fund,MEX,mx_market,EQUITY
XRX.MX,,,MEX,mx_market,EQUITY
3391N.MX,TSURUHA HOLDINGS INC,Tsuruha Holdings Inc.,MEX,mx_market,EQUITY
SAP2N.MX,SAPUTO GROUP INC,Saputo Inc.,MEX,mx_market,EQUITY
DPHN.MX,DECHRA PHARMACEUTICALS,Dechra Pharmaceuticals PLC,MEX,mx_market,EQUITY
STXN.MX,SEAGATE TECHNOLOGY HOLDINGS PLC,Seagate Technology Holdings plc,MEX,mx_market,EQUITY
LOGN.MX,CIA DE DIST INTEG LOGISTA HOLDI,"Compañía de Distribución Integral Logista Holdings, S.A.",MEX,mx_market,EQUITY
LWRKN.MX,LIFEWORKS INC,LifeWorks Inc.,MEX,mx_market,EQUITY
7741N.MX,HOYA CORP,HOYA Corporation,MEX,mx_market,EQUITY
TIGRN.MX,UP FINTECH HOLDING LIMITED,UP Fintech Holding Limited,MEX,mx_market,EQUITY
FVRRN.MX,FIVERR INTERNATIONAL LTD,Fiverr International Ltd.,MEX,mx_market,EQUITY
BFSAN.MX,BEFESA SA,Befesa S.A.,MEX,mx_market,EQUITY
BYDN.MX,BOYD GROUP SERVICES INC,Boyd Group Services Inc.,MEX,mx_market,EQUITY
MRUN.MX,METRO INC,Metro Inc.,MEX,mx_market,EQUITY
LIAN.MX,LI AUTO INC,Li Auto Inc.,MEX,mx_market,EQUITY
GENIUS21.MX,ACTINVER CASA DE BOLSA SA DE CV,"Scotia Inverlat Casa De Bolsa, S.A. De C.V., Grupo Financiero Scotiabank Inverlat",MEX,mx_market,EQUITY
NION.MX,NIO INC,NIO Inc.,MEX,mx_market,EQUITY
VMEX19.MX,VIGM SA,Vanguard FTSE Biva Mexico Equity ETF,MEX,mx_market,EQUITY
FEXI21.MX,,,MEX,mx_market,EQUITY
UBR301L-DC048.MX,,,MEX,mx_market,EQUITY
STNGN.MX,SCORPIO TANKERS INC,Scorpio Tankers Inc.,MEX,mx_market,EQUITY
SEN.MX,SEA LIMITED,Sea Limited,MEX,mx_market,EQUITY
IAG1N.MX,IA FINANCIAL CORPORATION,iA Financial Corporation Inc.,MEX,mx_market,EQUITY
GOLD1NN.MX,GOLDMINING INC,GoldMining Inc.,MEX,mx_market,EQUITY
NDAN.MX,NORDEA BANK ABP,Nordea Bank Abp,MEX,mx_market,EQUITY
ENGHN.MX,ENGHOUSE SYSTEMS,Enghouse Systems Limited,MEX,mx_market,EQUITY
NAN.MX,NATIONAL BANK OF CANADA,National Bank of Canada,MEX,mx_market,EQUITY
BIRGN.MX,BANK OF IRELAND GROUP PLC,Bank of Ireland Group plc,MEX,mx_market,EQUITY
G1AN.MX,GEA GROUP AG,GEA Group Aktiengesellschaft,MEX,mx_market,EQUITY
GILN.MX,GILDAN ACTIVEWEAR INC,Gildan Activewear Inc.,MEX,mx_market,EQUITY
CRSPN.MX,CRISPR THERAPEUTICS AG,CRISPR Therapeutics AG,MEX,mx_market,EQUITY
SNCN.MX,SNC-LAVALIN GROUP INC,SNC-Lavalin Group Inc.,MEX,mx_market,EQUITY
CBN.MX,CHUBB LIMITED,Chubb Limited,MEX,mx_market,EQUITY
OTEXN.MX,OPEN TEXT CO,Open Text Corporation,MEX,mx_market,EQUITY
PTRA.MX,PROTERRA INC,Proterra Inc.,MEX,mx_market,EQUITY
DTGN.MX,,Daimler Truck Holding AG,MEX,mx_market,EQUITY
AGIL.MX,AGILETHOUGHT INC,"AgileThought, Inc.",MEX,mx_market,EQUITY
SIKAN.MX,SIKA AG,Sika AG,MEX,mx_market,EQUITY
ORSTEDN.MX,ORSTED A/S,Ørsted A/S,MEX,mx_market,EQUITY
KXSN.MX,KINAXIS INC,Kinaxis Inc.,MEX,mx_market,EQUITY
CDRON.MX,CODERE ONLINE LUXEMBOURG SA,"Codere Online Luxembourg, S.A.",MEX,mx_market,EQUITY
FIBRATC14.MX,NACIONAL FINANCIERA SNC INSTITU,Nacional Financiera Snc - Institucion De Banca De Desarrollo Fibratc14 ETF,MEX,mx_market,EQUITY
GLBEN.MX,GLOBAL-E ONLINE LTD,Global-e Online Ltd.,MEX,mx_market,EQUITY
GIBAN.MX,CGI INC,CGI Inc.,MEX,mx_market,EQUITY
DIDIN.MX,DIDI GLOBAL INC,DiDi Global Inc.,MEX,mx_market,EQUITY
XPEVN.MX,XPENG INC,XPeng Inc.,MEX,mx_market,EQUITY
MAERSKBN.MX,A.P. MOLLER - MAERSK,A.P. Møller - Mærsk A/S,MEX,mx_market,EQUITY
DIABLOI10.MX,ACTINVER CASA DE BOLSA SA DE CV,ETF Diario Inverso de Bolsa (DIABLOI),MEX,mx_market,EQUITY
ELEMAT.MX,ELEMENTIA MATERIALES S.A.B. DE ,Elementia Materiales S.A.B. De C.V.,MEX,mx_market,EQUITY
ALTERNAB.MX,ALTERNA ASESORIA INTL SAB DE CV,"Alterna Asesoría Internacional, S.A.B. de C.V.",MEX,mx_market,EQUITY
SBV412E-DC040.MX,,,MEX,mx_market,EQUITY
SBV412E-DC039.MX,,,MEX,mx_market,EQUITY
TMEN.MX,TENCENT MUSIC ENTERTAINMENT GRO,Tencent Music Entertainment Group,MEX,mx_market,EQUITY
FUTUN.MX,FUTU HOLDINGS LIMITED,Futu Holdings Limited,MEX,mx_market,EQUITY
MSI.MX,,,MEX,mx_market,EQUITY
SMARTRC14.MX,ACTINVER CASA DE BOLSA SA DE CV,Actinver Casa de Bolsa - SMART TRAC 14 ETF,MEX,mx_market,EQUITY
6301N.MX,KOMATSU,Komatsu Ltd.,MEX,mx_market,EQUITY
TRIN.MX,THOMSON-REUTERS CORP,Thomson Reuters Corporation,MEX,mx_market,EQUITY
PBHN.MX,PREMIUM BRANDS HLDGS CORP,Premium Brands Holdings Corporation,MEX,mx_market,EQUITY
DSGN.MX,DESCARTES SYSTEMS GROUP INC,The Descartes Systems Group Inc,MEX,mx_market,EQUITY
SBSWN.MX,SIBANYE STILLWATER LTD,Sibanye Stillwater Limited,MEX,mx_market,EQUITY
MEXTRAC09.MX,NACIONAL FINANCIERA SNC INSTITU,MEXTRAC 09 ETF,MEX,mx_market,EQUITY
ABCMN.MX,ABCAM PLC,Abcam plc,MEX,mx_market,EQUITY
JMIAN.MX,JUMIA TECHNOLOGIES AG,Jumia Technologies AG,MEX,mx_market,EQUITY
EMPA1N.MX,EMPIRE CO,Empire Company Limited,MEX,mx_market,EQUITY
VTRS.MX,VIATRIS INC,Viatris Inc.,MEX,mx_market,EQUITY
ZTON.MX,ZTO EXPRESS (CAYMAN) INC,ZTO Express (Cayman) Inc.,MEX,mx_market,EQUITY
IFCN.MX,INTACT FINANCIAL CORPORATION,Intact Financial Corporation,MEX,mx_market,EQUITY
TTEN.MX,TOTALENERGIES SE,TotalEnergies SE,MEX,mx_market,EQUITY
CYBRN.MX,CYBERARK SOFTWARE LTD,CyberArk Software Ltd.,MEX,mx_market,EQUITY
KBC1N.MX,KBC GROEP NV,KBC Group NV,MEX,mx_market,EQUITY
BTBTN.MX,BIT DIGITAL INC,"Bit Digital, Inc.",MEX,mx_market,EQUITY
SEDGN.MX,SOLAREDGE TECHNOLOGIES INC,"SolarEdge Technologies, Inc.",MEX,mx_market,EQUITY
SONYN.MX,SONY GROUP CORPORATION,Sony Group Corporation,MEX,mx_market,EQUITY
HUTN.MX,HUT 8 MINING CORP,Hut 8 Mining Corp.,MEX,mx_market,EQUITY
QIAN.MX,QIAGEN NV,QIAGEN N.V.,MEX,mx_market,EQUITY
BAMAN.MX,BROOKFIELD ASSET MANAGEMENT INC,Brookfield Asset Management Inc.,MEX,mx_market,EQUITY
FCFE18.MX,CIBANCO SA INSTIT DE BANCA MULT,"CFECAPITAL, S. De R.L. De C.V.",MEX,mx_market,EQUITY
