symbol,shortName,longName,exchange,market,quoteType
PFE.ST,Pfizer Inc.,Pfizer Inc.,STO,se_market,EQUITY
AZN.ST,AstraZeneca PLC,AstraZeneca PLC,STO,se_market,EQUITY
ATCO-A.ST,Atlas Copco AB ser. A,Atlas Copco AB,STO,se_market,EQUITY
INVE-A.ST,Investor AB ser. A,Investor AB (publ),STO,se_market,EQUITY
INVE-B.ST,Investor AB ser. B,Investor AB (publ),STO,se_market,EQUITY
ABB.ST,ABB Ltd,ABB Ltd,STO,se_market,EQUITY
ATCO-B.ST,Atlas Copco AB ser. B,Atlas Copco AB,STO,se_market,EQUITY
VOLV-A.ST,"Volvo, AB ser. A",AB Volvo (publ),STO,se_market,EQUITY
VOLV-B.ST,"Volvo, AB ser. B",AB Volvo (publ),STO,se_market,EQUITY
NDA-SE.ST,Nordea Bank Abp,Nordea Bank Abp,STO,se_market,EQUITY
EQT.ST,EQT AB,EQT AB (publ),STO,se_market,EQUITY
HEXA-B.ST,Hexagon AB ser. B,Hexagon AB (publ),STO,se_market,EQUITY
ERIC-B.ST,"Ericsson, Telefonab. L M ser. B",Telefonaktiebolaget LM Ericsson (publ),STO,se_market,EQUITY
ERIC-A.ST,"Ericsson, Telefonab. L M ser. A",Telefonaktiebolaget LM Ericsson (publ),STO,se_market,EQUITY
SAND.ST,Sandvik AB,Sandvik AB (publ),STO,se_market,EQUITY
NOKIA-SEK.ST,Nokia Corporation,Nokia Corporation,STO,se_market,EQUITY
ASSA-B.ST,ASSA ABLOY AB ser. B,ASSA ABLOY AB (publ),STO,se_market,EQUITY
HM-B.ST,"Hennes & Mauritz AB, H & M ser.",H & M Hennes & Mauritz AB (publ),STO,se_market,EQUITY
SEB-C.ST,Skandinaviska Enskilda Banken s,Skandinaviska Enskilda Banken AB (publ),STO,se_market,EQUITY
SEB-A.ST,Skandinaviska Enskilda Banken s,Skandinaviska Enskilda Banken AB (publ),STO,se_market,EQUITY
EPI-B.ST,Epiroc AB ser. B,Epiroc AB (publ),STO,se_market,EQUITY
EPI-A.ST,Epiroc AB ser. A,Epiroc AB (publ),STO,se_market,EQUITY
EVO.ST,Evolution AB,Evolution AB (publ),STO,se_market,EQUITY
NIBE-B.ST,NIBE Industrier AB ser. B,NIBE Industrier AB (publ),STO,se_market,EQUITY
VOLCAR-B.ST,Volvo Car AB ser. B,Volvo Car AB (publ.),STO,se_market,EQUITY
LATO-B.ST,"Latour, Investmentab. ser. B",Investment AB Latour (publ),STO,se_market,EQUITY
SHB-B.ST,Svenska Handelsbanken ser. B,Svenska Handelsbanken AB (publ),STO,se_market,EQUITY
SWED-A.ST,Swedbank AB ser A,Swedbank AB (publ),STO,se_market,EQUITY
ESSITY-B.ST,Essity AB ser. B,Essity AB (publ),STO,se_market,EQUITY
ESSITY-A.ST,Essity AB ser. A,Essity AB (publ),STO,se_market,EQUITY
SHB-A.ST,Svenska Handelsbanken ser. A,Svenska Handelsbanken AB (publ),STO,se_market,EQUITY
ALFA.ST,Alfa Laval AB,Alfa Laval AB (publ),STO,se_market,EQUITY
TELIA.ST,Telia Company AB,Telia Company AB (publ),STO,se_market,EQUITY
STE-A.ST,Stora Enso Oyj ser. A,Stora Enso Oyj,STO,se_market,EQUITY
STE-R.ST,Stora Enso Oyj ser. R,Stora Enso Oyj,STO,se_market,EQUITY
INDU-A.ST,"Industrivärden, AB ser. A",AB Industrivärden (publ),STO,se_market,EQUITY
INDU-C.ST,"Industrivärden, AB ser. C",AB Industrivärden (publ),STO,se_market,EQUITY
LUND-B.ST,"Lundbergföretagen AB, L E ser.",L E Lundbergföretagen AB (publ),STO,se_market,EQUITY
LIFCO-B.ST,Lifco AB ser.B,Lifco AB (publ),STO,se_market,EQUITY
8TRA.ST,TRATON SE,Traton SE,STO,se_market,EQUITY
SCA-A.ST,Svenska Cellulosa AB SCA ser. A,Svenska Cellulosa Aktiebolaget SCA (publ),STO,se_market,EQUITY
SCA-B.ST,Svenska Cellulosa AB SCA ser. B,Svenska Cellulosa Aktiebolaget SCA (publ),STO,se_market,EQUITY
SWMA.ST,Swedish Match AB,Swedish Match AB (publ),STO,se_market,EQUITY
BALD-B.ST,Fastighets AB Balder ser. B,Fastighets AB Balder (publ),STO,se_market,EQUITY
ICA.ST,ICA Gruppen AB,ICA Gruppen AB (publ),STO,se_market,EQUITY
SKF-A.ST,"SKF, AB ser. A",AB SKF (publ),STO,se_market,EQUITY
SKF-B.ST,"SKF, AB ser. B",AB SKF (publ),STO,se_market,EQUITY
BOL.ST,Boliden AB,Boliden AB (publ),STO,se_market,EQUITY
INDT.ST,Indutrade AB,Indutrade AB (publ),STO,se_market,EQUITY
GETI-B.ST,Getinge AB ser. B,Getinge AB,STO,se_market,EQUITY
EMBRAC-B.ST,Embracer Group AB ser. B,Embracer Group AB (publ),STO,se_market,EQUITY
SKA-B.ST,Skanska AB ser. B,Skanska AB (publ),STO,se_market,EQUITY
SBB-B.ST,Samhällsbyggnadsbo. i Norden A,Samhällsbyggnadsbolaget i Norden AB (publ),STO,se_market,EQUITY
SBB-D.ST,Samhällsbyggnadsbo. i Norden A,Samhällsbyggnadsbolaget i Norden AB (publ),STO,se_market,EQUITY
LUNE.ST,Lundin Energy AB,Lundin Energy AB (publ),STO,se_market,EQUITY
STOR-B.ST,Storskogen Group AB ser. B,Storskogen Group AB (publ),STO,se_market,EQUITY
SAGA-B.ST,Sagax AB B,AB Sagax (publ),STO,se_market,EQUITY
SAGA-D.ST,Sagax AB D,AB Sagax (publ),STO,se_market,EQUITY
SAGA-A.ST,Sagax AB A,AB Sagax (publ),STO,se_market,EQUITY
TEL2-A.ST,Tele2 AB ser. A,Tele2 AB (publ),STO,se_market,EQUITY
TEL2-B.ST,Tele2 AB ser. B,Tele2 AB (publ),STO,se_market,EQUITY
SSAB-B.ST,SSAB AB ser. B,SSAB AB (publ),STO,se_market,EQUITY
SSAB-A.ST,SSAB AB ser. A,SSAB AB (publ),STO,se_market,EQUITY
KINV-A.ST,Kinnevik AB ser. A,Kinnevik AB,STO,se_market,EQUITY
ALIV-SDB.ST,Autoliv Inc. SDB,"Autoliv, Inc.",STO,se_market,EQUITY
KINV-B.ST,Kinnevik AB ser. B,Kinnevik AB,STO,se_market,EQUITY
CAST.ST,Castellum AB,Castellum AB (publ),STO,se_market,EQUITY
HUSQ-B.ST,Husqvarna AB ser. B,Husqvarna AB (publ),STO,se_market,EQUITY
HUSQ-A.ST,Husqvarna AB ser. A,Husqvarna AB (publ),STO,se_market,EQUITY
SINCH.ST,Sinch AB,Sinch AB (publ),STO,se_market,EQUITY
HOLM-B.ST,Holmen AB ser. B,Holmen AB (publ),STO,se_market,EQUITY
HOLM-A.ST,Holmen AB ser. A,Holmen AB (publ),STO,se_market,EQUITY
BEIJ-B.ST,Beijer Ref AB ser. B,Beijer Ref AB (publ),STO,se_market,EQUITY
TREL-B.ST,Trelleborg AB ser. B,Trelleborg AB (publ),STO,se_market,EQUITY
VITR.ST,Vitrolife AB,Vitrolife AB (publ),STO,se_market,EQUITY
ELUX-B.ST,"Electrolux, AB ser. B",AB Electrolux (publ),STO,se_market,EQUITY
ELUX-A.ST,"Electrolux, AB ser. A",AB Electrolux (publ),STO,se_market,EQUITY
SWEC-A.ST,SWECO AB ser. A,Sweco AB (publ),STO,se_market,EQUITY
SWEC-B.ST,SWECO AB ser. B,Sweco AB (publ),STO,se_market,EQUITY
THULE.ST,Thule Group AB,Thule Group AB (publ),STO,se_market,EQUITY
VOLO-PREF.ST,Volati AB Pref,Volati AB,STO,se_market,EQUITY
SOBI.ST,Swedish Orphan Biovitrum AB,Swedish Orphan Biovitrum AB (publ),STO,se_market,EQUITY
LUMI.ST,Lundin Mining Corporation,Lundin Mining Corporation,STO,se_market,EQUITY
AXFO.ST,Axfood AB,Axfood AB (publ),STO,se_market,EQUITY
ADDT-B.ST,Addtech AB ser. B,Addtech AB (publ.),STO,se_market,EQUITY
WALL-B.ST,Wallenstam AB ser. B,Wallenstam AB (publ),STO,se_market,EQUITY
MCOV-B.ST,Medicover AB ser. B,Medicover AB (publ),STO,se_market,EQUITY
AAK.ST,AAK AB,AAK AB (publ.),STO,se_market,EQUITY
AZA.ST,Avanza Bank Holding AB,Avanza Bank Holding AB (publ),STO,se_market,EQUITY
FABG.ST,Fabege AB,Fabege AB (publ),STO,se_market,EQUITY
SECU-B.ST,Securitas AB ser. B,Securitas AB,STO,se_market,EQUITY
HPOL-B.ST,HEXPOL AB ser. B,HEXPOL AB (publ),STO,se_market,EQUITY
EKTA-B.ST,Elekta AB ser. B,Elekta AB (publ),STO,se_market,EQUITY
SAVE.ST,Nordnet AB,Nordnet AB (publ),STO,se_market,EQUITY
CORE-PREF.ST,Corem Property Group AB Pref,Corem Property Group AB (publ),STO,se_market,EQUITY
CORE-D.ST,Corem Property Group AB ser. D,Corem Property Group AB (publ),STO,se_market,EQUITY
CORE-A.ST,Corem Property Group AB ser. A,Corem Property Group AB (publ),STO,se_market,EQUITY
CORE-B.ST,Corem Property Group AB ser. B,Corem Property Group AB (publ),STO,se_market,EQUITY
ALIF-B.ST,AddLife AB ser. B,AddLife AB (publ),STO,se_market,EQUITY
DOM.ST,Dometic Group AB,Dometic Group AB (publ),STO,se_market,EQUITY
VNE-SDB.ST,Veoneer Inc. SDB,"Veoneer, Inc.",STO,se_market,EQUITY
TRUE-B.ST,Truecaller AB ser. B,Truecaller AB (publ),STO,se_market,EQUITY
SECT-B.ST,SECTRA AB ser B,Sectra AB (publ),STO,se_market,EQUITY
BILL.ST,BillerudKorsnäs AB,BillerudKorsnäs AB (publ),STO,se_market,EQUITY
OP-PREF.ST,Oscar Properties Holding AB PRE,Oscar Properties Holding AB (publ),STO,se_market,EQUITY
NENT-A.ST,Nordic Entertainment Group AB s,Nordic Entertainment Group AB (publ),STO,se_market,EQUITY
NENT-B.ST,Nordic Entertainment Group AB s,Nordic Entertainment Group AB (publ),STO,se_market,EQUITY
PEAB-B.ST,Peab AB ser. B,Peab AB (publ),STO,se_market,EQUITY
TIETOS.ST,TietoEVRY Corporation,TietoEVRY Oyj,STO,se_market,EQUITY
SAAB-B.ST,SAAB AB ser. B,Saab AB (publ),STO,se_market,EQUITY
WIHL.ST,Wihlborgs Fastigheter AB,Wihlborgs Fastigheter AB (publ),STO,se_market,EQUITY
BURE.ST,Bure Equity AB,Bure Equity AB (publ),STO,se_market,EQUITY
INTRUM.ST,Intrum AB,Intrum AB (publ),STO,se_market,EQUITY
VIMIAN.ST,Vimian Group AB,Vimian Group AB (publ),STO,se_market,EQUITY
JM.ST,JM AB,JM AB (publ),STO,se_market,EQUITY
CINT.ST,Cint Group AB,Cint Group AB (publ),STO,se_market,EQUITY
ARJO-B.ST,Arjo AB ser. B,Arjo AB (publ),STO,se_market,EQUITY
NYF.ST,Nyfosa AB,Nyfosa AB (publ),STO,se_market,EQUITY
AFRY.ST,AFRY AB,Afry AB,STO,se_market,EQUITY
MIPS.ST,Mips AB,MIPS AB (publ),STO,se_market,EQUITY
NOLA-B.ST,Nolato AB ser. B,Nolato AB (publ),STO,se_market,EQUITY
HUFV-A.ST,Hufvudstaden AB ser. A,Hufvudstaden AB (publ),STO,se_market,EQUITY
TIGO-SDB.ST,Millicom International Cellular,Millicom International Cellular S.A.,STO,se_market,EQUITY
PNDX-B.ST,Pandox AB ser. B,Pandox AB (publ),STO,se_market,EQUITY
TROAX.ST,Troax Group AB,Troax Group AB (publ),STO,se_market,EQUITY
BRAV.ST,Bravida Holding AB,Bravida Holding AB (publ),STO,se_market,EQUITY
ATRLJ-B.ST,Atrium Ljungberg AB ser. B,Atrium Ljungberg AB (publ),STO,se_market,EQUITY
HMS.ST,HMS Networks AB,HMS Networks AB (publ),STO,se_market,EQUITY
KIND-SDB.ST,Kindred Group plc,Kindred Group plc,STO,se_market,EQUITY
FPAR-D.ST,Fastpartner AB ser. D,FastPartner AB (publ),STO,se_market,EQUITY
FPAR-A.ST,Fastpartner AB ser. A,FastPartner AB (publ),STO,se_market,EQUITY
LIAB.ST,Lindab International AB,Lindab International AB (publ),STO,se_market,EQUITY
CATE.ST,Catena AB,Catena AB (publ),STO,se_market,EQUITY
INSTAL.ST,Instalco AB,Instalco AB (publ),STO,se_market,EQUITY
MYCR.ST,Mycronic AB,Mycronic AB (publ),STO,se_market,EQUITY
ARION-SDB.ST,Arion Banki hf SDB,Arion banki hf.,STO,se_market,EQUITY
SYSR.ST,Systemair AB,Systemair AB (publ),STO,se_market,EQUITY
CRED-A.ST,Creades AB A,Creades AB,STO,se_market,EQUITY
SF.ST,Stillfront Group AB,Stillfront Group AB (publ),STO,se_market,EQUITY
RATO-A.ST,Ratos AB ser. A,Ratos AB (publ),STO,se_market,EQUITY
RATO-B.ST,Ratos AB ser. B,Ratos AB (publ),STO,se_market,EQUITY
PDX.ST,Paradox Interactive AB,Paradox Interactive AB (publ),STO,se_market,EQUITY
EPRO-B.ST,Electrolux Professional AB ser.,Electrolux Professional AB (publ),STO,se_market,EQUITY
NP3.ST,NP3 Fastigheter AB,NP3 Fastigheter AB (publ),STO,se_market,EQUITY
LOOMIS.ST,Loomis AB,Loomis AB (publ),STO,se_market,EQUITY
KFAST-B.ST,K-Fast Holding AB B,K-Fast Holding AB (publ),STO,se_market,EQUITY
NCC-B.ST,NCC AB ser. B,NCC AB (publ),STO,se_market,EQUITY
NCC-A.ST,NCC AB ser. A,NCC AB (publ),STO,se_market,EQUITY
SDIP-PREF.ST,Sdiptech AB Pref,Sdiptech AB (publ),STO,se_market,EQUITY
HTRO.ST,Hexatronic Group AB,Hexatronic Group AB (publ),STO,se_market,EQUITY
SDIP-B.ST,Sdiptech AB ser. B,Sdiptech AB (publ),STO,se_market,EQUITY
VIT-B.ST,Vitec Software Group AB ser. B,Vitec Software Group AB (publ),STO,se_market,EQUITY
VOLO.ST,Volati AB,Volati AB,STO,se_market,EQUITY
HEM.ST,Hemnet Group AB,Hemnet Group AB (publ),STO,se_market,EQUITY
VESTUM.ST,Vestum AB,Vestum AB (publ),STO,se_market,EQUITY
OP-PREFB.ST,Oscar Properties Holding AB PRE,Oscar Properties Holding AB (publ),STO,se_market,EQUITY
SECARE.ST,Swedencare AB,Swedencare AB (publ),STO,se_market,EQUITY
DIOS.ST,Diös Fastigheter AB,Diös Fastigheter AB (publ),STO,se_market,EQUITY
LUG.ST,Lundin Gold Inc.,Lundin Gold Inc.,STO,se_market,EQUITY
BEIA-B.ST,Beijer Alma AB ser. B,Beijer Alma AB (publ),STO,se_market,EQUITY
FOI-B.ST,Fenix Outdoor International AG ,Fenix Outdoor International AG,STO,se_market,EQUITY
SVOL-A.ST,Svolder AB ser. A,Svolder AB (publ),STO,se_market,EQUITY
PLAZ-B.ST,Platzer Fastigheter Holding AB ,Platzer Fastigheter Holding AB (publ),STO,se_market,EQUITY
BUFAB.ST,Bufab AB,Bufab AB (publ),STO,se_market,EQUITY
OX2.ST,OX2 AB,OX2 AB (publ),STO,se_market,EQUITY
NCAB.ST,NCAB Group AB,NCAB Group AB (publ),STO,se_market,EQUITY
BILI-A.ST,Bilia AB ser. A,Bilia AB (publ),STO,se_market,EQUITY
CARY.ST,Cary Group Holding AB,Cary Group Holding AB (publ),STO,se_market,EQUITY
BIOT.ST,Biotage AB,Biotage AB (publ),STO,se_market,EQUITY
BICO.ST,BICO Group AB,BICO Group AB (publ),STO,se_market,EQUITY
BFG.ST,Byggfakta Group Nordic HoldCo A,BYGGFAKTA GROUP Nordic HoldCo AB (publ),STO,se_market,EQUITY
ANOD-B.ST,Addnode Group AB ser. B,Addnode Group AB (publ),STO,se_market,EQUITY
FPAR-PREF.ST,Fastpartner AB Pref,FastPartner AB (publ),STO,se_market,EQUITY
KARO.ST,Karo Pharma AB,Karo Pharma AB (publ),STO,se_market,EQUITY
HEBA-B.ST,Heba Fastighets AB ser. B,Heba Fastighets AB (publ),STO,se_market,EQUITY
SUS.ST,Surgical Science Sweden AB,Surgical Science Sweden AB (publ),STO,se_market,EQUITY
SKIS-B.ST,SkiStar AB ser. B,SkiStar AB (publ),STO,se_market,EQUITY
MTRS.ST,Munters Group AB,Munters Group AB (publ),STO,se_market,EQUITY
ALM.ST,ALM Equity AB,ALM Equity AB (publ),STO,se_market,EQUITY
ALM-PREF.ST,ALM Equity AB Pref,ALM Equity AB (publ),STO,se_market,EQUITY
CIBUS.ST,Cibus Nordic Real Estate AB,Cibus Nordic Real Estate AB (publ),STO,se_market,EQUITY
VNV.ST,VNV Global AB,VNV Global AB (publ),STO,se_market,EQUITY
DUST.ST,Dustin Group AB,Dustin Group AB (publ),STO,se_market,EQUITY
BOOZT.ST,Boozt AB,Boozt AB (publ),STO,se_market,EQUITY
BHG.ST,BHG Group AB,BHG Group AB (publ),STO,se_market,EQUITY
RVRC.ST,RVRC Holding AB,RVRC Holding AB (publ),STO,se_market,EQUITY
GRNG.ST,Gränges AB,Gränges AB (publ),STO,se_market,EQUITY
COIC.ST,Concentric AB,Concentric AB (publ),STO,se_market,EQUITY
SYNSAM.ST,Synsam AB,Synsam AB (publ),STO,se_market,EQUITY
BIOG-B.ST,BioGaia AB ser. B,BioGaia AB (publ),STO,se_market,EQUITY
FIL.ST,Filo Mining Corp,Filo Mining Corp.,STO,se_market,EQUITY
NEWA-B.ST,New Wave Group AB ser. B,New Wave Group AB (publ),STO,se_market,EQUITY
INWI.ST,Inwido AB,Inwido AB (publ),STO,se_market,EQUITY
STORY-B.ST,Storytel AB ser. B,Storytel AB (publ),STO,se_market,EQUITY
SAS.ST,SAS AB,SAS AB (publ),STO,se_market,EQUITY
BETCO.ST,Better Collective A/S,Better Collective A/S,STO,se_market,EQUITY
AMAST.ST,Amasten Fastighets AB,Amasten Fastighets AB (publ),STO,se_market,EQUITY
MTG-A.ST,Modern Times Group MTG AB ser. ,Modern Times Group Mtg AB,STO,se_market,EQUITY
MTG-B.ST,Modern Times Group MTG AB ser. ,Modern Times Group Mtg AB,STO,se_market,EQUITY
BIOA-B.ST,BioArctic AB ser. B,BioArctic AB (publ),STO,se_market,EQUITY
ALLIGO-B.ST,Alligo AB ser. B,Alligo AB (publ),STO,se_market,EQUITY
GARO.ST,Garo AB,Garo Aktiebolag (publ),STO,se_market,EQUITY
KNOW.ST,Knowit AB,Knowit AB (publ),STO,se_market,EQUITY
NOBINA.ST,Nobina AB,Nobina AB (publ),STO,se_market,EQUITY
TRIAN-B.ST,Fastighets AB Trianon ser. B,Fastighets AB Trianon (publ),STO,se_market,EQUITY
CTEK.ST,CTEK AB,CTEK AB (publ),STO,se_market,EQUITY
XANO-B.ST,XANO Industri AB ser. B,XANO Industri AB (publ),STO,se_market,EQUITY
NOBI.ST,Nobia AB,Nobia AB (publ),STO,se_market,EQUITY
SVOL-B.ST,Svolder AB ser. B,Svolder AB (publ),STO,se_market,EQUITY
PCELL.ST,PowerCell Sweden AB,PowerCell Sweden AB (publ),STO,se_market,EQUITY
MEKO.ST,Mekonomen AB,Mekonomen AB (publ),STO,se_market,EQUITY
SEDANA.ST,Sedana Medical AB,Sedana Medical AB (publ),STO,se_market,EQUITY
CLAS-B.ST,Clas Ohlson AB ser. B,Clas Ohlson AB (publ),STO,se_market,EQUITY
NMAN.ST,Nederman Holding AB,Nederman Holding AB (publ),STO,se_market,EQUITY
STEF-B.ST,Stendörren Fastigheter AB ser.,Stendörren Fastigheter AB (publ),STO,se_market,EQUITY
BONAV-B.ST,Bonava AB ser. B,Bonava AB (publ),STO,se_market,EQUITY
BONAV-A.ST,Bonava AB ser. A,Bonava AB (publ),STO,se_market,EQUITY
IPCO.ST,International Petroleum Corpora,International Petroleum Corporation,STO,se_market,EQUITY
LAGR-B.ST,Lagercrantz Group AB ser B,Lagercrantz Group AB (publ),STO,se_market,EQUITY
CAT-A.ST,Catella AB ser. A,Catella AB (publ),STO,se_market,EQUITY
CAT-B.ST,Catella AB ser. B,Catella AB (publ),STO,se_market,EQUITY
COLL.ST,Collector AB,Collector AB (publ),STO,se_market,EQUITY
COOR.ST,Coor Service Management Holding,Coor Service Management Holding AB,STO,se_market,EQUITY
RESURS.ST,Resurs Holding AB,Resurs Holding AB (publ),STO,se_market,EQUITY
CEVI.ST,CellaVision AB,CellaVision AB (publ),STO,se_market,EQUITY
CAMX.ST,Camurus AB,Camurus AB (publ),STO,se_market,EQUITY
XVIVO.ST,Xvivo Perfusion AB,Xvivo Perfusion AB (publ),STO,se_market,EQUITY
FG.ST,Fasadgruppen Group AB,Fasadgruppen Group AB (publ),STO,se_market,EQUITY
CLA-B.ST,Cloetta AB ser. B,Cloetta AB (publ),STO,se_market,EQUITY
BTS-B.ST,BTS Group AB ser. B,BTS Group AB (publ),STO,se_market,EQUITY
KAMBI.ST,Kambi Group Plc,Kambi Group plc,STO,se_market,EQUITY
SFAST.ST,Stenhus Fastigheter i Norden AB,Stenhus Fastigheter i Norden AB (publ),STO,se_market,EQUITY
SHOT.ST,Scandic Hotels Group AB,Scandic Hotels Group AB (publ),STO,se_market,EQUITY
JOMA.ST,John Mattson Fastighetsföretag,John Mattson Fastighetsföretagen AB (publ),STO,se_market,EQUITY
BETS-B.ST,Betsson AB ser. B,Betsson AB,STO,se_market,EQUITY
KAR.ST,Karnov Group AB,Karnov Group AB (publ),STO,se_market,EQUITY
HUMBLE.ST,Humble Group AB,Humble Group AB (publ),STO,se_market,EQUITY
IVSO.ST,INVISIO AB,Invisio AB (publ),STO,se_market,EQUITY
FAG.ST,"Fagerhult, AB",AB Fagerhult,STO,se_market,EQUITY
ORES.ST,INVESTMENT AB ORESUND,Investment AB Öresund (publ),STO,se_market,EQUITY
RENEW.ST,Re:NewCell AB,Re:NewCell AB (publ),STO,se_market,EQUITY
NORVA.ST,Norva24 Group AB,Norva24 Group AB (Publ),STO,se_market,EQUITY
KLARA-B.ST,KlaraBo Sverige AB ser. B,KlaraBo Sverige AB (publ),STO,se_market,EQUITY
NYTTO.ST,Svenska Nyttobostäder AB,Svenska Nyttobostäder AB (publ),STO,se_market,EQUITY
AQ.ST,AQ Group AB,AQ Group AB (publ),STO,se_market,EQUITY
ELAN-B.ST,Elanders AB ser. B,Elanders AB (publ),STO,se_market,EQUITY
AOI.ST,Africa Oil Corp.,Africa Oil Corp.,STO,se_market,EQUITY
M8G.ST,Media and Games Invest SE,Media and Games Invest SE,STO,se_market,EQUITY
NOTE.ST,NOTE AB,NOTE AB (publ),STO,se_market,EQUITY
ALIG.ST,Alimak Group AB,Alimak Group AB (publ),STO,se_market,EQUITY
VEFAB.ST,VEF AB,VEF AB (Publ),STO,se_market,EQUITY
FING-B.ST,Fingerprint Cards AB ser. B,Fingerprint Cards AB (publ),STO,se_market,EQUITY
LYKO-A.ST,Lyko Group AB ser. A,Lyko Group AB (publ),STO,se_market,EQUITY
ATT.ST,Attendo AB,Attendo AB (publ),STO,se_market,EQUITY
ACAD.ST,AcadeMedia AB,AcadeMedia AB (publ),STO,se_market,EQUITY
GPG.ST,Genova Property Group AB,Genova Property Group AB (publ),STO,se_market,EQUITY
BACTI-B.ST,Bactiguard Holding AB ser. B,Bactiguard Holding AB (publ),STO,se_market,EQUITY
LINC.ST,Linc AB,Linc AB,STO,se_market,EQUITY
CALTX.ST,Calliditas Therapeutics AB,Calliditas Therapeutics AB (publ),STO,se_market,EQUITY
AMBEA.ST,Ambea AB,Ambea AB (publ),STO,se_market,EQUITY
BMAX.ST,Byggmax Group AB,Byggmax Group AB (publ),STO,se_market,EQUITY
VIVA.ST,Viva Wine Group AB,Viva Wine Group AB,STO,se_market,EQUITY
DUNI.ST,Duni AB,Duni AB (publ),STO,se_market,EQUITY
CS.ST,CoinShares International Ltd,CoinShares International Limited,STO,se_market,EQUITY
VBG-B.ST,VBG GROUP AB ser. B,VBG Group AB (publ),STO,se_market,EQUITY
ABSO.ST,Absolent Air Care Group AB,Absolent Air Care Group AB (publ),STO,se_market,EQUITY
K2A-B.ST,K2A Knaust & Andersson Fastighe,K2A Knaust & Andersson Fastigheter AB (publ),STO,se_market,EQUITY
ENEA.ST,Enea AB,Enea AB (publ),STO,se_market,EQUITY
NIVI-B.ST,Nivika Fastigheter AB ser. B,Nivika Fastigheter AB (publ),STO,se_market,EQUITY
NWG.ST,Nordic Waterproofing Holding AB,Nordic Waterproofing Holding AB (publ),STO,se_market,EQUITY
NANOFS.ST,Nanoform Finland Oyj,Nanoform Finland Oyj,STO,se_market,EQUITY
TFBANK.ST,TF Bank AB,TF Bank AB (publ),STO,se_market,EQUITY
ASPIRE.ST,Aspire Global plc,Aspire Global plc,STO,se_market,EQUITY
FNM.ST,Ferronordic AB,Ferronordic AB (publ),STO,se_market,EQUITY
BRIN-B.ST,Brinova Fastigheter AB ser. B,Brinova Fastigheter AB (publ),STO,se_market,EQUITY
ENQ.ST,EnQuest PLC,EnQuest PLC,STO,se_market,EQUITY
PEGRO-PREF.ST,Pegroco Invest AB Pref,Pegroco Invest AB (publ),STO,se_market,EQUITY
OEM-B.ST,OEM International AB ser. B,OEM International AB (publ),STO,se_market,EQUITY
PROB.ST,Probi AB,Probi AB (publ),STO,se_market,EQUITY
GREEN.ST,Green Landscaping Group AB,Green Landscaping Group AB (publ),STO,se_market,EQUITY
GENO.ST,Genovis AB,Genovis AB (publ.),STO,se_market,EQUITY
NP3-PREF.ST,NP3 Fastigheter AB Pref,NP3 Fastigheter AB (publ),STO,se_market,EQUITY
ACAST.ST,Acast AB,Acast AB (publ),STO,se_market,EQUITY
PRFO.ST,Profoto Holding AB,Profoto Holding AB (publ),STO,se_market,EQUITY
AGROUP.ST,Arlandastad Group AB,Arlandastad Group AB (publ),STO,se_market,EQUITY
SEYE.ST,Smart Eye AB,Smart Eye AB (publ),STO,se_market,EQUITY
JOSE.ST,Josemaria Resources Inc.,Josemaria Resources Inc.,STO,se_market,EQUITY
LIME.ST,Lime Technologies AB,Lime Technologies AB (publ),STO,se_market,EQUITY
TRAC-B.ST,Traction AB ser. B,AB Traction,STO,se_market,EQUITY
MSON-A.ST,Midsona AB ser. A,Midsona AB (publ),STO,se_market,EQUITY
MSON-B.ST,Midsona AB ser. B,Midsona AB (publ),STO,se_market,EQUITY
THUNDR.ST,Thunderful Group AB,Thunderful Group AB,STO,se_market,EQUITY
CTM.ST,Catena Media P.L.C,Catena Media plc,STO,se_market,EQUITY
HNSA.ST,Hansa Biopharma AB,Hansa Biopharma AB (publ),STO,se_market,EQUITY
BERG-B.ST,Bergman & Beving Aktiebolag ser,Bergman & Beving AB (publ),STO,se_market,EQUITY
TOBII.ST,Tobii AB,Tobii AB (publ),STO,se_market,EQUITY
ACQ-SPAC.ST,ACQ Bure AB SPAC,ACQ Bure AB (publ),STO,se_market,EQUITY
DSNO.ST,Desenio Group AB,Desenio Group AB (publ),STO,se_market,EQUITY
FMM-B.ST,"FM Mattsson Mora Group AB, ser.",FM Mattsson Mora Group AB (publ),STO,se_market,EQUITY
WBGR-B.ST,Wästbygg Gruppen AB ser. B,Wästbygg Gruppen AB (publ),STO,se_market,EQUITY
OVZON.ST,Ovzon AB,Ovzon AB (publ),STO,se_market,EQUITY
HUM.ST,Humana AB,Humana AB (publ),STO,se_market,EQUITY
SIVE.ST,Sivers Semiconductors AB,Sivers Semiconductors AB,STO,se_market,EQUITY
IDUN-B.ST,Idun Industrier AB ser. B,Idun Industrier AB (publ),STO,se_market,EQUITY
EAST.ST,Eastnine AB,Eastnine AB (publ),STO,se_market,EQUITY
G5EN.ST,G5 Entertainment AB,G5 Entertainment AB (publ),STO,se_market,EQUITY
LOGI-B.ST,Logistea AB ser. B,Logistea AB (publ),STO,se_market,EQUITY
LOGI-A.ST,Logistea AB ser. A,Logistea AB (publ),STO,se_market,EQUITY
BUSER.ST,Bambuser AB,Bambuser AB (publ),STO,se_market,EQUITY
LEO.ST,LeoVegas AB,LeoVegas AB (publ),STO,se_market,EQUITY
TDVOX.ST,Tobii Dynavox AB,Tobii Dynavox AB (publ),STO,se_market,EQUITY
FOOT-B.ST,Footway Group AB ser. B,Footway Group AB (publ),STO,se_market,EQUITY
FOOT-PREF.ST,Footway Group AB Pref,Footway Group AB (publ),STO,se_market,EQUITY
CDON.ST,CDON AB,CDON AB,STO,se_market,EQUITY
FNOVA-B.ST,Fortinova Fastigheter AB ser. B,Fortinova Fastigheter AB (Publ),STO,se_market,EQUITY
AZELIO.ST,Azelio AB,Azelio AB (publ),STO,se_market,EQUITY
EOLU-B.ST,Eolus Vind AB ser. B,Eolus Vind AB (publ),STO,se_market,EQUITY
QLINEA.ST,Q-Linea AB,Q-linea AB (publ),STO,se_market,EQUITY
EG7.ST,Enad Global 7 AB,Enad Global 7 AB (publ),STO,se_market,EQUITY
BALCO.ST,Balco Group AB,Balco Group AB,STO,se_market,EQUITY
BONEX.ST,BONESUPPORT HOLDING AB,Bonesupport Holding AB (publ),STO,se_market,EQUITY
CTT.ST,CTT Systems AB,CTT Systems AB (publ),STO,se_market,EQUITY
EXS.ST,Exsitec Holding AB,Exsitec Holding AB (publ),STO,se_market,EQUITY
ITAB.ST,ITAB Shop Concept AB,ITAB Shop Concept AB (publ),STO,se_market,EQUITY
HLDX.ST,Haldex AB,Haldex AB (publ),STO,se_market,EQUITY
REJL-B.ST,Rejlers AB ser. B,Rejlers AB (publ),STO,se_market,EQUITY
HOFI.ST,Hoist Finance AB,Hoist Finance AB (publ),STO,se_market,EQUITY
PIERCE.ST,Pierce Group AB,Pierce Group AB (publ),STO,se_market,EQUITY
NPAPER.ST,Nordic Paper Holding AB,Nordic Paper Holding AB (publ),STO,se_market,EQUITY
BESQ.ST,Besqab AB,Besqab AB (publ),STO,se_market,EQUITY
PAGERO.ST,Pagero Group AB,Pagero Group Ab (Publ),STO,se_market,EQUITY
DOXA.ST,Doxa AB,Doxa AB (publ),STO,se_market,EQUITY
SCST.ST,Scandi Standard AB,Scandi Standard AB (publ),STO,se_market,EQUITY
RUG.ST,RugVista Group AB,Rugvista Group AB (publ),STO,se_market,EQUITY
PRIC-B.ST,Pricer AB ser. B,Pricer AB (publ),STO,se_market,EQUITY
AJA-B.ST,Byggmästare Anders J Ahlström,Byggmästare Anders J Ahlström Holding AB (publ),STO,se_market,EQUITY
CPAC-SPAC.ST,Creaspac AB SPAC,Creaspac AB (publ),STO,se_market,EQUITY
MCAP.ST,MedCap AB,MedCap AB (publ),STO,se_market,EQUITY
MINEST.ST,Minesto AB,Minesto AB (publ),STO,se_market,EQUITY
BINV.ST,BioInvent International AB,BioInvent International AB (publ),STO,se_market,EQUITY
AWRD.ST,Awardit AB,Awardit AB (publ),STO,se_market,EQUITY
XBRANE.ST,Xbrane Biopharma AB,Xbrane Biopharma AB (publ),STO,se_market,EQUITY
TRAIN-B.ST,Train Alliance Sweden AB ser. B,Train Alliance Sweden AB (publ),STO,se_market,EQUITY
KABE-B.ST,KABE Group AB ser. B,KABE Group AB (publ.),STO,se_market,EQUITY
ELTEL.ST,Eltel AB,Eltel AB (publ),STO,se_market,EQUITY
IVACC.ST,Intervacc AB,Intervacc AB (publ),STO,se_market,EQUITY
AEC.ST,AFRICA ENERGY CORP.,Africa Energy Corp.,STO,se_market,EQUITY
PACT.ST,Proact IT Group AB,Proact IT Group AB (publ),STO,se_market,EQUITY
TEQ.ST,Teqnion AB,Teqnion AB (publ),STO,se_market,EQUITY
NETI-B.ST,Net Insight AB ser. B,Net Insight AB (publ),STO,se_market,EQUITY
AROS.ST,Aros Bostadsutveckling AB,Aros Bostadsutveckling AB (publ),STO,se_market,EQUITY
RFAST.ST,Randviken Fastigheter AB,Randviken Fastigheter AB,STO,se_market,EQUITY
ATIN.ST,Athanase Innovation AB,Athanase Innovation AB,STO,se_market,EQUITY
EWRK.ST,eWork Group AB,Ework Group AB (publ),STO,se_market,EQUITY
ELOS-B.ST,Elos Medtech AB ser. B,Elos Medtech AB (publ),STO,se_market,EQUITY
IRIS.ST,Irisity AB,Irisity AB (publ),STO,se_market,EQUITY
SIGNUP.ST,SignUp Software AB,SignUp Software AB (publ),STO,se_market,EQUITY
MANG.ST,Mangold AB,Mangold Fondkommission AB,STO,se_market,EQUITY
SEMC.ST,Semcon AB,Semcon AB (publ),STO,se_market,EQUITY
HANZA.ST,Hanza Holding AB,Hanza Holding AB (publ),STO,se_market,EQUITY
MNTC.ST,Mentice AB,Mentice AB (publ),STO,se_market,EQUITY
SOLT.ST,SolTech Energy Sweden AB,SolTech Energy Sweden AB (publ),STO,se_market,EQUITY
FPIP.ST,Formpipe Software AB,Formpipe Software AB (publ),STO,se_market,EQUITY
IRLAB-A.ST,IRLAB Therapeutics AB ser. A,IRLAB Therapeutics AB (publ),STO,se_market,EQUITY
BELE.ST,Beijer Electronics Group AB,Beijer Electronics Group AB (publ),STO,se_market,EQUITY
ANNE-B.ST,Annehem Fastigheter AB ser. B,Annehem Fastigheter AB,STO,se_market,EQUITY
TETY.ST,Tethys Oil AB,Tethys Oil AB (publ),STO,se_market,EQUITY
ACCON.ST,Acconeer AB,Acconeer AB (publ),STO,se_market,EQUITY
NETEL.ST,Netel Holding AB,Netel Holding AB (publ),STO,se_market,EQUITY
KJELL.ST,Kjell Group AB,Kjell Group AB (publ),STO,se_market,EQUITY
BRE2.ST,Bredband2 i Skandinavien AB,Bredband2 i Skandinavien AB (publ),STO,se_market,EQUITY
ALCA.ST,Alcadon Group AB,Alcadon Group AB (publ),STO,se_market,EQUITY
PSCAND.ST,Permascand Top Holding AB,Permascand Top Holding AB (publ),STO,se_market,EQUITY
NORB-B.ST,Nordisk Bergteknik AB ser. B,Nordisk Bergteknik AB (publ),STO,se_market,EQUITY
LUC.ST,Lucara Diamond Corp,Lucara Diamond Corp.,STO,se_market,EQUITY
STRLNG.ST,Swedish Stirling AB,Swedish Stirling AB (publ),STO,se_market,EQUITY
MILDEF.ST,Mildef Group AB,MilDef Group AB (publ),STO,se_market,EQUITY
STUDBO.ST,Studentbostäder i Norden AB,Studentbostäder i Norden AB (publ),STO,se_market,EQUITY
BULTEN.ST,Bulten AB,Bulten AB (publ),STO,se_market,EQUITY
CCC.ST,Cavotec SA,Cavotec SA,STO,se_market,EQUITY
CRAD-B.ST,C-RAD AB ser. B,C-Rad AB (publ),STO,se_market,EQUITY
ZZ-B.ST,Zinzino AB Ser. B,Zinzino AB (publ),STO,se_market,EQUITY
BRG-B.ST,Bergs Timber AB ser. B,Bergs Timber AB (publ),STO,se_market,EQUITY
ARISE.ST,Arise AB,Arise AB (publ),STO,se_market,EQUITY
BEGR.ST,BE Group AB,BE Group AB (publ),STO,se_market,EQUITY
FASTAT.ST,AB Fastator,Aktiebolaget Fastator (publ),STO,se_market,EQUITY
RAY-B.ST,RaySearch Laboratories AB ser. ,RaySearch Laboratories AB (publ),STO,se_market,EQUITY
CANTA.ST,Cantargia AB,Cantargia AB (publ),STO,se_market,EQUITY
GHP.ST,GHP Specialty Care AB,GHP Specialty Care AB (publ),STO,se_market,EQUITY
KOPY.ST,Kopy Goldfields AB,Kopy Goldfields AB (publ),STO,se_market,EQUITY
DIST.ST,DistIT AB,DistIT AB (publ),STO,se_market,EQUITY
CI-B.ST,Cell Impact AB ser. B,Cell Impact AB (publ),STO,se_market,EQUITY
SVED-B.ST,Svedbergs i Dalstorp AB ser. B,Svedbergs i Dalstorp AB (publ),STO,se_market,EQUITY
TRANS.ST,Transtema Group AB,Transtema Group AB,STO,se_market,EQUITY
IAR-B.ST,I.A.R Systems Group AB ser. B,IAR Systems Group AB (publ),STO,se_market,EQUITY
RROS.ST,Rottneros AB,Rottneros AB (publ),STO,se_market,EQUITY
GIGSEK.ST,Gaming Innovation Group Inc.,Gaming Innovation Group Inc.,STO,se_market,EQUITY
MSOFT.ST,Momentum Software Group AB,Momentum Software Group AB (publ),STO,se_market,EQUITY
IMMNOV.ST,Immunovia AB,Immunovia AB (publ),STO,se_market,EQUITY
SOF-B.ST,Softronic AB ser. B,Softronic AB (publ),STO,se_market,EQUITY
AMAST-PREF.ST,Amasten Fastighets AB Pref,Amasten Fastighets AB (publ),STO,se_market,EQUITY
POLYG.ST,Polygiene AB,Polygiene AB (publ.),STO,se_market,EQUITY
TORSAB.ST,Torslanda Property Investment A,Torslanda Property Investment AB (publ),STO,se_market,EQUITY
SRNKE-B.ST,Serneke Group AB B,Serneke Group AB (publ),STO,se_market,EQUITY
OP.ST,Oscar Properties Holding AB,Oscar Properties Holding AB (publ),STO,se_market,EQUITY
GAPW-B.ST,Gapwaves AB B,Gapwaves AB (publ),STO,se_market,EQUITY
GREAT.ST,Greater Than AB,Greater Than AB,STO,se_market,EQUITY
BOAT.ST,Nimbus Group AB,Nimbus Group AB (Publ),STO,se_market,EQUITY
ISOFOL.ST,Isofol Medical AB,Isofol Medical AB (publ),STO,se_market,EQUITY
SEZI.ST,Senzime AB,Senzime AB (publ),STO,se_market,EQUITY
MAHA-A.ST,Maha Energy AB,Maha Energy AB (publ),STO,se_market,EQUITY
ARP.ST,Arctic Paper S.A.,Arctic Paper S.A.,STO,se_market,EQUITY
ASAB.ST,Advanced SolTech Sweden AB,Advanced Soltech Sweden AB (publ),STO,se_market,EQUITY
UPSALE.ST,Upsales Technology AB,Upsales Technology AB (publ),STO,se_market,EQUITY
ADDV-B.ST,ADDvise Group AB B,ADDvise Group AB (publ),STO,se_market,EQUITY
ADDV-A.ST,ADDvise Group AB A,ADDvise Group AB (publ),STO,se_market,EQUITY
PREV-B.ST,Prevas AB ser. B,Prevas AB,STO,se_market,EQUITY
TITA-B.ST,Titania Holding AB ser. B,Titania Holding AB (publ),STO,se_market,EQUITY
XSPRAY.ST,Xspray Pharma AB,Xspray Pharma AB (publ),STO,se_market,EQUITY
ARCANE.ST,Arcane Crypto AB,Arcane Crypto AB,STO,se_market,EQUITY
COPP-B.ST,Copperstone Resources AB ser. B,Copperstone Resources AB,STO,se_market,EQUITY
CHECK.ST,Checkin.com Group AB,Checkin.Com Group AB (Publ),STO,se_market,EQUITY
HAYPP.ST,Haypp Group AB,Haypp Group AB (publ),STO,se_market,EQUITY
TBD30-SPAC-A.ST,tbd30 AB SPAC ser. A,tbd30 AB (publ),STO,se_market,EQUITY
DURC-B.ST,Duroc AB ser. B,Duroc AB (publ),STO,se_market,EQUITY
PAX.ST,Paxman AB,Paxman AB (publ),STO,se_market,EQUITY
ENZY.ST,Enzymatica AB,Enzymatica AB,STO,se_market,EQUITY
DVYSR.ST,Devyser Diagnostics AB,Devyser Diagnostics AB (publ),STO,se_market,EQUITY
APAC-SPAC-A.ST,Aligro Planet Acquisition AB SP,Aligro Planet Acquisition Company AB (publ),STO,se_market,EQUITY
BORG.ST,Björn Borg AB,Björn Borg AB (publ),STO,se_market,EQUITY
DMYD-B.ST,Diamyd Medical AB ser. B,Diamyd Medical AB (publ),STO,se_market,EQUITY
SLEEP.ST,Sleep Cycle AB,Sleep Cycle AB (publ),STO,se_market,EQUITY
JETPAK.ST,Jetpak Top Holding AB,Jetpak Top Holding AB (publ),STO,se_market,EQUITY
PIEZO.ST,PiezoMotor Uppsala AB,PiezoMotor Uppsala AB (publ),STO,se_market,EQUITY
OASM.ST,Oasmia Pharmaceutical AB,Oasmia Pharmaceutical AB (publ),STO,se_market,EQUITY
VICO.ST,Vicore Pharma Holding AB,Vicore Pharma Holding AB (publ),STO,se_market,EQUITY
AEGIR.ST,AegirBio AB,AegirBio AB (publ),STO,se_market,EQUITY
ORX.ST,Orexo AB,Orexo AB (publ),STO,se_market,EQUITY
EGTX.ST,Egetis Therapeutics AB,Egetis Therapeutics AB (publ),STO,se_market,EQUITY
SFAB.ST,,Solid Försäkringsaktiebolag (publ),STO,se_market,EQUITY
EPIS-B.ST,Episurf Medical AB B,Episurf Medical AB (publ),STO,se_market,EQUITY
INTEG-B.ST,Integrum AB ser. B,Integrum AB (publ),STO,se_market,EQUITY
24STOR.ST,24Storage AB,24Storage AB (publ),STO,se_market,EQUITY
ZORDIX-B.ST,Zordix AB ser. B,Zordix AB (publ),STO,se_market,EQUITY
BIOVIC-B.ST,Biovica International AB ser. B,Biovica International AB (publ),STO,se_market,EQUITY
SES.ST,Scandinavian Enviro Systems AB,Scandinavian Enviro Systems AB (publ),STO,se_market,EQUITY
FERRO.ST,Ferroamp Elektronik AB,Ferroamp Elektronik AB (publ),STO,se_market,EQUITY
KDEV.ST,Karolinska Development AB ser.B,Karolinska Development AB (publ),STO,se_market,EQUITY
BYGGP.ST,ByggPartner i Dalarna Holding A,ByggPartner i Dalarna Holding AB (publ),STO,se_market,EQUITY
ZWIPE.ST,Zwipe AS,Zwipe AS,STO,se_market,EQUITY
NHCBHFFS.ST,Baltic Horizon Fund,Baltic Horizon Fund,STO,se_market,EQUITY
SNM.ST,ShaMaran Petroleum Corp,ShaMaran Petroleum Corp.,STO,se_market,EQUITY
SINT.ST,SinterCast AB,SinterCast AB (publ),STO,se_market,EQUITY
ACE.ST,Ascelia Pharma AB,Ascelia Pharma AB (publ),STO,se_market,EQUITY
MIDS.ST,Midsummer AB,Midsummer AB (publ),STO,se_market,EQUITY
HEXI.ST,Hexicon AB,Hexicon AB (publ),STO,se_market,EQUITY
URBIT.ST,Urb-it AB,Urb-it AB (publ),STO,se_market,EQUITY
INZILE.ST,Inzile AB,Inzile AB (publ),STO,se_market,EQUITY
ARPL.ST,Arla Plast AB,Arla Plast AB,STO,se_market,EQUITY
QAIR.ST,QleanAir AB,QleanAir AB,STO,se_market,EQUITY
MISE.ST,Misen Energy AB,Misen Energy AB (publ),STO,se_market,EQUITY
BOUL.ST,Boule Diagnostics AB,Boule Diagnostics AB (publ),STO,se_market,EQUITY
INDEX.ST,InDex Pharmaceuticals Holding A,InDex Pharmaceuticals Holding AB (publ),STO,se_market,EQUITY
ATVEXA-B.ST,Atvexa AB ser. B,Atvexa AB (publ),STO,se_market,EQUITY
EXPRS2.ST,ExpreS2ion Biotech Holding AB,ExpreS2ion Biotech Holding AB (publ),STO,se_market,EQUITY
RAKE.ST,Raketech Group Holding plc,Raketech Group Holding PLC,STO,se_market,EQUITY
PTRK.ST,Physitrack PLC,Physitrack PLC,STO,se_market,EQUITY
FLUO.ST,FluoGuide A/S,FluoGuide A/S,STO,se_market,EQUITY
MAVEN.ST,Maven Wireless Sweden AB,Maven Wireless Sweden AB (Publ),STO,se_market,EQUITY
GENI.ST,Generic Sweden AB,Generic Sweden AB,STO,se_market,EQUITY
OPTI.ST,OptiCept Technologies AB,OptiCept Technologies AB (publ),STO,se_market,EQUITY
NTEK-B.ST,NOVOTEK AB ser. B,Novotek AB,STO,se_market,EQUITY
BIM.ST,BIMobject AB,BIMobject AB,STO,se_market,EQUITY
NIL-B.ST,Nilörngruppen AB ser. B,Nilörngruppen AB,STO,se_market,EQUITY
BIOGAS.ST,Scandinavian Biogas Fuels Int. ,Scandinavian Biogas Fuels International AB (publ),STO,se_market,EQUITY
PROF-B.ST,ProfilGruppen AB ser. B,ProfilGruppen AB (publ),STO,se_market,EQUITY
BIOWKS.ST,Bio-Works Technologies AB,Bio-Works Technologies AB (publ),STO,se_market,EQUITY
POOL-B.ST,Poolia AB ser. B,Poolia AB (publ),STO,se_market,EQUITY
VERT-B.ST,Vertiseit AB ser. B,Vertiseit AB (publ),STO,se_market,EQUITY
SENS.ST,Sensys Gatso Group AB,Sensys Gatso Group AB (publ),STO,se_market,EQUITY
SVIK.ST,Studsvik AB,Studsvik AB (publ),STO,se_market,EQUITY
CLIME-B.ST,Climeon AB ser. B,Climeon AB (publ),STO,se_market,EQUITY
INFREA.ST,Infrea AB,Infrea AB,STO,se_market,EQUITY
CNCJO-B.ST,Concejo AB ser. B,Concejo AB (publ),STO,se_market,EQUITY
DEDI.ST,Dedicare AB ser. B,Dedicare AB (publ),STO,se_market,EQUITY
FRACTL.ST,Fractal Gaming Group AB,Fractal Gaming Group AB (publ),STO,se_market,EQUITY
NEXAM.ST,Nexam Chemical Holding AB,Nexam Chemical Holding AB (publ),STO,se_market,EQUITY
ACRI-B.ST,Acrinova AB ser. B,Acrinova AB (publ),STO,se_market,EQUITY
ACRI-A.ST,Acrinova AB ser. A,Acrinova AB (publ),STO,se_market,EQUITY
IMPC.ST,Impact Coatings AB,Impact Coatings AB (publ),STO,se_market,EQUITY
EPTI.ST,EPTI AB,EPTI AB,STO,se_market,EQUITY
CFISH.ST,Crunchfish AB,Crunchfish AB (publ),STO,se_market,EQUITY
B3.ST,B3 Consulting Group AB,B3 Consulting Group AB (publ),STO,se_market,EQUITY
FLEXM.ST,Flexion Mobile Plc,Flexion Mobile Plc,STO,se_market,EQUITY
EMBELL.ST,Embellence Group AB,Embellence Group AB (publ),STO,se_market,EQUITY
KAPIAB.ST,Kallebäck Property Invest AB,Kallebäck Property Invest AB (publ),STO,se_market,EQUITY
DORO.ST,DORO AB,Doro AB (publ),STO,se_market,EQUITY
CARE.ST,Careium AB,Careium AB (Publ),STO,se_market,EQUITY
MAGI.ST,MAG Interactive AB,MAG Interactive AB (publ),STO,se_market,EQUITY
STAR-B.ST,Starbreeze AB ser. B,Starbreeze AB (publ),STO,se_market,EQUITY
STAR-A.ST,Starbreeze AB ser. A,Starbreeze AB (publ),STO,se_market,EQUITY
FRAG.ST,Fragbite Group AB,Fragbite Group AB (publ),STO,se_market,EQUITY
STIL.ST,Stille AB,Stille AB,STO,se_market,EQUITY
IMMU.ST,Immunicum AB,Immunicum AB (publ),STO,se_market,EQUITY
ITECH.ST,I-Tech AB,I-Tech AB,STO,se_market,EQUITY
MOBA.ST,M.O.B.A. Network AB,M.O.B.A. Network AB (publ),STO,se_market,EQUITY
FLAT-B.ST,Flat Capital AB ser. B,Flat Capital AB (publ),STO,se_market,EQUITY
CAG.ST,CAG Group AB,CAG Group AB (publ),STO,se_market,EQUITY
CASE.ST,Case Group AB,Case Group AB (publ),STO,se_market,EQUITY
HILB-B.ST,Hilbert Group AB ser. B,Hilbert Group AB (publ),STO,se_market,EQUITY
ALBERT.ST,eEducation Albert AB,eEducation Albert AB (publ),STO,se_market,EQUITY
NAXS.ST,NAXS AB,NAXS AB (publ),STO,se_market,EQUITY
MSAB-B.ST,Micro Systemation AB B,Micro Systemation AB (publ),STO,se_market,EQUITY
SEAF.ST,Seafire AB,Seafire AB (publ),STO,se_market,EQUITY
ADTR.ST,Adtraction Group AB,Adtraction Group AB,STO,se_market,EQUITY
NEPA.ST,Nepa AB,Nepa AB (publ),STO,se_market,EQUITY
ICO.ST,Iconovo AB,Iconovo AB (publ),STO,se_market,EQUITY
IBT-B.ST,Infant Bacterial Therapeutics A,Infant Bacterial Therapeutics AB (publ),STO,se_market,EQUITY
OBAB.ST,Online Brands Nordic AB,Online Brands Nordic AB (publ),STO,se_market,EQUITY
ECC-B.ST,Ecoclime Group AB ser. B,Ecoclime Group AB (publ),STO,se_market,EQUITY
VO2.ST,Vo2 Cap Holding AB,Vo2 Cap Holding AB (publ),STO,se_market,EQUITY
ENDO.ST,Endomines AB,Endomines AB (publ),STO,se_market,EQUITY
CE.ST,Cortus Energy AB,Cortus Energy AB (publ),STO,se_market,EQUITY
BOKUS.ST,Bokusgruppen AB,Bokusgruppen AB (publ),STO,se_market,EQUITY
READ.ST,Readly International AB,Readly International AB (publ),STO,se_market,EQUITY
ALPCOT-B.ST,Alpcot Holding AB ser. B,Alpcot Holding AB (publ),STO,se_market,EQUITY
SOLNA.ST,Solnaberg Property AB,Solnaberg Property AB (publ),STO,se_market,EQUITY
AVEN.ST,Avensia AB,Avensia AB (publ),STO,se_market,EQUITY
ORGC.ST,OrganoClick AB,OrganoClick AB (publ),STO,se_market,EQUITY
SKMO.ST,Skåne-möllan AB,Skåne-möllan AB (publ),STO,se_market,EQUITY
INISS-B.ST,Inission AB ser. B,Inission AB (publ),STO,se_market,EQUITY
MIDW-B.ST,Midway Holding AB ser. B,Midway Holding AB (publ),STO,se_market,EQUITY
MIDW-A.ST,Midway Holding AB ser. A,Midway Holding AB (publ),STO,se_market,EQUITY
LEMSE.ST,Leading Edge Materials Corp.,Leading Edge Materials Corp.,STO,se_market,EQUITY
CBTT-B.ST,Christian Berner Tech Trade AB ,Christian Berner Tech Trade AB (publ),STO,se_market,EQUITY
GOMX.ST,GomSpace Group AB,GomSpace Group AB (publ),STO,se_market,EQUITY
PRCO-B.ST,Precio Fishbone AB ser. B,Precio Fishbone AB (publ),STO,se_market,EQUITY
ONCO.ST,Oncopeptides AB,Oncopeptides AB (publ),STO,se_market,EQUITY
SLITE.ST,Slitevind AB,Slitevind AB,STO,se_market,EQUITY
HOVD.ST,Hövding Sverige AB,Hövding Sverige AB (publ),STO,se_market,EQUITY
SPEC.ST,SpectraCure AB,SpectraCure AB (publ),STO,se_market,EQUITY
SODER.ST,Söder Sportfiske AB,SÖDer Sportfiske Ab,STO,se_market,EQUITY
AAC.ST,AAC Clyde Space AB,AAC Clyde Space AB (publ),STO,se_market,EQUITY
EOS.ST,EnergyO Solutions Russia AB,EOS Russia,STO,se_market,EQUITY
PENG-B.ST,Projektengagemang Sweden AB ser,Projektengagemang Sweden AB (publ),STO,se_market,EQUITY
STWK.ST,Stockwik Förvaltning AB,Stockwik Förvaltning AB (publ),STO,se_market,EQUITY
FLEXQ.ST,FlexQube AB,FlexQube AB (publ),STO,se_market,EQUITY
NELLY.ST,Nelly Group AB,Nelly Group AB (publ),STO,se_market,EQUITY
RAIL.ST,Railcare Group AB,Railcare Group AB (publ),STO,se_market,EQUITY
MVIR-B.ST,Medivir AB ser. B,Medivir AB (publ),STO,se_market,EQUITY
DIGN.ST,Dignitana AB,Dignitana AB (publ.),STO,se_market,EQUITY
GHUS-B.ST,Götenehus Group AB ser. B,Götenehus Group AB (publ),STO,se_market,EQUITY
UNIBAP.ST,Unibap AB,Unibap AB (publ),STO,se_market,EQUITY
ISR.ST,ISR Immune System Regulation Ho,ISR Immune System Regulation Holding AB (publ),STO,se_market,EQUITY
SCOL.ST,Scandion Oncology A/S,Scandion Oncology A/S,STO,se_market,EQUITY
FREEM.ST,Freemelt Holding AB,Freemelt Holding AB (publ),STO,se_market,EQUITY
MEAB-B.ST,Malmbergs Elektriska AB ser. B,Malmbergs Elektriska AB (publ),STO,se_market,EQUITY
SANION.ST,Saniona AB,Saniona AB (publ),STO,se_market,EQUITY
NNH.ST,New Nordic Healthbrands AB,New Nordic Healthbrands AB (publ),STO,se_market,EQUITY
HEIM-PREF.ST,Heimstaden AB Pref,Heimstaden AB (publ),STO,se_market,EQUITY
PREC.ST,Precise Biometrics AB,Precise Biometrics AB (publ),STO,se_market,EQUITY
STRAX.ST,Strax AB,Strax AB (publ),STO,se_market,EQUITY
OSSD.ST,OssDsign AB,OssDsign AB (publ),STO,se_market,EQUITY
ATORX.ST,Alligator Bioscience AB,Alligator Bioscience AB (publ),STO,se_market,EQUITY
FIRE.ST,Firefly AB,Firefly AB (publ),STO,se_market,EQUITY
TOURN.ST,Tourn International AB,Tourn International AB (publ),STO,se_market,EQUITY
NETM-B.ST,Netmore Group AB ser. B,Netmore Group AB (publ),STO,se_market,EQUITY
SDS.ST,Seamless Distribution Systems A,Seamless Distribution Systems AB (publ),STO,se_market,EQUITY
CANDLE-B.ST,Candles Scandinavia AB ser. B,Candles Scandinavia AB (publ),STO,se_market,EQUITY
OGUN-B.ST,Ogunsen AB ser. B,Ogunsen AB (publ),STO,se_market,EQUITY
ADVE.ST,Advenica AB,Advenica AB (publ),STO,se_market,EQUITY
OXE.ST,OXE Marine AB,OXE Marine AB (publ),STO,se_market,EQUITY
ELEC.ST,Electra Gruppen AB,Electra Gruppen AB (publ),STO,se_market,EQUITY
FUUD.ST,FUUD AB,FUUD AB (publ),STO,se_market,EQUITY
COALA.ST,Coala-life Group AB,Coala-Life Group AB (publ),STO,se_market,EQUITY
VSSAB-B.ST,Viking Supply Ships AB ser. B,Viking Supply Ships AB (publ),STO,se_market,EQUITY
BBROOM.ST,New Bubbleroom Sweden AB,New Bubbleroom Sweden AB (publ),STO,se_market,EQUITY
HAV-B.ST,Havsfrun Investment AB ser. B,Havsfrun Investment AB (publ),STO,se_market,EQUITY
ZIGN.ST,ZignSec AB,ZignSec AB (publ),STO,se_market,EQUITY
QLIFE.ST,QLife Holding AB,Qlife Holding AB (publ),STO,se_market,EQUITY
LINKFI.ST,Linkfire A/S,Linkfire A/S,STO,se_market,EQUITY
AGES-B.ST,Ages Industri AB ser. B,AGES Industri AB (publ),STO,se_market,EQUITY
YIELD.ST,SaveLend Group AB,SaveLend Group AB (publ),STO,se_market,EQUITY
QLIRO.ST,Qliro AB,Qliro AB (publ),STO,se_market,EQUITY
SPEONE.ST,SpectrumOne AB,SpectrumOne AB (publ),STO,se_market,EQUITY
BONAS.ST,Bonäsudden Holding AB,Bonäsudden Holding AB (publ),STO,se_market,EQUITY
DDM.ST,DDM Holding AG,DDM Holding AG,STO,se_market,EQUITY
SCIB.ST,Scibase Holding AB,SciBase Holding AB (publ),STO,se_market,EQUITY
LMKG.ST,LMK Group AB,LMK Group AB (publ),STO,se_market,EQUITY
AKEL-D.ST,Akelius Residential Property AB,Akelius Residential Property AB (publ),STO,se_market,EQUITY
ASAI.ST,Artificial Solutions Internatio,Artificial Solutions International AB (publ),STO,se_market,EQUITY
AXIC-A.ST,aXichem AB ser. A,aXichem AB,STO,se_market,EQUITY
LAMM-B.ST,Lammhults Design Group AB ser. ,Lammhults Design Group AB (publ),STO,se_market,EQUITY
OPTER.ST,Opter AB,Opter AB (publ),STO,se_market,EQUITY
W5.ST,W5 Solutions AB,W5 Solutions AB (publ),STO,se_market,EQUITY
TERRNT-B.ST,Terranet AB ser. B,Terranet AB,STO,se_market,EQUITY
BUILD.ST,BuildData Group AB,BuildData Group AB,STO,se_market,EQUITY
MODEL-B.ST,Modelon AB ser. B,Modelon AB (publ),STO,se_market,EQUITY
DRIL.ST,Drillcon AB,Drillcon AB (publ),STO,se_market,EQUITY
CEDER.ST,Cedergrenska AB,Cedergrenska AB (publ),STO,se_market,EQUITY
NILAR.ST,Nilar International AB,Nilar International AB,STO,se_market,EQUITY
SCOUT.ST,Scout Gaming Group AB,Scout Gaming Group AB (publ),STO,se_market,EQUITY
BOTX.ST,Botnia Exploration Holding AB,Botnia Exploration Holding AB (publ),STO,se_market,EQUITY
TAGM-B.ST,TagMaster AB ser. B,TagMaster AB (publ),STO,se_market,EQUITY
INT.ST,Intellego Technologies AB,Intellego Technologies AB,STO,se_market,EQUITY
SALT-B.ST,SaltX Technology Holding AB ser,SaltX Technology Holding AB,STO,se_market,EQUITY
ACOU.ST,AcouSort AB,AcouSort AB (publ),STO,se_market,EQUITY
KAN.ST,Kancera AB,Kancera AB (publ),STO,se_market,EQUITY
GUARD.ST,Guard Therapeutics Internationa,Guard Therapeutics International AB (publ),STO,se_market,EQUITY
FREJA.ST,Freja eID Group AB,Freja eID Group AB (publ),STO,se_market,EQUITY
INIT.ST,Initiator Pharma A/S,Initiator Pharma A/S,STO,se_market,EQUITY
TRAD.ST,TradeDoubler AB,TradeDoubler AB (publ),STO,se_market,EQUITY
AUR.ST,Auriant Mining AB,Auriant Mining AB (publ),STO,se_market,EQUITY
ACROUD.ST,ACROUD AB,Acroud AB (publ),STO,se_market,EQUITY
MOMENT.ST,Moment Group AB,Moment Group AB,STO,se_market,EQUITY
2CUREX.ST,2cureX AB,2cureX AB (publ),STO,se_market,EQUITY
CLAV.ST,Clavister Holding AB,Clavister Holding AB (publ.),STO,se_market,EQUITY
NXTMS.ST,Nexstim Oyj,Nexstim Plc,STO,se_market,EQUITY
MAGLE.ST,Magle Chemoswed Holding AB,Magle Chemoswed Holding AB (publ),STO,se_market,EQUITY
ALELIO.ST,Alelion Energy Systems AB,Alelion Energy Systems AB (publ),STO,se_market,EQUITY
DEVP-B.ST,DevPort AB ser. B,DevPort AB (publ),STO,se_market,EQUITY
CLBIO.ST,Corline Biomedical AB,Corline Biomedical AB,STO,se_market,EQUITY
VOLAB.ST,Veg of Lund AB,Veg of Lund AB (publ),STO,se_market,EQUITY
KLAR.ST,Klaria Pharma Holding AB,Klaria Pharma Holding AB (publ.),STO,se_market,EQUITY
TSEC.ST,Tempest Security AB,Tempest Security AB (publ),STO,se_market,EQUITY
NAIG-B.ST,Nordic Asia Investment Group 19,Nordic Asia Investment Group 1987 AB (publ),STO,se_market,EQUITY
NITRO.ST,Nitro Games Oyj,Nitro Games Oyj,STO,se_market,EQUITY
MANTEX.ST,Mantex AB,Mantex AB (publ),STO,se_market,EQUITY
LIDDS.ST,LIDDS AB,LIDDS AB (publ),STO,se_market,EQUITY
WISE.ST,Wise Group AB,Wise Group AB (publ),STO,se_market,EQUITY
IRRAS.ST,IRRAS AB,IRRAS AB (publ),STO,se_market,EQUITY
RLS.ST,RLS Global AB,RLS Global AB (publ),STO,se_market,EQUITY
SAXG.ST,Saxlund Group AB,Saxlund Group AB (publ),STO,se_market,EQUITY
CCOR-B.ST,Concordia Maritime AB ser. B,Concordia Maritime AB (publ),STO,se_market,EQUITY
ECOWVE.ST,Eco Wave Power Global AB,Eco Wave Power Global AB (publ),STO,se_market,EQUITY
USWE.ST,USWE Sports AB,Uswe Sports AB (publ),STO,se_market,EQUITY
REALFI.ST,Realfiction Holding AB,Realfiction Holding AB (publ),STO,se_market,EQUITY
NXTCL.ST,NextCell Pharma AB,NextCell Pharma AB,STO,se_market,EQUITY
INCOAX.ST,InCoax Networks AB,InCoax Networks AB (publ),STO,se_market,EQUITY
ACTI.ST,Active Biotech AB,Active Biotech AB (publ),STO,se_market,EQUITY
SPEQT.ST,Speqta AB,Speqta AB (publ),STO,se_market,EQUITY
HRNTS.ST,Herantis Pharma Oyj,Herantis Pharma Oyj,STO,se_market,EQUITY
ME.ST,Modern Ekonomi Sverige Holding ,Modern Ekonomi Sverige Holding AB (publ),STO,se_market,EQUITY
CLS-B.ST,Clinical Laserthermia Systems A,Clinical Laserthermia Systems AB (publ),STO,se_market,EQUITY
STW.ST,SeaTwirl AB,SeaTwirl AB (publ),STO,se_market,EQUITY
FIRST-B.ST,First Venture Sweden AB ser. B,First Venture Sweden AB (publ),STO,se_market,EQUITY
ALZCUR.ST,AlzeCure Pharma AB,AlzeCure Pharma AB (publ),STO,se_market,EQUITY
QUART.ST,Quartiers Properties AB,Quartiers Properties AB (publ),STO,se_market,EQUITY
SFTR.ST,Safeture AB,Safeture AB (publ),STO,se_market,EQUITY
LCLEAN.ST,Lifeclean International AB,LifeClean International AB (publ),STO,se_market,EQUITY
DEAR.ST,Duearity AB,Duearity AB (publ),STO,se_market,EQUITY
SENZA.ST,SenzaGen AB,SenzaGen AB,STO,se_market,EQUITY
TESSIN.ST,Tessin Nordic Holding AB,Tessin Nordic Holding AB,STO,se_market,EQUITY
LINKAB.ST,Link Prop Investment AB,Link Prop Investment AB (publ),STO,se_market,EQUITY
FLUI.ST,Fluicell AB,Fluicell AB (publ),STO,se_market,EQUITY
LIPI.ST,Lipidor AB,Lipidor AB (publ),STO,se_market,EQUITY
JLT.ST,JLT Mobile Computers AB,JLT Mobile Computers AB (publ),STO,se_market,EQUITY
MOB.ST,Moberg Pharma AB,Moberg Pharma AB (publ),STO,se_market,EQUITY
RPLAN.ST,Ranplan Group AB,Ranplan Group AB,STO,se_market,EQUITY
LITI.ST,Litium AB,Litium AB (publ),STO,se_market,EQUITY
XINT.ST,Xintela AB,Xintela AB (publ),STO,se_market,EQUITY
ORTI-B.ST,Ortivus AB ser. B,Ortivus AB (publ),STO,se_market,EQUITY
ORTI-A.ST,Ortivus AB ser. A,Ortivus AB (publ),STO,se_market,EQUITY
ABLI.ST,Abliva AB,Abliva AB (publ),STO,se_market,EQUITY
PLUN.ST,ProstaLund AB,ProstaLund AB (publ),STO,se_market,EQUITY
COMBI.ST,Combigene AB,CombiGene AB (publ),STO,se_market,EQUITY
NGS.ST,NGS Group AB,NGS Group AB (publ),STO,se_market,EQUITY
K2A-PREF.ST,K2A Knaust & Andersson Fastighe,K2A Knaust & Andersson Fastigheter AB (publ),STO,se_market,EQUITY
CLEM.ST,Clemondo Group AB,Clemondo Group AB (publ),STO,se_market,EQUITY
INSP.ST,Insplorion AB,Insplorion AB (publ),STO,se_market,EQUITY
SPAGO.ST,Spago Nanomedical AB,Spago Nanomedical AB (publ),STO,se_market,EQUITY
JDT.ST,JonDeTech Sensors AB,JonDeTech Sensors AB (publ),STO,se_market,EQUITY
NANEXA.ST,Nanexa AB,Nanexa AB (publ),STO,se_market,EQUITY
LEX.ST,The Lexington Company AB,The Lexington Company AB (publ),STO,se_market,EQUITY
MEDHLP.ST,Medhelp Care AB,Medhelp Care Aktiebolag (publ),STO,se_market,EQUITY
WAYS.ST,Waystream Holding AB,Waystream Holding AB (publ),STO,se_market,EQUITY
BIOS.ST,Bioservo Technologies AB,Bioservo Technologies AB (publ),STO,se_market,EQUITY
NOTEK.ST,Norditek Group AB,Norditek Group AB (publ),STO,se_market,EQUITY
QIIWI.ST,Qiiwi Games AB,Qiiwi Games AB (publ),STO,se_market,EQUITY
GBK.ST,Goodbye Kansas Group AB,Goodbye Kansas Group AB (publ),STO,se_market,EQUITY
ATIC.ST,Actic Group AB,Actic Group AB (publ),STO,se_market,EQUITY
QUART-PREF.ST,Quartiers Properties AB Pref,Quartiers Properties AB (publ),STO,se_market,EQUITY
LEVEL.ST,Nordic LEVEL Group AB,Nordic LEVEL Group AB (publ.),STO,se_market,EQUITY
BRICK-B.ST,Bricknode Holding AB ser. B,Bricknode Holding AB,STO,se_market,EQUITY
LOHILO.ST,Lohilo Foods AB,Lohilo Foods Ab (Publ),STO,se_market,EQUITY
SPRINT.ST,Sprint Bioscience AB,Sprint Bioscience AB (publ),STO,se_market,EQUITY
ADDERA.ST,AdderaCare AB,AdderaCare AB,STO,se_market,EQUITY
BTCX.ST,Goobit Group AB,Goobit Group AB (publ),STO,se_market,EQUITY
NIO.ST,Nordic Iron Ore AB,Nordic Iron Ore AB (publ),STO,se_market,EQUITY
ERMA.ST,Enorama Pharma AB,Enorama Pharma AB (publ),STO,se_market,EQUITY
WYLD.ST,Wyld Networks AB,Wyld Networks AB (publ),STO,se_market,EQUITY
BIOSGN.ST,Biosergen AB,Biosergen AB,STO,se_market,EQUITY
BONG.ST,Bong AB,Bong AB (publ),STO,se_market,EQUITY
AMNI.ST,Amniotics AB,Amniotics AB (publ),STO,se_market,EQUITY
ANOT.ST,Anoto Group AB,Anoto Group AB (publ),STO,se_market,EQUITY
QCORE.ST,Qlucore AB,Qlucore AB (publ),STO,se_market,EQUITY
TRG.ST,Transcendent Group AB,Transcendent Group AB (publ),STO,se_market,EQUITY
SECI.ST,SECITS Holding AB,SECITS Holding AB (publ),STO,se_market,EQUITY
BRIG.ST,Brighter AB,Brighter AB (publ),STO,se_market,EQUITY
ARCOMA.ST,Arcoma AB,Arcoma AB,STO,se_market,EQUITY
PLEX.ST,Plexian AB,Plexian AB (publ),STO,se_market,EQUITY
HIFA-B.ST,Hifab Group AB ser. B,Hifab Group AB (publ.),STO,se_market,EQUITY
MYFC.ST,myFC Holding AB,myFC Holding AB (publ),STO,se_market,EQUITY
XMR.ST,XMReality AB,XMReality AB (publ),STO,se_market,EQUITY
BONES.ST,BBS-Bioactive Bone Substitutes,BBS-Bioactive Bone Substitutes Oyj,STO,se_market,EQUITY
GIAB.ST,Godsinlösen Nordic AB,Godsinlösen Nordic AB (publ),STO,se_market,EQUITY
COMPDM.ST,Compodium International AB,Compodium International AB (publ),STO,se_market,EQUITY
SOZAP.ST,SOZAP AB,SOZAP AB (publ),STO,se_market,EQUITY
KENH.ST,Kentima Holding AB,Kentima Holding AB (publ),STO,se_market,EQUITY
SFL.ST,Safello Group AB,Safello Group AB (publ),STO,se_market,EQUITY
SNX.ST,Premium Snacks Nordic AB,Premium Snacks Nordic AB (publ),STO,se_market,EQUITY
ONCOZ.ST,OncoZenge AB,OncoZenge AB (publ),STO,se_market,EQUITY
MACK-B.ST,Mackmyra Svensk Whisky AB B,Mackmyra Svensk Whisky AB (publ),STO,se_market,EQUITY
EFFH.ST,Effnetplattformen Holding AB,Effnetplattformen Holding AB (publ),STO,se_market,EQUITY
CMOTEC-B.ST,Scandinavian ChemoTech AB B,Scandinavian ChemoTech AB (publ),STO,se_market,EQUITY
CIRCHE.ST,CirChem AB,CirChem AB (publ),STO,se_market,EQUITY
BINERO.ST,Binero Group AB,Binero Group AB (publ),STO,se_market,EQUITY
PROGEN.ST,Prostatype Genomics AB,Prostatype Genomics AB (publ),STO,se_market,EQUITY
MESTRO.ST,Mestro AB,Mestro AB (publ),STO,se_market,EQUITY
SBOK.ST,ScandBook Holding AB,ScandBook Holding AB (publ),STO,se_market,EQUITY
NBZ.ST,Northbaze Group AB,Northbaze Group AB (publ),STO,se_market,EQUITY
KONT.ST,Kontigo Care AB,Kontigo Care AB (publ),STO,se_market,EQUITY
FRAM-B.ST,Fram Skandinavien AB ser. B,Fram Skandinavien AB,STO,se_market,EQUITY
PHLOG-B.ST,Pharmacolog i Uppsala AB ser. B,Pharmacolog i Uppsala AB (publ),STO,se_market,EQUITY
ANNX.ST,Annexin Pharmaceuticals AB,Annexin Pharmaceuticals AB (publ),STO,se_market,EQUITY
CDMIL.ST,CodeMill AB,CodeMill AB (publ),STO,se_market,EQUITY
IS.ST,Image Systems AB,Image Systems AB,STO,se_market,EQUITY
RO.ST,Rolling Optics Holding AB,Rolling Optics Holding AB (publ),STO,se_market,EQUITY
NORDIG.ST,Nord Insuretech Group AB,Nord Insuretech Group AB,STO,se_market,EQUITY
AVT-B.ST,Avtech Sweden AB B,AVTECH Sweden AB (publ),STO,se_market,EQUITY
LADYLU.ST,LL Lucky Games AB,LL Lucky Games AB (publ),STO,se_market,EQUITY
HEAD.ST,Headsent AB,Headsent AB (publ),STO,se_market,EQUITY
EMPIR-B.ST,Empir Group AB ser. B,Empir Group AB,STO,se_market,EQUITY
ACARIX.ST,Acarix AB,Acarix AB (publ),STO,se_market,EQUITY
MULQ.ST,MultiQ International AB,MultiQ International AB (publ),STO,se_market,EQUITY
GCOR.ST,Gaming Corps AB,Gaming Corps AB (publ),STO,se_market,EQUITY
HOYLU.ST,Hoylu AB,Hoylu AB (publ),STO,se_market,EQUITY
ZICC.ST,Ziccum AB,Ziccum AB (publ),STO,se_market,EQUITY
SERT.ST,Serstech AB,Serstech AB,STO,se_market,EQUITY
CYXO.ST,Cyxone AB,Cyxone AB (publ),STO,se_market,EQUITY
AVENT-B.ST,Aventura Group AB ser. B,Aventura Group AB (publ),STO,se_market,EQUITY
SDOS.ST,ScandiDos AB,ScandiDos AB (publ),STO,se_market,EQUITY
LOYAL.ST,Loyal Solutions A/S,Loyal Solutions A/S,STO,se_market,EQUITY
ALZ.ST,Alzinova AB,Alzinova AB,STO,se_market,EQUITY
HEART.ST,Scandinavian Real Heart AB,Scandinavian Real Heart AB (Publ),STO,se_market,EQUITY
NGENIC.ST,Ngenic AB,Ngenic AB (publ),STO,se_market,EQUITY
GPX.ST,Gasporox AB,Gasporox AB (publ),STO,se_market,EQUITY
TCT.ST,TC TECH Sweden AB,TC TECH Sweden AB (publ),STO,se_market,EQUITY
PROMO.ST,Promore Pharma AB,Promore Pharma AB (publ),STO,se_market,EQUITY
PILA.ST,PILA PHARMA AB,PILA PHARMA AB (publ),STO,se_market,EQUITY
RIZZO-B.ST,Rizzo Group AB ser. B,Rizzo Group AB (publ),STO,se_market,EQUITY
DIAH.ST,Diadrom Holding AB,Diadrom Holding AB (publ),STO,se_market,EQUITY
BRILL.ST,Brilliant Future AB,Brilliant Future AB (publ),STO,se_market,EQUITY
WPAY.ST,Westpay AB,Westpay AB,STO,se_market,EQUITY
MAV.ST,Mavshack AB,Mavshack AB (publ),STO,se_market,EQUITY
AROC.ST,AroCell AB (publ),AroCell AB (publ),STO,se_market,EQUITY
LIPUM.ST,Lipum AB,Lipum AB (publ),STO,se_market,EQUITY
ELIC.ST,Elicera Therapeutics AB,Elicera Therapeutics AB (publ),STO,se_market,EQUITY
PCAT.ST,Photocat A/S,Photocat A/S,STO,se_market,EQUITY
CHRO.ST,ChromoGenics AB,ChromoGenics AB,STO,se_market,EQUITY
TALK.ST,TalkPool AG,TalkPool AG,STO,se_market,EQUITY
ARCT.ST,Arctic Minerals AB,Arctic Minerals AB (publ),STO,se_market,EQUITY
UTG.ST,Unlimited Travel Group AB,Unlimited Travel Group UTG AB (publ),STO,se_market,EQUITY
EMPLI.ST,Emplicure AB,Emplicure AB (publ),STO,se_market,EQUITY
TOL.ST,Toleranzia AB,Toleranzia AB,STO,se_market,EQUITY
FRISQ.ST,FRISQ Holding AB,FRISQ Holding AB (publ),STO,se_market,EQUITY
ETX.ST,Etrion Corporation,Etrion Corporation,STO,se_market,EQUITY
TELLUS.ST,Tellusgruppen AB,Tellusgruppen AB (publ),STO,se_market,EQUITY
DIVIO-B.ST,Divio Technologies AB ser. B,Divio Technologies AB (publ),STO,se_market,EQUITY
HELIO.ST,Heliospectra AB,Heliospectra AB (publ),STO,se_market,EQUITY
LOUDS.ST,Loudspring Plc,Loudspring Oyj,STO,se_market,EQUITY
AYIMA-B.ST,Ayima Group AB ser. B,Ayima Group AB (publ),STO,se_market,EQUITY
FAGA.ST,Fantasma Games AB,Fantasma Games AB (publ),STO,se_market,EQUITY
STABL.ST,Stayble Therapeutics AB,Stayble Therapeutics AB (publ),STO,se_market,EQUITY
POLY.ST,Polyplank AB,Polyplank AB (publ),STO,se_market,EQUITY
GGEO.ST,Guideline Geo AB,Guideline Geo AB (publ),STO,se_market,EQUITY
SAVOS.ST,Savosolar Plc,Savosolar Oyj,STO,se_market,EQUITY
NICO.ST,Nicoccino Holding AB,Nicoccino Holding AB (publ),STO,se_market,EQUITY
DIABIO.ST,Diagonal Bio AB,Diagonal Bio AB (publ),STO,se_market,EQUITY
KEBNI-B.ST,KebNi AB ser. B,KebNi AB (publ),STO,se_market,EQUITY
APTR.ST,Appspotr AB,AppSpotr AB (publ),STO,se_market,EQUITY
S2M.ST,S2Medical AB ser. B,S2Medical AB (publ),STO,se_market,EQUITY
RESQ.ST,Resqunit AB,Resqunit AB (publ),STO,se_market,EQUITY
AERO.ST,Svenska Aerogel Holding AB,Svenska Aerogel Holding AB (publ),STO,se_market,EQUITY
PHARM.ST,Pharmiva AB,Pharmiva AB (publ),STO,se_market,EQUITY
XPC.ST,XP Chemistries AB,XP Chemistries AB (publ),STO,se_market,EQUITY
ZAPLOX.ST,Zaplox AB,Zaplox AB,STO,se_market,EQUITY
BOMILL.ST,BoMill AB,BoMill AB (publ),STO,se_market,EQUITY
DLAB.ST,Dlaboratory Sweden AB,Dlaboratory Sweden AB (publ),STO,se_market,EQUITY
SECS.ST,Sensec Holding AB,Sensec Holding AB (publ),STO,se_market,EQUITY
ENRO.ST,Eniro Group AB,Eniro Group AB (publ),STO,se_market,EQUITY
HEGR.ST,Hedera Group AB,Hedera Group AB (publ),STO,se_market,EQUITY
GABA.ST,Gabather AB,Gabather AB (publ),STO,se_market,EQUITY
KOLL.ST,Kollect on Demand Holding AB,Kollect on Demand Holding AB (publ),STO,se_market,EQUITY
SIMRIS-B.ST,Simris Alg AB ser. B,Simris Alg AB (publ),STO,se_market,EQUITY
EURA.ST,Euroafrica Digital Ventures AB,Euroafrica Digital Ventures AB (publ),STO,se_market,EQUITY
SPIFF.ST,Spiffbet AB,Spiffbet AB,STO,se_market,EQUITY
APRNDR.ST,Aprendere Skolor AB,Aprendere Skolor AB (publ),STO,se_market,EQUITY
LXB.ST,Luxbright AB,Luxbright AB (publ),STO,se_market,EQUITY
IZAFE-B.ST,iZafe Group AB ser. B,iZafe Group AB (publ),STO,se_market,EQUITY
GPXMED.ST,GPX Medical AB,GPX Medical AB (publ),STO,se_market,EQUITY
LPGO.ST,Lipigon Pharmaceuticals AB,Lipigon Pharmaceuticals AB (publ),STO,se_market,EQUITY
ADVBOX.ST,Adventure Box Technology AB,Adventure Box Technology AB (publ),STO,se_market,EQUITY
KAKEL.ST,Kakel Max AB,Kakel Max AB (publ),STO,se_market,EQUITY
MODTX.ST,Modus Therapeutics Holding AB,Modus Therapeutics Holding AB (publ),STO,se_market,EQUITY
ENERS.ST,Enersize Oyj,Enersize Oyj,STO,se_market,EQUITY
AXOLOT.ST,Axolot Solutions Holding AB,Axolot Solutions Holding AB (publ),STO,se_market,EQUITY
CLEMO.ST,Clean Motion AB,Clean Motion AB (publ),STO,se_market,EQUITY
REDW.ST,Redwood Pharma AB,Redwood Pharma AB,STO,se_market,EQUITY
TH1NG.ST,TH1NG AB,TH1NG AB (publ),STO,se_market,EQUITY
ELLWEE.ST,ELLWEE AB,Ellwee AB (publ),STO,se_market,EQUITY
YAYTRD.ST,Ytrade Group AB,Ytrade Group AB (publ),STO,se_market,EQUITY
QUIA.ST,QuiaPEG Pharmaceuticals Holding,QuiaPEG Pharmaceuticals Holding AB (publ),STO,se_market,EQUITY
HDW-B.ST,H&D Wireless Sweden Holding AB ,Hitech & Development Wireless Sweden Holding AB (publ),STO,se_market,EQUITY
PCOM-B.ST,Precomp Solutions AB ser. B,Precomp Solutions AB (publ),STO,se_market,EQUITY
CISH.ST,Clean Industry Solutions Hold E,Clean Industry Solutions Holding Europe AB,STO,se_market,EQUITY
MTI.ST,MTI Investment SE,MTI Investment SE,STO,se_market,EQUITY
NJOB.ST,NetJobs Group AB,NetJobs Group AB (publ),STO,se_market,EQUITY
ASAP.ST,Asarina Pharma AB,Asarina Pharma AB (publ),STO,se_market,EQUITY
NILS.ST,Nilsson Special Vehicles AB,Nilsson Special Vehicles AB (publ),STO,se_market,EQUITY
KILI.ST,Kiliaro AB,Kiliaro AB (publ),STO,se_market,EQUITY
TANGI.ST,Tangiamo Touch Technology AB,Tangiamo Touch Technology AB (publ),STO,se_market,EQUITY
HEMC.ST,Hemcheck Sweden AB,Hemcheck Sweden AB (publ),STO,se_market,EQUITY
CLINE-B.ST,Cline Scientific AB ser. B,Cline Scientific AB (publ),STO,se_market,EQUITY
NFGAB.ST,Nordic Flanges Group AB,Nordic Flanges Group AB (publ),STO,se_market,EQUITY
FSPORT.ST,FSport AB,FSport AB (publ),STO,se_market,EQUITY
IDOGEN.ST,Idogen AB,Idogen AB (publ),STO,se_market,EQUITY
EKOBOT.ST,Ekobot AB,Ekobot AB (publ),STO,se_market,EQUITY
LAUR.ST,Lauritz.com Group A/S,Lauritz.com Group A/S,STO,se_market,EQUITY
BONZUN.ST,Bonzun AB,Bonzun AB (publ),STO,se_market,EQUITY
TRIBO-B.ST,Triboron International AB ser. ,Triboron International AB (publ),STO,se_market,EQUITY
SONE.ST,Sonetel AB,Sonetel AB (publ),STO,se_market,EQUITY
DOME.ST,Dome Energy AB,Dome Energy AB (publ),STO,se_market,EQUITY
AINO.ST,Aino Health AB,Aino Health AB (publ),STO,se_market,EQUITY
ELN.ST,Ellen AB,Ellen AB (publ),STO,se_market,EQUITY
TWIIK.ST,Twiik AB,Twiik AB (publ),STO,se_market,EQUITY
CYB1.ST,Cyber Security 1 AB,Cyber Security 1 AB (publ),STO,se_market,EQUITY
MINI-L-DJIA-AVA-61.ST,,,STO,se_market,EQUITY
MINI-S-MIPS-AVA-21.ST,,,STO,se_market,EQUITY
MINI-L-EQT-AVA-24.ST,,,STO,se_market,EQUITY
BEAR-GULD-X5-AVA-4.ST,,,STO,se_market,EQUITY
MINI-S-SAGAX-AVA-6.ST,,,STO,se_market,EQUITY
BULL-GAS-X5-AVA-8.ST,,,STO,se_market,EQUITY
MINI-S-NIBE-AVA-22.ST,,,STO,se_market,EQUITY
BEAR-MIPS-X2-AVA-1.ST,,,STO,se_market,EQUITY
VOLAB-TO-1.ST,,,STO,se_market,EQUITY
CLEMO-TO1.ST,,,STO,se_market,EQUITY
MINI-L-OMX-AVA-570.ST,,,STO,se_market,EQUITY
MINI-S-ETSY-AVA-5.ST,,,STO,se_market,EQUITY
BEAR-NIBE-X5-AVA-1.ST,,,STO,se_market,EQUITY
BEAR-OLJA-X5-AVA-9.ST,,,STO,se_market,EQUITY
MINI-L-OMX-AVA-564.ST,,,STO,se_market,EQUITY
BEAR-GAS-X5-AVA-8.ST,,,STO,se_market,EQUITY
MINI-L-GAS-AVA-16.ST,,,STO,se_market,EQUITY
MINI-L-EVO-AVA-42.ST,,,STO,se_market,EQUITY
NOK2L-38NDS.ST,,,STO,se_market,EQUITY
BULL-OMXC25-ND1.ST,,,STO,se_market,EQUITY
BULL-SILVER-X3-AVA.ST,,,STO,se_market,EQUITY
LONG-OMXC-H.ST,,,STO,se_market,EQUITY
BULLNREX3NF1.ST,,,STO,se_market,EQUITY
BULL-OMXS-X5-ND1.ST,,,STO,se_market,EQUITY
SAHKO-H.ST,,,STO,se_market,EQUITY
BULL-TSLA-X2-NF.ST,,,STO,se_market,EQUITY
BULL-GULD-X3-ND.ST,,,STO,se_market,EQUITY
BULL-GULD-X5-N.ST,,,STO,se_market,EQUITY
BULL-BABA-X2-ND.ST,,,STO,se_market,EQUITY
BULL-NOVONO-2-N.ST,,,STO,se_market,EQUITY
BULL-OMXS30-X8-ND1.ST,,,STO,se_market,EQUITY
BULL-OLJ-X3-NF4.ST,,,STO,se_market,EQUITY
BULL-KULTAX3-NF1.ST,,,STO,se_market,EQUITY
DAX2C16000NDS.ST,,,STO,se_market,EQUITY
BEAR-SP500-X3-NF.ST,,,STO,se_market,EQUITY
BULL-SP5X15S-NF1.ST,,,STO,se_market,EQUITY
BULL-VWS-X3-ND1.ST,,,STO,se_market,EQUITY
BULL-NOKIA-X3-H.ST,,,STO,se_market,EQUITY
BULL-NVDA-X3-ND.ST,,,STO,se_market,EQUITY
BULL-KULTAX10SNF.ST,,,STO,se_market,EQUITY
BULL-GN-X3-ND.ST,,,STO,se_market,EQUITY
BULL-PDOR-X3-ND1.ST,,,STO,se_market,EQUITY
BULL-SX5-X15S-ND.ST,,,STO,se_market,EQUITY
BULL-SILVER-X4-AVA.ST,,,STO,se_market,EQUITY
BULL-SX5-X15S-NF.ST,,,STO,se_market,EQUITY
BULL-TWTR-X1-ND.ST,,,STO,se_market,EQUITY
BEAR-TSLA-X3S-ND.ST,,,STO,se_market,EQUITY
BULL-NQ1X15S-NF1.ST,,,STO,se_market,EQUITY
BULL-SOLV-X5-ND.ST,,,STO,se_market,EQUITY
BULL-OLIE-X1-ND1.ST,,,STO,se_market,EQUITY
BULL-VWS-X4S-ND.ST,,,STO,se_market,EQUITY
BULL-TSLA-X3S-ND.ST,,,STO,se_market,EQUITY
BEAR-DAX-X15S-NN.ST,,,STO,se_market,EQUITY
BEAR-DAX-X3-NF.ST,,,STO,se_market,EQUITY
BULL-KOB-X5-ND.ST,,,STO,se_market,EQUITY
BULL-KPR-X1-N1.ST,,,STO,se_market,EQUITY
BEAR-OMXC25-X5-ND.ST,,,STO,se_market,EQUITY
BULL-COLO-X3-ND.ST,,,STO,se_market,EQUITY
BULL-DSV-X2-ND1.ST,,,STO,se_market,EQUITY
BEAR-SX5E-X5-ND1.ST,,,STO,se_market,EQUITY
BEAR-WTI-X2-AVA-1.ST,,,STO,se_market,EQUITY
BULL-DNOR-X3-ND.ST,,,STO,se_market,EQUITY
BULL-DANS-X3-ND.ST,,,STO,se_market,EQUITY
BEAR-SX5E-X5-ND1.ST,,,STO,se_market,EQUITY
BEAR-WTI-X2-AVA-1.ST,,,STO,se_market,EQUITY
BULL-DNOR-X3-ND.ST,,,STO,se_market,EQUITY
BULL-DANS-X3-ND.ST,,,STO,se_market,EQUITY
BEAR-TWTR-X3-NF.ST,,,STO,se_market,EQUITY
BULL-DAX-X2-AVA.ST,,,STO,se_market,EQUITY
BULL-BABA-X3-ND.ST,,,STO,se_market,EQUITY
BEAR-SP5-X5-NF1.ST,,,STO,se_market,EQUITY
BULL-DAX-X5-AVA.ST,,,STO,se_market,EQUITY
BULL-GULD-X1-N1.ST,,,STO,se_market,EQUITY
BULL-BABA-X3-NF.ST,,,STO,se_market,EQUITY
BULL-DAX-X2-ND2.ST,,,STO,se_market,EQUITY
BEAR-OMX-X20S-N3.ST,,,STO,se_market,EQUITY
BULL-DJIAX8-NONF.ST,,,STO,se_market,EQUITY
BULL-DAX-X10S-ND1.ST,,,STO,se_market,EQUITY
BULL-GENMAB-2-N.ST,,,STO,se_market,EQUITY
BEAR-NQ1-X3-ND2.ST,,,STO,se_market,EQUITY
BEAR-AAPL-X3-NF.ST,,,STO,se_market,EQUITY
BEAR-GULD-X1-AVA-1.ST,,,STO,se_market,EQUITY
BEAR-NQ1-X5-NF1.ST,,,STO,se_market,EQUITY
BEAR-DAX-X10S-ND1.ST,,,STO,se_market,EQUITY
BEAR-DAX-X15S-ND2.ST,,,STO,se_market,EQUITY
AERO-BTU.ST,Svenska Aerogel Holding AB BTU,Svenska Aerogel Holding AB (publ),STO,se_market,EQUITY
CHARGE.ST,ChargePanel AB,ChargePanel AB (publ),STO,se_market,EQUITY
STW-TO2.ST,,,STO,se_market,EQUITY
MINI-L-OMX-AVA-573.ST,,,STO,se_market,EQUITY
TURBO-L-AMD-AVA-44.ST,,,STO,se_market,EQUITY
MINI-S-DAX-AVA-505.ST,,,STO,se_market,EQUITY
MINI-L-ROKU-AVA-25.ST,,,STO,se_market,EQUITY
MINI-S-CLASB-AVA-9.ST,,,STO,se_market,EQUITY
MINI-L-SAS-AVA-28.ST,,,STO,se_market,EQUITY
SAVOS-TO10.ST,,,STO,se_market,EQUITY
MINI-L-OVZON-AVA-5.ST,,,STO,se_market,EQUITY
KILI-TO1.ST,,,STO,se_market,EQUITY
FLUI-TO-3.ST,,,STO,se_market,EQUITY
CLEMO-TO2.ST,,,STO,se_market,EQUITY
TURBO-L-AMD-AVA-43.ST,,,STO,se_market,EQUITY
CFISH-TO9.ST,,,STO,se_market,EQUITY
MINI-L-AMD-AVA-53.ST,,,STO,se_market,EQUITY
MINI-L-OMX-AVA-571.ST,,,STO,se_market,EQUITY
XPC-TO1.ST,,,STO,se_market,EQUITY
MINI-S-SBB-AVA-15.ST,,,STO,se_market,EQUITY
MINI-L-DAX-AVA-410.ST,,,STO,se_market,EQUITY
BULL-OMXS-X8-ND.ST,,,STO,se_market,EQUITY
BULL-TGS-X3-ND1.ST,,,STO,se_market,EQUITY
BULL-SOELVX1-ND1.ST,,,STO,se_market,EQUITY
BULL-OMX-X12-AVA-3.ST,,,STO,se_market,EQUITY
BULL-OLIEGAX2ND2.ST,,,STO,se_market,EQUITY
BULL-TSLA-X2-ND.ST,,,STO,se_market,EQUITY
BULLSILVER-X1-N1.ST,,,STO,se_market,EQUITY
BEAR-OMXH-X2-NF1.ST,,,STO,se_market,EQUITY
BEAR-TSLA-X1-NF.ST,,,STO,se_market,EQUITY
DAX2F13900NDS.ST,,,STO,se_market,EQUITY
BULL-OMX-X2-AVA.ST,,,STO,se_market,EQUITY
BULL-KOB-X2-ND.ST,,,STO,se_market,EQUITY
BULL-DAX-X15S-ND.ST,,,STO,se_market,EQUITY
BULL-ORS-X2-ND.ST,,,STO,se_market,EQUITY
BULL-OMX-X8-N2.ST,,,STO,se_market,EQUITY
BEAR-NQ1X10S-ND2.ST,,,STO,se_market,EQUITY
BULL-ORS-X3-ND.ST,,,STO,se_market,EQUITY
BULL-NIO-X2-AVA-5.ST,,,STO,se_market,EQUITY
BULL-NOVO-X3-ND1.ST,,,STO,se_market,EQUITY
BULL-OUT-X3-NF.ST,,,STO,se_market,EQUITY
BULL-NQ1-X8-ND2.ST,,,STO,se_market,EQUITY
BULL-DANSKE-X2-H.ST,,,STO,se_market,EQUITY
BULL-SX5-X8-ND2.ST,,,STO,se_market,EQUITY
BULL-SP500X1-ND2.ST,,,STO,se_market,EQUITY
BEAR-SAM-X3-NF2.ST,,,STO,se_market,EQUITY
BULL-OMX-X8-N1.ST,,,STO,se_market,EQUITY
BEAR-SILVER-X2-AVA.ST,,,STO,se_market,EQUITY
BULL-OMX-X5-AVA.ST,,,STO,se_market,EQUITY
BULL-SOELV-X3-ND.ST,,,STO,se_market,EQUITY
BULL-OMXH15-X3-H.ST,,,STO,se_market,EQUITY
BULL-SP500-4-N.ST,,,STO,se_market,EQUITY
BEAR-GULD-X3-AVA.ST,,,STO,se_market,EQUITY
BULL-DAX-X12S-ND1.ST,,,STO,se_market,EQUITY
BEAR-TSLA-X2-ND.ST,,,STO,se_market,EQUITY
BEAR-NOVO-X5S-ND2.ST,,,STO,se_market,EQUITY
BEAR-OLIE-X2-ND1.ST,,,STO,se_market,EQUITY
BEAR-OMXH-X1-NF1.ST,,,STO,se_market,EQUITY
BULL-BAVA-X2-ND-1.ST,,,STO,se_market,EQUITY
BULL-MSFT-X3-ND.ST,,,STO,se_market,EQUITY
BEAR-NIO-X2-AVA-2.ST,BEAR NIO X2 AVA 2,,STO,se_market,EQUITY
BULL-KULTAX12SNF.ST,,,STO,se_market,EQUITY
BEAR-VWS-X2-NOND.ST,,,STO,se_market,EQUITY
BULL-DAX-X4-AVA.ST,,,STO,se_market,EQUITY
BEAR-OMX-X12S-N2.ST,,,STO,se_market,EQUITY
BULL-MA-X2-ND.ST,,,STO,se_market,EQUITY
BEAR-NOKIA-X5S-NF1.ST,,,STO,se_market,EQUITY
BULL-DSV-X3-ND.ST,,,STO,se_market,EQUITY
BULL-DANS-X2-ND1.ST,,,STO,se_market,EQUITY
BULL-BANKER-2-N.ST,,,STO,se_market,EQUITY
BEAR-UPM-X3-NF3.ST,,,STO,se_market,EQUITY
BEAR-OLI-X3-ND3.ST,,,STO,se_market,EQUITY
BULL-DANS-X3-ND1.ST,,,STO,se_market,EQUITY
BULL-AMD-X3-ND.ST,,,STO,se_market,EQUITY
BEAR-TSLA-X1-ND.ST,,,STO,se_market,EQUITY
BEAR-OLJY-X2-NF1.ST,,,STO,se_market,EQUITY
BULL-AAPL-X2-ND.ST,,,STO,se_market,EQUITY
BULL-DAX-X15S-NF.ST,,,STO,se_market,EQUITY
BULL-DAX-X15S-NF.ST,,,STO,se_market,EQUITY
BULL-MEDICIX1ND2.ST,,,STO,se_market,EQUITY
BEAR-BRENT-X2ND1.ST,,,STO,se_market,EQUITY
BEAR-NOVO-X3-ND1.ST,,,STO,se_market,EQUITY
BEAR-NQ1-X4-NF.ST,,,STO,se_market,EQUITY
BULLSILVER-X1-N1.ST,,,STO,se_market,EQUITY
BULL-TSLA-X2-ND.ST,,,STO,se_market,EQUITY
LOHILO-BTA.ST,Lohilo Foods AB BTA,Lohilo Foods Ab (Publ),STO,se_market,EQUITY
ENERS-BTA.ST,Enersize Oyj BTA,Enersize Oyj,STO,se_market,EQUITY
LONG-SOLV-ND.ST,,,STO,se_market,EQUITY
CYB1-TO1.ST,,,STO,se_market,EQUITY
NYTTO-PREF.ST,Svenska Nyttobostäder AB Pref,Svenska Nyttobostäder AB (publ),STO,se_market,EQUITY
FSPORT-TO-1.ST,,,STO,se_market,EQUITY
MINI-S-GAS-AVA-39.ST,,,STO,se_market,EQUITY
MINI-S-GAS-AVA-16.ST,,,STO,se_market,EQUITY
MINI-S-AMD-AVA-45.ST,,,STO,se_market,EQUITY
MINI-S-WTI-AVA-30.ST,,,STO,se_market,EQUITY
VOL2C-216NDS.ST,,,STO,se_market,EQUITY
MINI-L-HTRO-AVA-39.ST,,,STO,se_market,EQUITY
MINI-S-DAX-AVA-503.ST,,,STO,se_market,EQUITY
MINI-L-DAX-AVA-404.ST,,,STO,se_market,EQUITY
MINI-S-OMX-AVA-668.ST,,,STO,se_market,EQUITY
TURBO-S-AMD-AVA-40.ST,,,STO,se_market,EQUITY
HEART-TO1.ST,,,STO,se_market,EQUITY
MINI-L-SBB-AVA-06.ST,,,STO,se_market,EQUITY
MINI-L-OMX-AVA-567.ST,,,STO,se_market,EQUITY
MINI-L-DAX-AVA-409.ST,,,STO,se_market,EQUITY
MINI-L-LUMI-AVA-29.ST,,,STO,se_market,EQUITY
APRNDR-TO1.ST,,,STO,se_market,EQUITY
BEAR-OBX-X3-ND.ST,,,STO,se_market,EQUITY
BULL-SP5-X2-ND3.ST,,,STO,se_market,EQUITY
BULL-NOK-X4S-NF.ST,,,STO,se_market,EQUITY
BEAR-OMX-X1-AVA-1.ST,,,STO,se_market,EQUITY
BULL-GEN-X2-ND1.ST,,,STO,se_market,EQUITY
DAX2A16500NDS.ST,,,STO,se_market,EQUITY
BULL-APM-X2H.ST,,,STO,se_market,EQUITY
BULL-OUTOKX3-NF1.ST,,,STO,se_market,EQUITY
BULL-NVDA-X2-ND.ST,,,STO,se_market,EQUITY
BULL-SP500-8-N.ST,,,STO,se_market,EQUITY
BULL-TSLA-X1-NN.ST,,,STO,se_market,EQUITY
BULL-OMXS-X3-ND.ST,,,STO,se_market,EQUITY
BULL-OMX-X20S-NF1.ST,,,STO,se_market,EQUITY
BULL-DAX-X8-ND2.ST,,,STO,se_market,EQUITY
BULL-KPR-X3-N1.ST,,,STO,se_market,EQUITY
BULL-OLI-X3-ND3.ST,,,STO,se_market,EQUITY
BULL-NASDAQ-8-N.ST,,,STO,se_market,EQUITY
DAX2M15100NDS.ST,,,STO,se_market,EQUITY
BULLCGCX3NF1.ST,,,STO,se_market,EQUITY
BULL-OMXH15-X2-H.ST,,,STO,se_market,EQUITY
DAX2R15500NDS.ST,,,STO,se_market,EQUITY
BULL-SILVER-X5-AVA.ST,,,STO,se_market,EQUITY
BULL-BANKERX2ND2.ST,,,STO,se_market,EQUITY
BULL-SX5E-X15S-ND1.ST,,,STO,se_market,EQUITY
BULL-OMX-X4-N1.ST,,,STO,se_market,EQUITY
BULL-OMX-X4-AVA.ST,,,STO,se_market,EQUITY
BULL-VWS-X2H.ST,,,STO,se_market,EQUITY
BULL-KOB-X3-ND.ST,,,STO,se_market,EQUITY
BULL-SP500-X8-NF.ST,,,STO,se_market,EQUITY
BEAR-DAX-X2-ND2.ST,,,STO,se_market,EQUITY
BEAR-NQ100X2-NF1.ST,,,STO,se_market,EQUITY
BULL-FB-X3-ND.ST,,,STO,se_market,EQUITY
BEAR-OMX-X12S-NF3.ST,,,STO,se_market,EQUITY
BEAR-NORGE-X3-HA.ST,,,STO,se_market,EQUITY
BEAR-NOKIA-X4S-NF1.ST,,,STO,se_market,EQUITY
BULL-DAX-X8-ND.ST,,,STO,se_market,EQUITY
BEAR-PDORX4S-ND1.ST,,,STO,se_market,EQUITY
BULL-MEDICN-N.ST,,,STO,se_market,EQUITY
BEAR-NVDA-X3-NF.ST,,,STO,se_market,EQUITY
BEAR-OMX-X5-NF1.ST,,,STO,se_market,EQUITY
BEAR-GEN-X3-ND1.ST,,,STO,se_market,EQUITY
BULL-DANS-X4S-ND.ST,,,STO,se_market,EQUITY
BULL-DAX-X5-ND1.ST,,,STO,se_market,EQUITY
BEAR-PDOR-X2-ND1.ST,,,STO,se_market,EQUITY
BULL-DAX-X1-ND2.ST,,,STO,se_market,EQUITY
BULL-DAX-X20S-ND4.ST,,,STO,se_market,EQUITY
BULL-GULD-X3-N1.ST,,,STO,se_market,EQUITY
BULL-GEN-X3-ND.ST,,,STO,se_market,EQUITY
BULL-KUPARI-X3-NF.ST,,,STO,se_market,EQUITY
BULL-GULD-X2-AVA.ST,,,STO,se_market,EQUITY
BEAR-DAX-X2-AVA.ST,,,STO,se_market,EQUITY
BEAR-MU-X3-N.ST,,,STO,se_market,EQUITY
BEAR-NORDEAX3-NF.ST,,,STO,se_market,EQUITY
BEAR-NES-X3-NF4.ST,,,STO,se_market,EQUITY
BEAR-BAVA-X3-ND.ST,,,STO,se_market,EQUITY
BEAR-DAXX12S-NF2.ST,,,STO,se_market,EQUITY
BEAR-DAX-X3-AVA-1.ST,,,STO,se_market,EQUITY
BEAR-KULTAX3-NF1.ST,,,STO,se_market,EQUITY
BEAR-DAX-X5-ND1.ST,,,STO,se_market,EQUITY
BULL-OMXC25-2ND1.ST,,,STO,se_market,EQUITY
BULL-NDA-X2-ND1.ST,,,STO,se_market,EQUITY
DAX2M15300NDS.ST,,,STO,se_market,EQUITY
BEAR-DAX-X4-AVA.ST,,,STO,se_market,EQUITY
BULL-GN-X2-ND1.ST,,,STO,se_market,EQUITY
BEAR-SAHKO-X3-H2.ST,,,STO,se_market,EQUITY
BULL-OMX-X2-N1.ST,,,STO,se_market,EQUITY
NOK2F-35NDS.ST,,,STO,se_market,EQUITY
ACCON-BTA.ST,Acconeer AB BTA,Acconeer AB (publ),STO,se_market,EQUITY
ACARIX-BTA.ST,Acarix AB BTA,Acarix AB (publ),STO,se_market,EQUITY
ENRO-PREF-B.ST,Eniro Group AB Pref B,Eniro Group AB (publ),STO,se_market,EQUITY
EMIL-PREF.ST,Fastighetsbolaget Emilshus AB P,Fastighetsbolaget Emilshus AB (publ),STO,se_market,EQUITY
IMP-A-SDB.ST,Implantica AG SDB,Implantica AG,STO,se_market,EQUITY
MINI-S-GAS-AVA-35.ST,,,STO,se_market,EQUITY
MINI-L-AMD-AVA-54.ST,,,STO,se_market,EQUITY
MINI-L-EVO-AVA-44.ST,,,STO,se_market,EQUITY
MINI-L-DJIA-AVA-58.ST,,,STO,se_market,EQUITY
MINI-L-JD-AVA-001.ST,,,STO,se_market,EQUITY
LEVEL-TO3.ST,,,STO,se_market,EQUITY
BULL-MAJS-X4-H.ST,,,STO,se_market,EQUITY
OP-TO1.ST,,,STO,se_market,EQUITY
ANNX-TO3.ST,,,STO,se_market,EQUITY
IZAFE-TO-10-B.ST,,,STO,se_market,EQUITY
CYXO-TR.ST,,,STO,se_market,EQUITY
VO2-BTA.ST,Vo2 Cap Holding AB BTA,Vo2 Cap Holding AB (publ),STO,se_market,EQUITY
MINI-S-GAS-AVA-19.ST,,,STO,se_market,EQUITY
MINI-S-EVO-AVA-22.ST,,,STO,se_market,EQUITY
SAVOS-TO8.ST,,,STO,se_market,EQUITY
MINI-L-DAX-AVA-408.ST,,,STO,se_market,EQUITY
ACOU-TO1.ST,,,STO,se_market,EQUITY
WYLD-TO3.ST,,,STO,se_market,EQUITY
BEAR-EL-X4-H5.ST,,,STO,se_market,EQUITY
MINI-L-MAHA-AVA-21.ST,,,STO,se_market,EQUITY
MINI-L-AMD-AVA-51.ST,,,STO,se_market,EQUITY
TURBO-L-AMD-AVA-39.ST,,,STO,se_market,EQUITY
BULL-NIBE-X5-AVA-1.ST,,,STO,se_market,EQUITY
MINI-L-HTRO-AVA-37.ST,,,STO,se_market,EQUITY
TURBO-L-HM-AVA-24.ST,,,STO,se_market,EQUITY
MINI-L-MIPS-AVA-15.ST,,,STO,se_market,EQUITY
LEVEL-BTA.ST,Nordic LEVEL Group AB BTA,Nordic LEVEL Group AB (publ.),STO,se_market,EQUITY
BULL-OMX-X12S-ND.ST,,,STO,se_market,EQUITY
BULL-SPX-X15S-ND.ST,,,STO,se_market,EQUITY
NOK2B-54NDS.ST,,,STO,se_market,EQUITY
BULL-OMXC25-X5-ND.ST,,,STO,se_market,EQUITY
BEAR-OMX-X5-N2.ST,,,STO,se_market,EQUITY
BULL-BANKERX1ND2.ST,,,STO,se_market,EQUITY
BEAR-TESLA-X3S-NF.ST,,,STO,se_market,EQUITY
BULL-NHY-X3-ND1.ST,,,STO,se_market,EQUITY
BULL-OMX-X3-AVA-1.ST,,,STO,se_market,EQUITY
BULL-NOKIA-X5S-NF1.ST,,,STO,se_market,EQUITY
BULL-PDOR-X4S-ND.ST,,,STO,se_market,EQUITY
BULL-SP5-X3-ND1.ST,,,STO,se_market,EQUITY
BULL-ORS-X1-ND.ST,,,STO,se_market,EQUITY
BULL-NDA-X3-ND.ST,,,STO,se_market,EQUITY
BULL-PANDORA-X2H.ST,,,STO,se_market,EQUITY
DAX2M14900NDS.ST,,,STO,se_market,EQUITY
BULL-RAAVARX1ND2.ST,,,STO,se_market,EQUITY
BULL-TWTR-X3-ND.ST,,,STO,se_market,EQUITY
BULL-NDX-X15S-ND.ST,,,STO,se_market,EQUITY
BULL-NZYM-X2-ND1.ST,,,STO,se_market,EQUITY
BULL-NORDEAX3-NF.ST,,,STO,se_market,EQUITY
NOK2L-52NDS.ST,,,STO,se_market,EQUITY
BULL-NQ1-X5-ND2.ST,,,STO,se_market,EQUITY
BEAR-SAHKO-X1-H.ST,,,STO,se_market,EQUITY
BULL-SIL-X10S-N4.ST,,,STO,se_market,EQUITY
NES2A-52NDS.ST,,,STO,se_market,EQUITY
BEAR-MA-X3-ND.ST,,,STO,se_market,EQUITY
BEAR-NZYM-X2-ND1.ST,,,STO,se_market,EQUITY
BULL-GULD-X3-AVA.ST,,,STO,se_market,EQUITY
BEAR-OMX-X4-AVA.ST,,,STO,se_market,EQUITY
BULL-DANS-X5S-ND.ST,,,STO,se_market,EQUITY
BULL-AAPL-X3-ND.ST,,,STO,se_market,EQUITY
BULL-DANSKB-2-N.ST,,,STO,se_market,EQUITY
BULL-GULD-X2-AVA-1.ST,,,STO,se_market,EQUITY
BEAR-SP500-5-N.ST,,,STO,se_market,EQUITY
BULL-GULL-X3-ND1.ST,,,STO,se_market,EQUITY
BULL-AMZN-X2-ND.ST,,,STO,se_market,EQUITY
BEAR-OMX-X3-AVA-1.ST,,,STO,se_market,EQUITY
BULL-FLS-X3-ND.ST,,,STO,se_market,EQUITY
BULL-GULD-X5-AVA-1.ST,,,STO,se_market,EQUITY
BEAR-OBX-X1-ND.ST,,,STO,se_market,EQUITY
BEAR-NQ100X1-ND2.ST,,,STO,se_market,EQUITY
BULL-DANSX3-NOND.ST,,,STO,se_market,EQUITY
BULL-DAX-X15S-ND2.ST,,,STO,se_market,EQUITY
BEAR-VWS-X3-ND2.ST,,,STO,se_market,EQUITY
BULL-DAX-N.ST,,,STO,se_market,EQUITY
BULL-HOPEA-X3-NF1.ST,,,STO,se_market,EQUITY
BEAR-NEL-X3-NN.ST,,,STO,se_market,EQUITY
BEAR-IBM-X5-AVA-2.ST,,,STO,se_market,EQUITY
BEAR-DAX-X1-AVA-1.ST,,,STO,se_market,EQUITY
BEAR-DAX-X10S-ND2.ST,,,STO,se_market,EQUITY
BEAR-DAX-X20S-ND4.ST,,,STO,se_market,EQUITY
BEAR-BABA-X3-ND.ST,,,STO,se_market,EQUITY
BEAR-DANS-X4S-ND.ST,,,STO,se_market,EQUITY
BULL-OMXC-X1-ND2.ST,,,STO,se_market,EQUITY
BULL-NDX-X10S-ND.ST,,,STO,se_market,EQUITY
BULL-PDOR-X2-ND1.ST,,,STO,se_market,EQUITY
BULL-OBX-X5-ND1.ST,,,STO,se_market,EQUITY
BULL-NOVO-X2-ND1.ST,,,STO,se_market,EQUITY
BULL-NQ1-X3-ND2.ST,,,STO,se_market,EQUITY
DAX2O15200NDS.ST,,,STO,se_market,EQUITY
BULL-MELI-X2-AVA-1.ST,,,STO,se_market,EQUITY
BULL-STE-X3-NF1.ST,,,STO,se_market,EQUITY
BULL-SILVER-X2-AVA.ST,,,STO,se_market,EQUITY
BULL-NOVONO-3-N.ST,,,STO,se_market,EQUITY
BULL-OLI-X3-ND1.ST,,,STO,se_market,EQUITY
BULL-REC-X3S-NN.ST,,,STO,se_market,EQUITY
MINI-L-WIHL-AVA-12.ST,,,STO,se_market,EQUITY
MINI-S-GAS-AVA-20.ST,,,STO,se_market,EQUITY
BEAR-DAX-X5-AVA-6.ST,,,STO,se_market,EQUITY
MINI-L-IPCO-AVA-20.ST,,,STO,se_market,EQUITY
BULL-ASSA-X5-AVA-1.ST,,,STO,se_market,EQUITY
BEAR-EQT-X5-AVA-5.ST,,,STO,se_market,EQUITY
MINI-L-OMX-AVA-568.ST,,,STO,se_market,EQUITY
MINI-L-OMX-AVA-569.ST,,,STO,se_market,EQUITY
MINI-L-OMX-AVA-572.ST,,,STO,se_market,EQUITY
BULL-MIPS-X2-AVA-1.ST,,,STO,se_market,EQUITY
MINI-L-GAS-AVA-15.ST,,,STO,se_market,EQUITY
MINI-L-IPCO-AVA-20.ST,,,STO,se_market,EQUITY
BULL-ASSA-X5-AVA-1.ST,,,STO,se_market,EQUITY
MINI-L-IPCO-AVA-19.ST,,,STO,se_market,EQUITY
HILB-TO1.ST,,,STO,se_market,EQUITY
MINI-L-SAGAX-AVA-6.ST,,,STO,se_market,EQUITY
MINI-L-OMX-AVA-546.ST,,,STO,se_market,EQUITY
MINI-S-EQT-AVA-16.ST,,,STO,se_market,EQUITY
MINI-S-WIHL-AVA-21.ST,,,STO,se_market,EQUITY
MINI-L-EVO-AVA-43.ST,,,STO,se_market,EQUITY
TRIBO-BTU-B.ST,Triboron International AB BTU B,Triboron International AB (publ),STO,se_market,EQUITY
BULL-NOK-X3-NF3.ST,,,STO,se_market,EQUITY
BULL-OMXS-X5-NF.ST,,,STO,se_market,EQUITY
BULL-GULL-X12-ND.ST,,,STO,se_market,EQUITY
BULL-AMD-X3-NF.ST,,,STO,se_market,EQUITY
BEAR-OMX-X2-AVA.ST,,,STO,se_market,EQUITY
BULLNESX3NF1.ST,,,STO,se_market,EQUITY
BULL-TELE-N.ST,,,STO,se_market,EQUITY
BULL-NIO-X3-AVA-1.ST,BULL NIO X3 AVA 1,,STO,se_market,EQUITY
BULL-MSFT-X3-NF.ST,,,STO,se_market,EQUITY
BULL-NKT-X3-ND1.ST,,,STO,se_market,EQUITY
BULL-EURSTX-N.ST,,,STO,se_market,EQUITY
BULL-VESTAS-3-N.ST,,,STO,se_market,EQUITY
BULL-OMX-X20S-N2.ST,,,STO,se_market,EQUITY
BULL-OMX-X5-N1.ST,,,STO,se_market,EQUITY
BULL-NIO-X2-AVA-4.ST,BULL NIO X2 AVA 4,,STO,se_market,EQUITY
BULL-NORGE-X3-HA.ST,,,STO,se_market,EQUITY
BULL-OMXS-X2-ND2.ST,,,STO,se_market,EQUITY
BULL-NASDAQ-5-N.ST,,,STO,se_market,EQUITY
BULL-TESLA-X3S-NF.ST,,,STO,se_market,EQUITY
BULL-VWS-X2-ND1.ST,,,STO,se_market,EQUITY
BULL-TSLA-X1-NF.ST,,,STO,se_market,EQUITY
BULL-NQ100-X3-NF.ST,,,STO,se_market,EQUITY
BULL-WRT-X3-NF1.ST,,,STO,se_market,EQUITY
BEAR-GULD-X2-AVA-1.ST,,,STO,se_market,EQUITY
BEAR-OMX-X10-SW-8.ST,,,STO,se_market,EQUITY
BULL-CHR-X3-ND.ST,,,STO,se_market,EQUITY
BULL-DAX-X3-AVA-1.ST,,,STO,se_market,EQUITY
BEAR-NES-X2-NF1.ST,,,STO,se_market,EQUITY
BEAR-NDA-X3-NOND.ST,,,STO,se_market,EQUITY
BULL-GULD-X1-ND1.ST,,,STO,se_market,EQUITY
BEARFUMX3NF2.ST,,,STO,se_market,EQUITY
BULL-DAX-X20S-ND3.ST,,,STO,se_market,EQUITY
BULL-GOOG-X2-ND.ST,,,STO,se_market,EQUITY
BEAR-OMX-X15S-N2.ST,,,STO,se_market,EQUITY
BEAR-DAXX10S-NF2.ST,,,STO,se_market,EQUITY
BEAR-OMXC-X2-ND2.ST,,,STO,se_market,EQUITY
BULL-BAVA-X3-ND-1.ST,,,STO,se_market,EQUITY
BEAR-VWS-X4S-ND3.ST,,,STO,se_market,EQUITY
BEAR-GULL-X10S-NN.ST,,,STO,se_market,EQUITY
BULL-FRO-X3-ND1.ST,,,STO,se_market,EQUITY
BULL-GULD-X5-AVA.ST,,,STO,se_market,EQUITY
BULL-GOOG-X3-ND.ST,,,STO,se_market,EQUITY
BULL-JYS-X3-ND.ST,,,STO,se_market,EQUITY
BULL-FLS-X2-ND1.ST,,,STO,se_market,EQUITY
BULL-DSV-X3-ND1.ST,,,STO,se_market,EQUITY
BULL-FB-X2-ND.ST,,,STO,se_market,EQUITY
BULL-BRENT-X2ND1.ST,,,STO,se_market,EQUITY
BEAR-NASDAQ-3-N.ST,,,STO,se_market,EQUITY
BEAR-DAX-X5-NF3.ST,,,STO,se_market,EQUITY
BULL-NQ100X1-ND2.ST,,,STO,se_market,EQUITY
BULL-NEL-X3-NN.ST,,,STO,se_market,EQUITY
BULL-OUT-X2-NF2.ST,,,STO,se_market,EQUITY
BULL-WRT-X2-NF1.ST,,,STO,se_market,EQUITY
BULLNOKX3NF2.ST,,,STO,se_market,EQUITY
BULLNESX2NF.ST,,,STO,se_market,EQUITY
BULL-OMXC-X2H.ST,,,STO,se_market,EQUITY
CI-BTA-B.ST,Cell Impact AB BTA B,Cell Impact AB (publ),STO,se_market,EQUITY
AROS-PREF-B.ST,Aros Bostadsutveckling AB Pref ,Aros Bostadsutveckling AB (publ),STO,se_market,EQUITY
GOGRID-SDB.ST,Smart Wires Technology Ltd SDB,Smart Wires Technology Ltd.,STO,se_market,EQUITY
ENRO-PREF-A.ST,Eniro Group AB Pref A,Eniro Group AB (publ),STO,se_market,EQUITY
