symbol,shortName,longName,exchange,market,quoteType
EEE.AT,COCA-COLA HBC AG,Coca-Cola HBC AG,ATH,gr_market,EQUITY
HTO.AT,HELLENIC TELECOM. ORG. (CR),Hellenic Telecommunications Organization S.A.,ATH,gr_market,EQUITY
OPAP.AT,OPAP S.A. (CR),Greek Organization of Football Prognostics S.A.,ATH,gr_market,EQUITY
PPC.AT,PUBLIC POWER CORP. S.A. (CR),Public Power Corporation S.A.,ATH,gr_market,EQUITY
ETE.AT,National Bank of Greece (CR),National Bank of Greece S.A.,ATH,gr_market,EQUITY
MYTIL.AT,MYTILINEOS S.A. (CR),Mytilineos S.A.,ATH,gr_market,EQUITY
EUROB.AT,EUROBANK HOLDINGS (CR),Eurobank Ergasias Services and Holdings S.A.,ATH,gr_market,EQUITY
ELPE.AT,HELLENIC PETROLEUM S.A. (CR),Hellenic Petroleum S.A.,ATH,gr_market,EQUITY
BELA.AT,JUMBO S.A. (CR),Jumbo S.A.,ATH,gr_market,EQUITY
TPEIR.AT,PIRAEUS FINANCIAL HOLDINGS SA,Piraeus Financial Holdings S.A.,ATH,gr_market,EQUITY
MOH.AT,MOTOR OIL HELLAS S.A. (CR),Motor Oil (Hellas) Corinth Refineries S.A.,ATH,gr_market,EQUITY
TENERGY.AT,TERNA ENERGY S.A. (CR),Terna Energy Societe Anonyme Commercial Technical Company,ATH,gr_market,EQUITY
ALPHA.AT,ALPHA SERVICES AND HOLDINGS SA,Alpha Services and Holdings S.A.,ATH,gr_market,EQUITY
VIO.AT,VIOHALCO SA/NY,Viohalco S.A.,ATH,gr_market,EQUITY
GEKTERNA.AT,GEK TERNA S.A,"GEK TERNA Holdings, Real Estate, Construction S.A.",ATH,gr_market,EQUITY
EYDAP.AT,ATHENS WATER SUPPLY S.A. (CR),Athens Water Supply and Sewerage Company S.A.,ATH,gr_market,EQUITY
KARE.AT,Karelia Tobacco Company (CR),Karelia Tobacco Company Inc.,ATH,gr_market,EQUITY
CENER.AT,CENERGY HOLDINGS S.A.(CB),Cenergy Holdings SA,ATH,gr_market,EQUITY
SAR.AT,GR. SARANTIS S.A. (CR),Gr. Sarantis S.A.,ATH,gr_market,EQUITY
ADMIE.AT,ADMIE (IPTO) HOLDING S.A.(CR),Admie Holding S.A.,ATH,gr_market,EQUITY
LAMDA.AT,LAMDA DEVELOPMENT S.A.,LAMDA Development S.A.,ATH,gr_market,EQUITY
PLAKR.AT,CRETE PLASTICS S.A. (CR),Plastika Kritis S.A.,ATH,gr_market,EQUITY
LAMPS.AT,Lampsa Hotel Co. (C),Lampsa Hellenic Hotels S.A.,ATH,gr_market,EQUITY
PPA.AT,PIREUS PORT AUTHORITY S.A (CR),Piraeus Port Authority S.A.,ATH,gr_market,EQUITY
AEGN.AT,AEGEAN AIRLINES (CR),Aegean Airlines S.A.,ATH,gr_market,EQUITY
TELL.AT,Bank of Greece (CR),Bank of Greece,ATH,gr_market,EQUITY
PLAT.AT,THRACE PLASTICS HOLD. & COM SA,Thrace Plastics Holding and Commercial S.A.,ATH,gr_market,EQUITY
KRI.AT,KRI-KRI MILK INDUSTRY S.A (CR),Kri-Kri Milk Industry S.A.,ATH,gr_market,EQUITY
OLTH.AT,THESSALONIKI PORT AUTHORITY,Thessaloniki Port Authority Societe Anonyme,ATH,gr_market,EQUITY
ELLAKTOR.AT,ELLAKTOR SA,Ellaktor S.A.,ATH,gr_market,EQUITY
QUEST.AT,QUEST HOLDING S.A.,Quest Holdings S.A.,ATH,gr_market,EQUITY
ATTICA.AT,ATTICA HOLDINGS SA,Attica Holdings S.A.,ATH,gr_market,EQUITY
MERKO.AT,MERMEREN KOMBINAT AD PRILE,Mermeren Kombinat AD,ATH,gr_market,EQUITY
EXAE.AT,HELLENIC EXCHANGES- ASE S.A,Hellenic Exchanges - Athens Stock Exchange SA,ATH,gr_market,EQUITY
FOYRK.AT,FOURLIS S.A (CR),Fourlis Holdings S.A.,ATH,gr_market,EQUITY
EYAPS.AT,THESSALONIKH WATER SUPPLY S.A.,Thessaloniki Water Supply & Sewerage Co S.A.,ATH,gr_market,EQUITY
IATR.AT,ATHENS MEDICAL C.S.A. (CR),Athens Medical C.S.A.,ATH,gr_market,EQUITY
NIKAS.AT,P. G. NIKAS S.A.(CR),P.G. Nikas S.A.,ATH,gr_market,EQUITY
EUPIC.AT,EUROPEAN RELIANCE GEN. INSUR.,European Reliance General Insurance Company S.A.,ATH,gr_market,EQUITY
INTRK.AT,INTRACOM HOLDINGS (CR),Intracom Holdings S.A.,ATH,gr_market,EQUITY
KAMP.AT,REDS S.A.,Reds S.A.,ATH,gr_market,EQUITY
ASTAK.AT,ALPHA ASTIKA AKINHTA S.A. (CR),Alpha Astika Akinita S.A.,ATH,gr_market,EQUITY
OTOEL.AT,AUTOHELLAS S.A. (CR),Autohellas S.A.,ATH,gr_market,EQUITY
INLOT.AT,INTRALOT S.A. (CR),Intralot S.A. Integrated Lottery Systems and Services,ATH,gr_market,EQUITY
PLAIS.AT,PLAISIO COMPUTERS S.A. (CR),Plaisio Computers S.A.,ATH,gr_market,EQUITY
FLEXO.AT,FLEXOPACK S.A.,Flexopack Société Anonyme Commercial and Industrial Plastics Company,ATH,gr_market,EQUITY
AVAX.AT,AVAX S.A.  (CR),Avax S.A.,ATH,gr_market,EQUITY
TRASTOR.AT,TRASTOR REAL ESTATE INVEST. CO,Trastor Real Estate Investment Company SA,ATH,gr_market,EQUITY
INTERCO.AT,INTERCONTINENTAL INT.REIC(CR),Intercontinental International Real Estate Investment Company,ATH,gr_market,EQUITY
TATT.AT,ATTICA BANK S.A,Attica Bank S.A.,ATH,gr_market,EQUITY
INKAT.AT,INTRAKAT S.A. (CR),Intracom Constructions Societe Anonyme Technical and Steel Constructions,ATH,gr_market,EQUITY
PROF.AT,PROFILE SYSTEMS & SOFTWARE S.A,Profile Systems & Software SA,ATH,gr_market,EQUITY
OLYMP.AT,TECHNICAL OLYMPICS S.A.,Technical Olympic S.A.,ATH,gr_market,EQUITY
FRIGO.AT,FRIGOGLASS S.A. (CR),Frigoglass S.A.I.C.,ATH,gr_market,EQUITY
SPACE.AT,SPACE HELLAS S.A.(CR),Space Hellas S.A.,ATH,gr_market,EQUITY
PAP.AT,PAPOUTSANIS S.A.,Papoutsanis S.A.,ATH,gr_market,EQUITY
MOTO.AT,"Cars,Motorcyc.&mar.eng.tr.&imp",Emporiki Eisagogiki Aftokiniton Ditrohon kai Mihanon Thalassis Societe Anonyme,ATH,gr_market,EQUITY
EPSIL.AT,EPSILON NET S.A. (CR),Epsilon Net S.A.,ATH,gr_market,EQUITY
PETRO.AT,P. PETROPOULOS S.A. (CR),Petros Petropoulos AEBE,ATH,gr_market,EQUITY
BYTE.AT,BYTE COMPUTER S.A. (CR),Byte Computer S.A.,ATH,gr_market,EQUITY
ELTON.AT,ELTON CHEMICALS S.A. (CR),Elton International Trading Company S.A.,ATH,gr_market,EQUITY
ALMY.AT,ALUMIL ALUMINIUM INDUSTRY S.A,Alumil Aluminium Industry S.A.,ATH,gr_market,EQUITY
AVE.AT,AVE S.A,AVE S.A.,ATH,gr_market,EQUITY
DAIOS.AT,DAIOS PLASTICS S.A. (CR),Daios Plastics S.A.,ATH,gr_market,EQUITY
ELSTR.AT,ELASTRON S.A.,Elastron S.A. - Steel Service Centers,ATH,gr_market,EQUITY
KYLO.AT,Flour Mills Loulis S.A.(CR),Loulis Mills S.A.,ATH,gr_market,EQUITY
ELIN.AT,ELINOIL S.A. (CR),Elinoil Hellenic Petroleum Company S.A.,ATH,gr_market,EQUITY
KEKR.AT,Kekrops Hotel Tourist. Build,Kekrops S.A.,ATH,gr_market,EQUITY
BIOKA.AT,BIOKARPET S.A. (CR),Biokarpet S.A.,ATH,gr_market,EQUITY
LYK.AT,INFORM P.LYKOS HOLD. S.A. (CR),Inform P. Lykos Holdings S.A.,ATH,gr_market,EQUITY
LAVI.AT,LAVIPHARM S.A. (CR),Lavipharm S.A.,ATH,gr_market,EQUITY
KMOL.AT,KARAMOLEGOS BAKERY INDUSTRY,Karamolengos Bakery Industry S.A.,ATH,gr_market,EQUITY
GEBKA.AT,GEN.COMMERCIAL & IND (CR),General Commercial & Industrial S.A.,ATH,gr_market,EQUITY
MIG.AT,MARFIN INVEST.GROUP SA (CR),Marfin Investment Group Holdings S.A.,ATH,gr_market,EQUITY
REVOIL.AT,REVOIL S.A,Revoil S.A.,ATH,gr_market,EQUITY
ASCO.AT,A.S. COMPANY S.A. (CR),As Commercial Industrial Company of Computers and Toys S.A.,ATH,gr_market,EQUITY
SIDMA.AT,SIDMA STEEL SA (CR),Sidma S.A. Steel Products,ATH,gr_market,EQUITY
KLM.AT,K.L.M. S.A. (CR),I.Kloukinas-I.Lappas S.A.,ATH,gr_market,EQUITY
CENTR.AT,CENTRIC HOLDINGS S.A.,Centric Holdings S.A.,ATH,gr_market,EQUITY
ENTER.AT,ENTERSOFT S.A.,Entersoft S.A.,ATH,gr_market,EQUITY
BRIQ.AT,BRIQ PROPERTIES REIC (CR),BriQ Properties Real Estate Investment Company,ATH,gr_market,EQUITY
MEVA.AT,MEVACO S.A. (CR),Mevaco S.A.,ATH,gr_market,EQUITY
PERF.AT,PERFORMANCE TECHNOLOGIES A.E,Performance Technologies S.A.,ATH,gr_market,EQUITY
MEDIC.AT,MEDICON HELLAS S.A. (CR),Medicon Hellas S.A.,ATH,gr_market,EQUITY
IKTIN.AT,IKTINOS HELLAS S.A. (CR),Iktinos Hellas S.A. Greek Marble Industry Technical and Touristic Company,ATH,gr_market,EQUITY
MOYZK.AT,EL. D. Mouzakis S.A. (CR),EL. D. Mouzakis S.A.,ATH,gr_market,EQUITY
KEPEN.AT,FLOUR MILLS KEPENOS S.A. (CR),Flour Mills Kepenos S.A.,ATH,gr_market,EQUITY
ELBE.AT,ELVE S.A. (CR),Elve S.A.,ATH,gr_market,EQUITY
ANEK.AT,ANEK LINES S.A.(CR),Anonimi Naftiliaki Etaria Kritis S.A.,ATH,gr_market,EQUITY
XYLEP.AT,INTERWOOD-XYLEMPORIA ATENE(PR),Interwood-Xylemporia A.T.E.N.E.,ATH,gr_market,EQUITY
FOODL.AT,FOODLINK S.A(CR),Foodlink A.E.,ATH,gr_market,EQUITY
ELGEK.AT,ELGEKA S.A (CR),Elgeka S.A.,ATH,gr_market,EQUITY
NAKAS.AT,NAKAS MUSIC,Philippos Nakas S.A.,ATH,gr_market,EQUITY
EKTER.AT,EKTER S.A. (CR),Ekter SA,ATH,gr_market,EQUITY
QUAL.AT,QUALITY & RELIABILITY S.A.,Quality & Reliability A.B.E.E,ATH,gr_market,EQUITY
NAYP.AT,NAFPAKTOS TEXTILE IND.,Nafpaktos Textile Industry S.A.,ATH,gr_market,EQUITY
EPIL.AT,Selected Texttile Ind. Assoc.,Selected Textiles S.A.,ATH,gr_market,EQUITY
DROME.AT,DROMEAS S.A. (CR),Dromeas SA,ATH,gr_market,EQUITY
EVROF.AT,EVROFARMA S.A. (CR),Evrofarma SA,ATH,gr_market,EQUITY
VOSYS.AT,VOGIATZOGLOY SYSTEMS S.A. (CR),Vogiatzoglou Systems S.A.,ATH,gr_market,EQUITY
ANEPO.AT,"ANEK LINES S.A.(PR, issue '96)",Anonimi Naftiliaki Etaria Kritis S.A.,ATH,gr_market,EQUITY
ILYDA.AT,ILYDA  S.A. (CR),Ilyda SA,ATH,gr_market,EQUITY
MODA.AT,N. VARVERIS-MODA BANGO S.A.,N. Varveris-Moda Bagno S.A.,ATH,gr_market,EQUITY
DOMIK.AT,DOMIKI KRITIS S.A. (CR),Domiki Kritis S.A.,ATH,gr_market,EQUITY
MPITR.AT,BITROS HOLDING S.A. (CR),Bitros Holding S.A.,ATH,gr_market,EQUITY
KORDE.AT,KORDELLOS CH.BROS S.A.(CR),Kordellos Ch. Bros S.A.,ATH,gr_market,EQUITY
KYRI.AT,KIRIAKOULIS SHIPPING S.A.,Kiriacoulis Mediterranean Cruises Shipping SA,ATH,gr_market,EQUITY
PRD.AT,PROODEFTIKH TECHN CO S.A. (CR),Proodeftiki S.A.,ATH,gr_market,EQUITY
XYLEK.AT,INTERWOOD-XYLEMPORIA ATENE(CR),Interwood-Xylemporia A.T.E.N.E.,ATH,gr_market,EQUITY
AKRIT.AT,AKRITAS S.A. (CR),Akritas S.A.,ATH,gr_market,EQUITY
AAAK.AT,Tria Alfa (CR),Wool Industry Tria Alfa S.A.,ATH,gr_market,EQUITY
BIOT.AT,BIOTER S.A.(CR),Bioter S.A.,ATH,gr_market,EQUITY
CNLCAP.AT,CNL CAPITAL E.K.E.S.-AIFM (CR),Cnl Capital E.K.E.S. - AIFM,ATH,gr_market,EQUITY
OPTRON.AT,OPTRONICS TECHNOLOGIES S.A,Optronics Technologies S.A.,ATH,gr_market,EQUITY
EUROC.AT,EUROCONSULTANTS S.A. (CR),Euroconsultants SA,ATH,gr_market,EQUITY
CPI.AT,CPI S.A. (CR),CPI Computer Peripherals International,ATH,gr_market,EQUITY
LANAC.AT,LANAKAM S.A. (CR),Lanakam S.A.,ATH,gr_market,EQUITY
DOPPLER.AT,DOPPLER S.A. (CR),Doppler S.A.,ATH,gr_market,EQUITY
FIER.AT,FIERATEX S.A. (CR),Fieratex S.A.,ATH,gr_market,EQUITY
AAAP.AT,Tria Alfa (PR),Wool Industry Tria Alfa S.A.,ATH,gr_market,EQUITY
LOGISMOS.AT,Logismos s.a. (CR),Logismos Information Systems S.A.,ATH,gr_market,EQUITY
LEBEK.AT,N. Levederis (C),N. Leventeris S.A.,ATH,gr_market,EQUITY
INTET.AT,INTERTECH S.A. INTER TECH,Intertech S.A. Inter. Technologies,ATH,gr_market,EQUITY
MATHIO.AT,MATHIOS REFRACTORY S.A.,Mathios Refractories S.A.,ATH,gr_market,EQUITY
HAIDE.AT,HAIDEMENOS (CR),Haidemenos S.A.,ATH,gr_market,EQUITY
PAIR.AT,E. PAIRIS S.A (CR),E. Pairis S.A.,ATH,gr_market,EQUITY
PROFK.AT,PIPEWORKS GIRAKIAN PROFIL S.A,Pipe Works L. Girakian Profil S.A.,ATH,gr_market,EQUITY
MIN.AT,MINERVA KNITWEAR S.A. (CB),J. & B. Ladenis Bros S.A. - Minerva - Knitwear Manufacturing Company,ATH,gr_market,EQUITY
ATRUST.AT,ALPHA TRUST Mutual Fund Man SA,Alpha Trust Mutual Fund and Alternative Investment Fund Management S.A.,ATH,gr_market,EQUITY
SATOK.AT,SATO S.A. (CR),Sato office and Houseware supplies S.A.,ATH,gr_market,EQUITY
ANDRO.AT,ALPHA TRUST-ANDROMEDA INVEST.,Alpha Trust Andromeda Investment Trust S.A.,ATH,gr_market,EQUITY
VARNH.AT,VARVARESSOS S.A. (CR),Varvaressos S.A. European Spinning Mills,ATH,gr_market,EQUITY
BIOSK.AT,UNIBIOS HOLDING S.A,Unibios Holdings S.A.,ATH,gr_market,EQUITY
YALCO.AT,YALCO - CONSTANTINOY S.A. (CR),YALCO - Socrates D. Constantinou & Son S.A.,ATH,gr_market,EQUITY
DUR.AT,DUROS S.A. (CR),Duros S.A.,ATH,gr_market,EQUITY
ELHAB1.AT,,,ATH,gr_market,EQUITY
CAIROMEZ.AT,CAIRO MEZZ PLC (CR),Cairo Mezz PLC,ATH,gr_market,EQUITY
CPLPB1.AT,,,ATH,gr_market,EQUITY
NOVALB1.AT,,,ATH,gr_market,EQUITY
INLIF.AT,INTERLIFE S.A.,Interlife General Insurance Company S.A.,ATH,gr_market,EQUITY
REALCONS.AT,REAL CONSULTING S.A. (CR),Real Consulting S.A.,ATH,gr_market,EQUITY
INTEK.AT,IDEAL GROUP S.A.,Ideal Group S.A.,ATH,gr_market,EQUITY
ELHA.AT,ELVALHALCOR S.A (CR),Elvalhalcor Hellenic Copper and Aluminium Industry S.A.,ATH,gr_market,EQUITY
PRODEA.AT,PRODEA INVESTMENTS,Prodea Real Estate Investment Company Société Anonyme,ATH,gr_market,EQUITY
GEKTERNAB3.AT,,,ATH,gr_market,EQUITY
PVMEZZ.AT,PHOENIX VEGA MEZZ PLC (CR),,ATH,gr_market,EQUITY
KTILA.AT,KOSTAS LAZARIDIS S.A. (CR),Ktima Kostas Lazaridis S.A.,ATH,gr_market,EQUITY
TITC.AT,TITAN CEMENT INTERNATIONAL S.A,Titan Cement International S.A.,ATH,gr_market,EQUITY
PREMIA.AT,PREMIA S.A.,Premia S.A.,ATH,gr_market,EQUITY
