symbol,shortName,longName,exchange,market,quoteType
ASML.AS,ASML HOLDING,ASML Holding N.V.,AMS,nl_market,EQUITY
PRX.AS,PROSUS,Prosus N.V.,AMS,nl_market,EQUITY
RDSB.AS,Royal Dutch Shell B,Royal Dutch Shell plc,AMS,nl_market,EQUITY
RDSA.AS,ROYAL DUTCH SHELLA,Royal Dutch Shell plc,AMS,nl_market,EQUITY
UNA.AS,UNILEVER PLC,Unilever PLC,AMS,nl_market,EQUITY
ADYEN.AS,ADYEN,Adyen N.V.,AMS,nl_market,EQUITY
HEIA.AS,HEINEKEN,Heineken N.V.,AMS,nl_market,EQUITY
REN.AS,RELX,RELX PLC,AMS,nl_market,EQUITY
INGA.AS,ING GROEP N.V.,ING Groep N.V.,AMS,nl_market,EQUITY
UMG.AS,UNIVERSAL MUSIC GROUP,Universal Music Group N.V.,AMS,nl_market,EQUITY
DSM.AS,DSM KON,Koninklijke DSM N.V.,AMS,nl_market,EQUITY
AD.AS,KONINKLIJKE AHOLD DELHAIZE N.V.,Koninklijke Ahold Delhaize N.V.,AMS,nl_market,EQUITY
PHIA.AS,KON.PHILIPS N.V.,Koninklijke Philips N.V.,AMS,nl_market,EQUITY
MT.AS,ARCELORMITTAL SA,ArcelorMittal,AMS,nl_market,EQUITY
WKL.AS,WOLTERS KLUWER,Wolters Kluwer N.V.,AMS,nl_market,EQUITY
HEIO.AS,HEINEKEN HOLDING,Heineken Holding N.V.,AMS,nl_market,EQUITY
CCEP.AS,Coca-Cola Europacific Partners ,Coca-Cola Europacific Partners PLC,AMS,nl_market,EQUITY
AKZA.AS,AKZO NOBEL,Akzo Nobel N.V.,AMS,nl_market,EQUITY
ASM.AS,ASM International N.V.,ASM International NV,AMS,nl_market,EQUITY
NN.AS,NN GROUP,NN Group N.V.,AMS,nl_market,EQUITY
JDEP.AS,JDE PEET'S,JDE Peet's N.V.,AMS,nl_market,EQUITY
ABN.AS,ABN AMRO BANK N.V.,ABN AMRO Bank N.V.,AMS,nl_market,EQUITY
HAL.AS,HAL TRUST,HAL Trust,AMS,nl_market,EQUITY
KPN.AS,KPN KON,Koninklijke KPN N.V.,AMS,nl_market,EQUITY
RAND.AS,Randstad N.V.,Randstad N.V.,AMS,nl_market,EQUITY
ALLFG.AS,ALLFUNDS GROUP PLC,Allfunds Group plc,AMS,nl_market,EQUITY
IMCD.AS,IMCD,IMCD N.V.,AMS,nl_market,EQUITY
ECMPA.AS,EUROCOMMERCIAL PROPERTIES,Eurocommercial Properties N.V.,AMS,nl_market,EQUITY
AGN.AS,AEGON,Aegon N.V.,AMS,nl_market,EQUITY
TKWY.AS,JUST EAT TAKEAWAY.COM N.V.,Just Eat Takeaway.com N.V.,AMS,nl_market,EQUITY
URW.AS,UNIBAIL-RODAMCO-WESTFIELD,Unibail-Rodamco-Westfield SE,AMS,nl_market,EQUITY
PSH.AS,PERSHING SQUARE HOLDING,"Pershing Square Holdings, Ltd.",AMS,nl_market,EQUITY
CTPNV.AS,CTP NV,CTP N.V.,AMS,nl_market,EQUITY
GVNV.AS,GRANDVISION,GrandVision N.V.,AMS,nl_market,EQUITY
AALB.AS,AALBERTS N.V.,Aalberts N.V.,AMS,nl_market,EQUITY
HDG.AS,HUNTER DOUGLAS gewone aandelen,Hunter Douglas N.V.,AMS,nl_market,EQUITY
ASRNL.AS,ASR NEDERLAND,ASR Nederland N.V.,AMS,nl_market,EQUITY
LIGHT.AS,SIGNIFY NV,Signify N.V.,AMS,nl_market,EQUITY
OCI.AS,OCI N.V.,OCI N.V.,AMS,nl_market,EQUITY
MAREL.AS,MAREL,Marel hf.,AMS,nl_market,EQUITY
INPST.AS,INPOST S.A.,InPost S.A.,AMS,nl_market,EQUITY
APAM.AS,APERAM,Aperam S.A.,AMS,nl_market,EQUITY
VPK.AS,VOPAK,Koninklijke Vopak N.V.,AMS,nl_market,EQUITY
NRP.AS,NEPI ROCKCASTLE PLC,NEPI Rockcastle plc,AMS,nl_market,EQUITY
ARCAD.AS,ARCADIS,Arcadis NV,AMS,nl_market,EQUITY
BOKA.AS,BOSKALIS WESTMIN,Royal Boskalis Westminster N.V.,AMS,nl_market,EQUITY
BESI.AS,BE Semiconductor Industries N.V,BE Semiconductor Industries N.V.,AMS,nl_market,EQUITY
REINA.AS,REINET INVESTMENTS,Reinet Investments S.C.A.,AMS,nl_market,EQUITY
GLPG.AS,GALAPAGOS,Galapagos NV,AMS,nl_market,EQUITY
BFIT.AS,BASIC-FIT,Basic-Fit N.V.,AMS,nl_market,EQUITY
MAJ.AS,MAJOREL GROUP LUXEMBOURG S.A.,Majorel Group Luxembourg S.A.,AMS,nl_market,EQUITY
VEON.AS,VEON,VEON Ltd.,AMS,nl_market,EQUITY
CRBN.AS,CORBION,Corbion N.V.,AMS,nl_market,EQUITY
SBMO.AS,SBM OFFSHORE,SBM Offshore N.V.,AMS,nl_market,EQUITY
TWEKA.AS,TKH GROUP N.V.,TKH Group N.V.,AMS,nl_market,EQUITY
PNL.AS,POSTNL,PostNL N.V.,AMS,nl_market,EQUITY
INTER.AS,INTERTRUST,Intertrust N.V.,AMS,nl_market,EQUITY
ALFEN.AS,ALFEN,Alfen N.V.,AMS,nl_market,EQUITY
EBUS.AS,EBUSCO HOLDING N.V.,Ebusco Holding N.V.,AMS,nl_market,EQUITY
ATRS.AS,ATRIUM EUROPEAN REAL ESTATE LTD,Atrium European Real Estate Limited,AMS,nl_market,EQUITY
FLOW.AS,FLOW TRADERS,Flow Traders N.V.,AMS,nl_market,EQUITY
ACCEL.AS,Accell Group N.V.,Accell Group N.V.,AMS,nl_market,EQUITY
TOM2.AS,TOMTOM,TomTom N.V.,AMS,nl_market,EQUITY
CLB.AS,CORE LABORATORIES N.V.,Core Laboratories N.V.,AMS,nl_market,EQUITY
AMG.AS,AMG ADVANCED METALLURGICAL GROU,AMG Advanced Metallurgical Group N.V.,AMS,nl_market,EQUITY
SLIGR.AS,Sligro Food Group N.V.,Sligro Food Group N.V.,AMS,nl_market,EQUITY
VLK.AS,V LANSCHOT KEMPEN,Van Lanschot Kempen NV,AMS,nl_market,EQUITY
FAST.AS,FASTNED,Fastned B.V.,AMS,nl_market,EQUITY
TFG.AS,TETRAGON FINANCIAL GROUP,Tetragon Financial Group Limited,AMS,nl_market,EQUITY
BAMNB.AS,Koninklijke BAM Groep N.V.,Koninklijke BAM Groep nv,AMS,nl_market,EQUITY
CMCOM.AS,CM.COM,CM.com N.V.,AMS,nl_market,EQUITY
ACOMO.AS,Amsterdam Commodities,Amsterdam Commodities N.V.,AMS,nl_market,EQUITY
FUR.AS,FUGRO,Fugro N.V.,AMS,nl_market,EQUITY
PACE.AS,PEGASUS EUROPE ORDINARY SHARES,Pegasus Acquisition Company Europe B.V.,AMS,nl_market,EQUITY
NSI.AS,NSI N.V.,NSI N.V.,AMS,nl_market,EQUITY
RWI.AS,RENEWI,Renewi plc,AMS,nl_market,EQUITY
BGHL.AS,Boussard Gavaudan,Boussard & Gavaudan Holding Limited,AMS,nl_market,EQUITY
BSGR.AS,B&S Group,B&S Group S.A.,AMS,nl_market,EQUITY
BRNL.AS,BRUNEL INTERNAT,Brunel International N.V.,AMS,nl_market,EQUITY
WHA.AS,WERELDHAVE Gewone aandelen,Wereldhave N.V.,AMS,nl_market,EQUITY
NXFIL.AS,NX FILTRATION N.V.,NX Filtration N.V.,AMS,nl_market,EQUITY
PHARM.AS,PHARMING GROUP,Pharming Group N.V.,AMS,nl_market,EQUITY
HEGA.AS,HEDOSOPHIA EUROPEAN GROWTH ORDI,Hedosophia European Growth,AMS,nl_market,EQUITY
VASTN.AS,VASTNED RETAIL N.V.,Vastned Retail N.V.,AMS,nl_market,EQUITY
NEDAP.AS,NEDAP,Nedap N.V.,AMS,nl_market,EQUITY
AXS.AS,ACCSYS TECHNOLOGIES PLC,Accsys Technologies PLC,AMS,nl_market,EQUITY
FFARM.AS,FORFARMERS,ForFarmers N.V.,AMS,nl_market,EQUITY
VVY.AS,VIVORYON THERAPEUTICS N.V.,Vivoryon Therapeutics N.V.,AMS,nl_market,EQUITY
ORANW.AS,ORANJEWOUD A,Oranjewoud N.V.,AMS,nl_market,EQUITY
ORDI.AS,ORDINA N.V.,Ordina N.V.,AMS,nl_market,EQUITY
EFIC1.AS,EUROPEAN FINTECH IPO COMPANY 1 ,European FinTech IPO Company 1 B.V.,AMS,nl_market,EQUITY
HEIJM.AS,HEIJMANS,Heijmans N.V.,AMS,nl_market,EQUITY
KENDR.AS,KENDRION N.V.,Kendrion N.V.,AMS,nl_market,EQUITY
SIFG.AS,SIF HOLDING,Sif Holding N.V.,AMS,nl_market,EQUITY
AJAX.AS,AJAX,AFC Ajax NV,AMS,nl_market,EQUITY
ESG.AS,ESG CORE INVESTMENTS,ESG Core Investments B.V.,AMS,nl_market,EQUITY
MTRK.AS,MOTORK LTD,MotorK Ltd.,AMS,nl_market,EQUITY
VTA.AS,Volta Finance Limited,Volta Finance Limited,AMS,nl_market,EQUITY
VAM.AS,VAM INVESTMENTS SHARES,VAM Investments SPAC B.V.,AMS,nl_market,EQUITY
PEACE.AS,PEGASUS ENTREPRENEURIAL ACQUISI,Pegasus Entrepreneurial Acquisition Company Europe B.V.,AMS,nl_market,EQUITY
NEWAY.AS,Neways Electronics Internationa,Neways Electronics International N.V.,AMS,nl_market,EQUITY
ENTPA.AS,ENERGY TRANSITION PARTNERS B.V.,Energy Transition Partners B.V.,AMS,nl_market,EQUITY
HOLCO.AS,Holland Colours,Holland Colours N.V.,AMS,nl_market,EQUITY
ENVI.AS,ENVIPCO,Envipco Holding N.V.,AMS,nl_market,EQUITY
BOLS.AS,BOLS,Lucas Bols N.V.,AMS,nl_market,EQUITY
BBED.AS,BETER BED HOLDING,Beter Bed Holding N.V.,AMS,nl_market,EQUITY
AVTX.AS,AVANTIUM,Avantium N.V.,AMS,nl_market,EQUITY
DSC2.AS,DUTCH STAR COMPANIES TWO,Dutch Star Companies TWO B.V.,AMS,nl_market,EQUITY
STRN.AS,STERN GROEP,Stern Groep N.V.,AMS,nl_market,EQUITY
HYDRA.AS,HYDRATEC Gewone aandelen,Hydratec Industries NV,AMS,nl_market,EQUITY
BEVER.AS,BEVER HOLDING Gewone aandelen,Bever Holding NV,AMS,nl_market,EQUITY
VALUE.AS,VALUE8,Value8 N.V.,AMS,nl_market,EQUITY
CTAC.AS,CTAC,Ctac N.V.,AMS,nl_market,EQUITY
CTCA1.AS,CLIMATE TRANSITION CAPITAL ACQU,Climate Transition Capital Acquisition I B.V.,AMS,nl_market,EQUITY
SNOW.AS,SNOWWORLD,SnowWorld N.V.,AMS,nl_market,EQUITY
BRILL.AS,Koninklijke Brill,Koninklijke Brill NV,AMS,nl_market,EQUITY
TIE.AS,TIE KINETIX,TIE Kinetix N.V.,AMS,nl_market,EQUITY
EAS2P.AS,EASE2PAY NV,Ease2pay N.V.,AMS,nl_market,EQUITY
DPA.AS,DGNV N.V.,DGNV N.V.,AMS,nl_market,EQUITY
ECT.AS,EUROCASTLE INVESTM,Eurocastle Investment Limited,AMS,nl_market,EQUITY
PREVA.AS,Value8 cumulatief financierings,Value8 N.V.,AMS,nl_market,EQUITY
NEDSE.AS,MKB Nedsense N.V.,MKB Nedsense NV,AMS,nl_market,EQUITY
ROOD.AS,ROODMICROTEC,RoodMicrotec N.V.,AMS,nl_market,EQUITY
AMUND.AS,Almunda Professional N.V.,Almunda Professionals N.V.,AMS,nl_market,EQUITY
DGB.AS,DGB GROUP N.V.,DGB Group N.V.,AMS,nl_market,EQUITY
NAI.AS,NEW AMSTERDAM INVEST N.V. ORDIN,New Amsterdam Invest N.V.,AMS,nl_market,EQUITY
PORF.AS,KONINKLIJKE PORCELEYNE FLES,"B.V. Delftsch Aardewerkfabriek ""De Porceleyne Fles Anno 1653""",AMS,nl_market,EQUITY
ALX.AS,ALUMEXX N.V.,Alumexx N.V.,AMS,nl_market,EQUITY
IEX.AS,IEX GROUP N.V.,IEX Group N.V.,AMS,nl_market,EQUITY
GOJXN.AS,GeoJunxion N.V.,GeoJunxion N.V.,AMS,nl_market,EQUITY
MORE.AS,MOREFIELD GROUP N.V.,Morefield Group N.V.,AMS,nl_market,EQUITY
TBIRD.AS,Thunderbird Resorts Inc.,"Thunderbird Resorts, Inc.",AMS,nl_market,EQUITY
LVIDE.AS,LAVIDE HOLDING,Lavide Holding N.V.,AMS,nl_market,EQUITY
NSE.AS,New Sources Energy N.V.,New Sources Energy N.V.,AMS,nl_market,EQUITY
ESP.AS,ESPERITE,Esperite N.V.,AMS,nl_market,EQUITY
YATRA.AS,YATRA CAPITAL LTD,Yatra Capital Limited,AMS,nl_market,EQUITY
2BRK.AS,Leverage Shares 2x Long Berkshi,,AMS,nl_market,EQUITY
NL0012818504.AS,,,AMS,nl_market,EQUITY
DE000A0G18M4.AS,"HELABAMC2 5,75%PL",,AMS,nl_market,EQUITY
NL0000116168.AS,AEGON USD 1.709%PL,,AMS,nl_market,EQUITY
XS0821168423.AS,DELTA LLOUYD LEVENSVERZEKERING ,,AMS,nl_market,EQUITY
XS1115800655.AS,ASRNEDERLAND 5% PL,,AMS,nl_market,EQUITY
3NIO.AS,Leverage Shares 3x Long NIO ETP,,AMS,nl_market,EQUITY
SXLG.AS,Leverage Shares -3x Short Oil &,,AMS,nl_market,EQUITY
SAIR.AS,Leverage Shares -3x Short Airbu,,AMS,nl_market,EQUITY
3TSM.AS,Leverage Shares 3x Long Taiwan ,,AMS,nl_market,EQUITY
SBIU.AS,Leverage Shares -1x Short Baidu,,AMS,nl_market,EQUITY
3KWE.AS,Leverage Shares 3x Long China T,,AMS,nl_market,EQUITY
SJD.AS,Leverage Shares -1x Short JD.Co,,AMS,nl_market,EQUITY
S3CO.AS,Leverage Shares -3x Short Coinb,,AMS,nl_market,EQUITY
3TWT.AS,Leverage Shares 3x Twitter ETP ,,AMS,nl_market,EQUITY
LSIL.AS,WT 2x Daily Long Silver,WisdomTree Silver 2x Daily Leveraged,AMS,nl_market,EQUITY
SE1X.AS,LS 1x Sea Tracker ETP,,AMS,nl_market,EQUITY
PLUG.AS,LS 1x Plug Power Tracker ETP,,AMS,nl_market,EQUITY
1ARKK.AS,LS ARKK Innovation Tracker ETP,,AMS,nl_market,EQUITY
PDD.AS,LS 1x Pinduoduo Tracker ETP,,AMS,nl_market,EQUITY
3DIS.AS,Leverage Shares 3x Disney ETP S,,AMS,nl_market,EQUITY
SSPY.AS,Leverage Shares -3x Short US 50,,AMS,nl_market,EQUITY
3ARKG.AS,Leverage Shares 3x Long ARKG Ge,,AMS,nl_market,EQUITY
KSGHD.AS,KEMPEN SUSTAINABLE GLOBAL HIGH ,Kempen Capital Management - Kempen Sustainable Global High Dividend Fund N.V.,AMS,nl_market,EQUITY
BTCW.AS,WisdomTree Bitcoin,,AMS,nl_market,EQUITY
SQQQ.AS,Leverage Shares -3x Short US Te,,AMS,nl_market,EQUITY
SARKG.AS,Leverage Shares -3x Short ARKG ,,AMS,nl_market,EQUITY
NL0014555419.AS,NL 0.00 DSL 15JUL30,,AMS,nl_market,EQUITY
NL0015614579.AS,NL 0% DSL 15JAN52,,AMS,nl_market,EQUITY
NL0009980945.AS,AAB FIXED CPN NOTE 5%9FEB2012-2,,AMS,nl_market,EQUITY
3BID.AS,Leverage Shares 3x Baidu ETP Se,,AMS,nl_market,EQUITY
SSMH.AS,Leverage Shares -3x Short Semic,,AMS,nl_market,EQUITY
GOOG.AS,LS 1x Alphabet Tracker ETP,,AMS,nl_market,EQUITY
MSFT.AS,LS 1x Microsoft Tracker ETP,,AMS,nl_market,EQUITY
3AIR.AS,Leverage Shares 3x Long Airbus ,,AMS,nl_market,EQUITY
AI261.AS,"NEDER5,5%15JAN28",Netherlands 5.5% SNR BDS 15/01/2028 EUR1 'REGS',AMS,nl_market,EQUITY
STSM.AS,Leverage Shares -3x Short Taiwa,,AMS,nl_market,EQUITY
NL0000116150.AS,AEGON 1.769%PL,,AMS,nl_market,EQUITY
3GDX.AS,Leverage Shares 3x Long Gold Mi,,AMS,nl_market,EQUITY
BITC.AS,CoinShares Physical Bitcoin,,AMS,nl_market,EQUITY
PHPD.AS,Wisdom Tree Physical Palladium,,AMS,nl_market,EQUITY
NFLX.AS,LS 1x Netflix Tracker ETP,,AMS,nl_market,EQUITY
3VT.AS,Leverage Shares 3x Long Total W,,AMS,nl_market,EQUITY
SABN.AS,Leverage Shares -1x Short Airbn,,AMS,nl_market,EQUITY
SBUL.AS,WT 1x Daily Short Gold,WisdomTree Gold 1x Daily Short,AMS,nl_market,EQUITY
SKWE.AS,Leverage Shares -3x Short China,,AMS,nl_market,EQUITY
3CON.AS,Leverage Shares 3x Long Coinbas,,AMS,nl_market,EQUITY
NL0010418810.AS,NEDERLAND 1.75%15JUL13-23,,AMS,nl_market,EQUITY
SDIS.AS,Leverage Shares -1x Short Disne,,AMS,nl_market,EQUITY
HEGAU.AS,HEDOSOPHIA EUROPEAN GROWTH UNIT,Hedosophia European Growth,AMS,nl_market,EQUITY
LBUL.AS,WT 2x Daily Long Gold,WisdomTree Gold 2x Daily Leveraged,AMS,nl_market,EQUITY
PHPM.AS,Wisdom Tree Physical PM Basket,,AMS,nl_market,EQUITY
PACEU.AS,PEGASUS EUROPE UNITS,Pegasus Acquisition Company Europe B.V.,AMS,nl_market,EQUITY
3PLU.AS,Leverage Shares 3x Plug Power E,,AMS,nl_market,EQUITY
SGLD.AS,Invesco Gold ETC,Invesco Physical Gold ETC,AMS,nl_market,EQUITY
SARKK.AS,Leverage Shares -3x Short ARKK ,,AMS,nl_market,EQUITY
5QQQ.AS,Leverage Shares 5x Long US Tech,,AMS,nl_market,EQUITY
NL0010060257.AS,NEDERLAND 2.25%15JUL12-22,,AMS,nl_market,EQUITY
XS1028950290.AS,NNGROUP4.5%PL,,AMS,nl_market,EQUITY
NL0000006286.AS,,,AMS,nl_market,EQUITY
NL0011220108.AS,NEDERL.25%15JUL25,,AMS,nl_market,EQUITY
NL0000102234.AS,NEDER4%15JAN37,,AMS,nl_market,EQUITY
3PLT.AS,Leverage Shares 3x Palantir ETP,,AMS,nl_market,EQUITY
NIO.AS,LS 1x NIO Tracker ETP,,AMS,nl_market,EQUITY
3MRN.AS,Leverage Shares 3x Long Moderna,,AMS,nl_market,EQUITY
NL0010071189.AS,NEDERLAND 2.5%15JAN12-33,,AMS,nl_market,EQUITY
XS0210781828.AS,NIBC      4.592%40,,AMS,nl_market,EQUITY
XS0209792166.AS,DE VOLKSBANK FRN JAN 2035,,AMS,nl_market,EQUITY
NIO.AS,LS 1x NIO Tracker ETP,,AMS,nl_market,EQUITY
3PLT.AS,Leverage Shares 3x Palantir ETP,,AMS,nl_market,EQUITY
JPEU.AS,WisdomTree Short JPY Long EUR,WisdomTree Short JPY Long EUR,AMS,nl_market,EQUITY
SHFY.AS,LS 1x Shopify Tracker ETP,,AMS,nl_market,EQUITY
SJET.AS,Leverage Shares -3x Short Airli,,AMS,nl_market,EQUITY
JPE3.AS,WisdomTree Short JPY Long EUR 3,WisdomTree Short JPY Long EUR 3x Daily,AMS,nl_market,EQUITY
3JET.AS,Leverage Shares 3x Long Airline,,AMS,nl_market,EQUITY
3XLE.AS,Leverage Shares 3x Long Oil & G,,AMS,nl_market,EQUITY
USE3.AS,WisdomTree Short USD Long EUR 3,WisdomTree Short USD Long EUR 3x Daily,AMS,nl_market,EQUITY
SGDX.AS,Leverage Shares -3x Short Gold ,,AMS,nl_market,EQUITY
NIOS.AS,Leverage Shares -3x Short NIO E,,AMS,nl_market,EQUITY
SMRN.AS,Leverage Shares -3x Short Moder,,AMS,nl_market,EQUITY
1ARKG.AS,LS ARKG Genomic Tracker ETP,,AMS,nl_market,EQUITY
PHPT.AS,Wisdom Tree Physical Platinum,,AMS,nl_market,EQUITY
NL0000121416.AS,AEGON1.425%PL,,AMS,nl_market,EQUITY
ESGWA.AS,ESG CORE INVESTMENTS WARRANTS,ESG Core Investments BV,AMS,nl_market,EQUITY
PHAU.AS,Wisdom Tree Physical Gold,,AMS,nl_market,EQUITY
TSLQ.AS,Leverage Shares -3x Short Tesla,,AMS,nl_market,EQUITY
3ARKK.AS,Leverage Shares 3x Long ARKK In,,AMS,nl_market,EQUITY
PHAG.AS,Wisdom Tree Physical Silver,WisdomTree Physical Silver,AMS,nl_market,EQUITY
3ARKW.AS,Leverage Shares 3x Long ARKW Ne,,AMS,nl_market,EQUITY
BA261.AS,"NEDER7,5%15JAN23",Netherlands 7.5% SNR BDS 15/01/2023 EUR1 'REGS',AMS,nl_market,EQUITY
NL0010721999.AS,NEDERLAND 2.75 21FEB14-47,,AMS,nl_market,EQUITY
XS1054522922.AS,NNGROUP 4.625% 08APR14-44,,AMS,nl_market,EQUITY
3IBB.AS,Leverage Shares 3x Long Biotech,,AMS,nl_market,EQUITY
XS0188935174.AS,"AXA     4,50886%PL",,AMS,nl_market,EQUITY
SPLR.AS,Leverage Shares -1x Short Palan,,AMS,nl_market,EQUITY
SICL.AS,Leverage Shares -3x Short Clean,,AMS,nl_market,EQUITY
SPTO.AS,Leverage Shares -1x Short Pelot,,AMS,nl_market,EQUITY
3XLF.AS,Leverage Shares 3x Long Financi,,AMS,nl_market,EQUITY
CH0454664043.AS,21Shares Ripple XRP,,AMS,nl_market,EQUITY
FB1X.AS,LS 1x Facebook Tracker ETP,,AMS,nl_market,EQUITY
EUS3.AS,WisdomTree Long USD Short EUR 3,WisdomTree Long USD Short EUR 3x Daily,AMS,nl_market,EQUITY
JD1X.AS,LS 1x JD.com Tracker ETP,,AMS,nl_market,EQUITY
AMZN.AS,LS 1x Amazon Tracker ETP,,AMS,nl_market,EQUITY
SIBB.AS,Leverage Shares -3x Short Biote,,AMS,nl_market,EQUITY
1ARKW.AS,LS ARKW NextGen Internet Tracke,,AMS,nl_market,EQUITY
EJP3.AS,WisdomTree Long JPY Short EUR 3,WisdomTree Long JPY Short EUR 3x Daily,AMS,nl_market,EQUITY
3ABN.AS,Leverage Shares 3x Airbnb ETP S,,AMS,nl_market,EQUITY
ABNB.AS,LS 1x Airbnb Tracker ETP,,AMS,nl_market,EQUITY
PLTR.AS,LS 1x Palantir Tracker ETP,,AMS,nl_market,EQUITY
5SPY.AS,Leverage Shares 5x Long US 500 ,,AMS,nl_market,EQUITY
EFICW.AS,EUROPEAN FINTECH IPO COMPANY 1 ,,AMS,nl_market,EQUITY
3AMD.AS,Leverage Shares 3x AMD ETP Secu,,AMS,nl_market,EQUITY
XS0224480722.AS,EIB           0%30,,AMS,nl_market,EQUITY
3JD.AS,Leverage Shares 3x JD.Com ETP S,,AMS,nl_market,EQUITY
SROK.AS,Leverage Shares -1x Short Roku ,,AMS,nl_market,EQUITY
TSLA.AS,LS 1x Tesla Tracker ETP,,AMS,nl_market,EQUITY
SARKW.AS,Leverage Shares -3x Short ARKW ,,AMS,nl_market,EQUITY
AAPL.AS,LS 1x Apple Tracker ETP,,AMS,nl_market,EQUITY
FR0013416716.AS,AMUNDI PHYSICAL GOLD ETC,,AMS,nl_market,EQUITY
COIB.AS,LS 1X Coinbase Tracker ETP,,AMS,nl_market,EQUITY
RABO.AS,RABOCERTIFFRNPL,Coöperatieve Rabobank U.A. PARTICIPATED CERT(RABOBANK ORD)EUR25,AMS,nl_market,EQUITY
EUJP.AS,WisdomTree Long JPY Short EUR,WisdomTree Long JPY Short EUR,AMS,nl_market,EQUITY
NL0000120889.AS,AEGON 0.496PL,,AMS,nl_market,EQUITY
3ICL.AS,Leverage Shares 3x Long Clean E,,AMS,nl_market,EQUITY
NL0009446418.AS,NL 3.75% 15JAN42,,AMS,nl_market,EQUITY
NL0013332430.AS,Nederland 0.25 17JUL2029,,AMS,nl_market,EQUITY
NL0000102275.AS,"NEDER3,75%15JAN23",,AMS,nl_market,EQUITY
BIDU.AS,LS 1x Baidu Tracker ETP,,AMS,nl_market,EQUITY
3SMH.AS,Leverage Shares 3x Long Semicon,,AMS,nl_market,EQUITY
SGBS.AS,Wisdom Tree PHYSICAL SWISS GOLD,ETFS Metal Securities Limited - ETFS Physical Swiss Gold,AMS,nl_market,EQUITY
SPLU.AS,Leverage Shares -1x Short Plug ,,AMS,nl_market,EQUITY
GB00BMTP1733.AS,WisdomTree Crypto Mega Cap Equa,,AMS,nl_market,EQUITY
CETH.AS,CoinShares Physical Ethereum,,AMS,nl_market,EQUITY
SSIL.AS,WT 1x Daily Short Silver,,AMS,nl_market,EQUITY
3ROK.AS,Leverage Shares 3x Roku ETP Sec,,AMS,nl_market,EQUITY
XS0205055675.AS,SYDBANK   2.812%PL,,AMS,nl_market,EQUITY
XS0085517661.AS,BNG BANK N.V.,,AMS,nl_market,EQUITY
HUNDP.AS,HUNTER DOUGLAS Preferente aande,,AMS,nl_market,EQUITY
ETHW.AS,WisdomTree Ethereum,,AMS,nl_market,EQUITY
3BAB.AS,Leverage Shares 3x Alibaba ETP ,,AMS,nl_market,EQUITY
BERK.AS,LS Berkshire Hathaway (BRK-B) T,,AMS,nl_market,EQUITY
