symbol,shortName,longName,exchange,market,quoteType
NDA-FI.HE,Nordea Bank Abp,Nordea Bank Abp,HEL,fi_market,EQUITY
NESTE.HE,Neste Corporation,Neste Oyj,HEL,fi_market,EQUITY
ERIBR.HE,"Ericsson, Telefonab. L M ser. B",Telefonaktiebolaget LM Ericsson (publ),HEL,fi_market,EQUITY
KNEBV.HE,KONE Corporation,KONE Oyj,HEL,fi_market,EQUITY
NOKIA.HE,Nokia Corporation,Nokia Corporation,HEL,fi_market,EQUITY
SAMPO.HE,Sampo Plc A,Sampo Oyj,HEL,fi_market,EQUITY
FORTUM.HE,Fortum Corporation,Fortum Oyj,HEL,fi_market,EQUITY
UPM.HE,UPM-Kymmene Corporation,UPM-Kymmene Oyj,HEL,fi_market,EQUITY
TELIA1.HE,Telia Company AB,Telia Company AB (publ),HEL,fi_market,EQUITY
STEAV.HE,Stora Enso Oyj A,Stora Enso Oyj,HEL,fi_market,EQUITY
STERV.HE,Stora Enso Oyj R,Stora Enso Oyj,HEL,fi_market,EQUITY
KESKOA.HE,Kesko Corporation A,Kesko Oyj,HEL,fi_market,EQUITY
KESKOB.HE,Kesko Corporation B,Kesko Oyj,HEL,fi_market,EQUITY
SSABBH.HE,SSAB AB ser. B,SSAB AB (publ),HEL,fi_market,EQUITY
SSABAH.HE,SSAB AB ser. A,SSAB AB (publ),HEL,fi_market,EQUITY
ELISA.HE,Elisa Corporation,Elisa Oyj,HEL,fi_market,EQUITY
MOCORP.HE,Metso Outotec Oyj,Metso Outotec Oyj,HEL,fi_market,EQUITY
WRT1V.HE,Wärtsilä Corporation,Wärtsilä Oyj Abp,HEL,fi_market,EQUITY
VALMT.HE,Valmet Corporation,Valmet Oyj,HEL,fi_market,EQUITY
KOJAMO.HE,Kojamo Plc,Kojamo Oyj,HEL,fi_market,EQUITY
ORNBV.HE,Orion Corporation B,Orion Oyj,HEL,fi_market,EQUITY
ORNAV.HE,Orion Corporation A,Orion Oyj,HEL,fi_market,EQUITY
TYRES.HE,Nokian Tyres Plc,Nokian Renkaat Oyj,HEL,fi_market,EQUITY
HUH1V.HE,Huhtamäki Oyj,Huhtamäki Oyj,HEL,fi_market,EQUITY
TIETO.HE,TietoEVRY Corporation,TietoEVRY Oyj,HEL,fi_market,EQUITY
METSA.HE,Metsä Board Oyj A,Metsä Board Oyj,HEL,fi_market,EQUITY
METSB.HE,Metsä Board Oyj B,Metsä Board Oyj,HEL,fi_market,EQUITY
QTCOM.HE,Qt Group Oyj,Qt Group Oyj,HEL,fi_market,EQUITY
CGCBV.HE,Cargotec Oyj,Cargotec Corporation,HEL,fi_market,EQUITY
KCR.HE,Konecranes Plc,Konecranes Plc,HEL,fi_market,EQUITY
OUT1V.HE,Outokumpu Oyj,Outokumpu Oyj,HEL,fi_market,EQUITY
SAA1V.HE,Sanoma Corporation,Sanoma Oyj,HEL,fi_market,EQUITY
KEMIRA.HE,Kemira Oyj,Kemira Oyj,HEL,fi_market,EQUITY
NELES.HE,Neles Corporation,Neles Oyj,HEL,fi_market,EQUITY
VAIAS.HE,Vaisala Corporation A,Vaisala Oyj,HEL,fi_market,EQUITY
FSKRS.HE,Fiskars Corporation,Fiskars Oyj Abp,HEL,fi_market,EQUITY
UPONOR.HE,Uponor Oyj,Uponor Oyj,HEL,fi_market,EQUITY
REG1V.HE,Revenio Group Corporation,Revenio Group Oyj,HEL,fi_market,EQUITY
TTALO.HE,Terveystalo Plc,Terveystalo Oyj,HEL,fi_market,EQUITY
CTY1S.HE,Citycon Oyj,Citycon Oyj,HEL,fi_market,EQUITY
PON1V.HE,Ponsse Oyj 1,Ponsse Oyj,HEL,fi_market,EQUITY
TOKMAN.HE,Tokmanni Group Oyj,Tokmanni Group Oyj,HEL,fi_market,EQUITY
OLVAS.HE,Olvi Plc A,Olvi Oyj,HEL,fi_market,EQUITY
HARVIA.HE,Harvia Plc,Harvia Oyj,HEL,fi_market,EQUITY
EQV1V.HE,eQ Oyj,eQ Oyj,HEL,fi_market,EQUITY
MUSTI.HE,Musti Group Plc,Musti Group Oyj,HEL,fi_market,EQUITY
YIT.HE,YIT Corporation,YIT Oyj,HEL,fi_market,EQUITY
ALMA.HE,Alma Media Corporation,Alma Media Oyj,HEL,fi_market,EQUITY
FIA1S.HE,Finnair Oyj,Finnair Oyj,HEL,fi_market,EQUITY
AKTIA.HE,Aktia Bank Plc,Aktia Pankki Oyj,HEL,fi_market,EQUITY
CAV1V.HE,Caverion Oyj,Caverion Oyj,HEL,fi_market,EQUITY
ENENTO.HE,Enento Group Oyj,Enento Group Oyj,HEL,fi_market,EQUITY
FSC1V.HE,F-Secure Corporation,F-Secure Oyj,HEL,fi_market,EQUITY
PUUILO.HE,Puuilo Plc,Puuilo Oyj,HEL,fi_market,EQUITY
ANORA.HE,Anora Group Plc,Anora Group Oyj,HEL,fi_market,EQUITY
SPINN.HE,Spinnova Oyj,Spinnova Oyj,HEL,fi_market,EQUITY
MEKKO.HE,Marimekko Corporation,Marimekko Oyj,HEL,fi_market,EQUITY
KEMPOWR.HE,Kempower Oyj,Kempower Oyj,HEL,fi_market,EQUITY
EVLI.HE,Evli Pankki Oyj,Evli Bank plc,HEL,fi_market,EQUITY
RAIVV.HE,Raisio Plc Vaihto-osake,Raisio plc,HEL,fi_market,EQUITY
RAIKV.HE,Raisio Plc K,Raisio plc,HEL,fi_market,EQUITY
OMASP.HE,Oma Säästöpankki Oyj,Oma Säästöpankki Oyj,HEL,fi_market,EQUITY
LAT1V.HE,Lassila & Tikanoja Plc,Lassila & Tikanoja Oyj,HEL,fi_market,EQUITY
ALBBV.HE,Bank of Åland Plc B,Ålandsbanken Abp,HEL,fi_market,EQUITY
ALBAV.HE,ALANDSBANKEN ABP (BANK OF ALAND,Ålandsbanken Abp,HEL,fi_market,EQUITY
TNOM.HE,Talenom Oyj,Talenom Oyj,HEL,fi_market,EQUITY
ROVIO.HE,Rovio Entertainment Corporation,Rovio Entertainment Oyj,HEL,fi_market,EQUITY
REMEDY.HE,Remedy Entertainment Oyj,Remedy Entertainment Oyj,HEL,fi_market,EQUITY
SCANFL.HE,Scanfil Plc,Scanfil Oyj,HEL,fi_market,EQUITY
CAPMAN.HE,CapMan Plc,CapMan Oyj,HEL,fi_market,EQUITY
NANOFH.HE,Nanoform Finland Oyj,Nanoform Finland Oyj,HEL,fi_market,EQUITY
MODU.HE,Modulight Oyj,Modulight Oyj,HEL,fi_market,EQUITY
RELAIS.HE,Relais Group Oyj,Relais Group Oyj,HEL,fi_market,EQUITY
KAMUX.HE,Kamux Corporation,Kamux Oyj,HEL,fi_market,EQUITY
ICP1V.HE,Incap Corporation,Incap Oyj,HEL,fi_market,EQUITY
BAS1V.HE,Basware Corporation,Basware Oyj,HEL,fi_market,EQUITY
ETTE.HE,Etteplan Oyj,Etteplan Oyj,HEL,fi_market,EQUITY
TEM1V.HE,Tecnotree Corporation,Tecnotree Oyj,HEL,fi_market,EQUITY
TALLINK.HE,AS Tallink Grupp FDR,AS Tallink Grupp,HEL,fi_market,EQUITY
DETEC.HE,Detection Technology Oyj,Detection Technology Oyj,HEL,fi_market,EQUITY
ADMCM.HE,Admicom Oyj,Admicom Oyj,HEL,fi_market,EQUITY
GOFORE.HE,Gofore Plc,Gofore Oyj,HEL,fi_market,EQUITY
OKDBV.HE,Oriola Corporation B,Oriola Oyj,HEL,fi_market,EQUITY
OKDAV.HE,Oriola Corporation A,Oriola Oyj,HEL,fi_market,EQUITY
ASPO.HE,Aspo Plc,Aspo Oyj,HEL,fi_market,EQUITY
RAP1V.HE,Rapala VMC Corporation,Rapala VMC Corporation,HEL,fi_market,EQUITY
ATRAV.HE,Atria Plc A,Atria Oyj,HEL,fi_market,EQUITY
TAALA.HE,Taaleri Oyj,Taaleri Oyj,HEL,fi_market,EQUITY
STOCKA.HE,Stockmann Plc,Stockmann Oyj Abp,HEL,fi_market,EQUITY
VERK.HE,Verkkokauppa.com Oyj,Verkkokauppa.com Oyj,HEL,fi_market,EQUITY
LEMON.HE,Lemonsoft Oyj,Lemonsoft Oyj,HEL,fi_market,EQUITY
SUY1V.HE,Suominen Oyj,Suominen Oyj,HEL,fi_market,EQUITY
PIHLIS.HE,Pihlajalinna Oyj,Pihlajalinna Oyj,HEL,fi_market,EQUITY
SITOWS.HE,Sitowise Group Plc,Sitowise Group Oyj,HEL,fi_market,EQUITY
SKARTA.HE,Skarta Group Oyj,Skarta Group Oyj,HEL,fi_market,EQUITY
HEALTH.HE,Nightingale Health Oyj B,Nightingale Health Oyj,HEL,fi_market,EQUITY
VIK1V.HE,Viking Line Abp,Viking Line Abp,HEL,fi_market,EQUITY
ORTHEX.HE,Orthex Plc,Orthex Oyj,HEL,fi_market,EQUITY
FARON.HE,Faron Pharmaceuticals Oy,Faron Pharmaceuticals Oy,HEL,fi_market,EQUITY
DIGIA.HE,Digia Plc,Digia Oyj,HEL,fi_market,EQUITY
BITTI.HE,Bittium Corporation,Bittium Oyj,HEL,fi_market,EQUITY
PURMO.HE,,Purmo Group Oyj,HEL,fi_market,EQUITY
DUELL.HE,Duell Oyj,Duell Oyj,HEL,fi_market,EQUITY
KSLAV.HE,Keskisuomalainen Oyj A,Keskisuomalainen Oyj,HEL,fi_market,EQUITY
HKSAV.HE,HKScan Oyj  A,HKScan Oyj,HEL,fi_market,EQUITY
TITAN.HE,Titanium Oyj,Titanium Oyj,HEL,fi_market,EQUITY
BOREO.HE,Boreo Oyj,Boreo Oyj,HEL,fi_market,EQUITY
NLG1V.HE,Nurminen Logistics Plc,Nurminen Logistics Oyj,HEL,fi_market,EQUITY
EEZY.HE,Eezy Oyj,Eezy Oyj,HEL,fi_market,EQUITY
NOHO.HE,NoHo Partners Oyj,NoHo Partners Oyj,HEL,fi_market,EQUITY
TOIVO.HE,Toivo Group Oyj,Toivo Group Oyj,HEL,fi_market,EQUITY
UNITED.HE,United Bankers Oyj,United Bankers Oyj,HEL,fi_market,EQUITY
SRV1V.HE,SRV Group Plc,SRV Yhtiöt Oyj,HEL,fi_market,EQUITY
ILK2S.HE,Ilkka-Yhtymä Oyj 2,Ilkka-Yhtymä Oyj,HEL,fi_market,EQUITY
ILK1S.HE,Ilkka-Yhtymä Oyj 1,Ilkka-Yhtymä Oyj,HEL,fi_market,EQUITY
OPTOMED.HE,Optomed Plc,Optomed Oyj,HEL,fi_market,EQUITY
AIFORIA.HE,Aiforia Technologies Oyj,Aiforia Technologies Oyj,HEL,fi_market,EQUITY
LL1SPAC.HE,Lifeline SPAC I Plc A,Lifeline SPAC I Oyj,HEL,fi_market,EQUITY
LAMOR.HE,Lamor Corporation Oyj,Lamor Corporation Oyj,HEL,fi_market,EQUITY
BETOLAR.HE,Betolar Oyj,Betolar Oyj,HEL,fi_market,EQUITY
SSH1V.HE,SSH Communications Security Oyj,SSH Communications Security Oyj,HEL,fi_market,EQUITY
LEADD.HE,LeadDesk Oyj,LeadDesk Oy,HEL,fi_market,EQUITY
SIEVI.HE,Sievi Capital plc,Sievi Capital Plc,HEL,fi_market,EQUITY
LOIHDE.HE,Loihde Oyj,Loihde Oyj,HEL,fi_market,EQUITY
ESENSE.HE,Enersense International Oyj,Enersense International Oyj,HEL,fi_market,EQUITY
KREATE.HE,Kreate Group Plc,Kreate Group Oyj,HEL,fi_market,EQUITY
SIILI.HE,Siili Solutions Oyj,Siili Solutions Oyj,HEL,fi_market,EQUITY
TLT1V.HE,Teleste Corporation,Teleste Corporation,HEL,fi_market,EQUITY
GLA1V.HE,Glaston  Corporation,Glaston Oyj Abp,HEL,fi_market,EQUITY
CONSTI.HE,Consti Plc,Consti Oyj,HEL,fi_market,EQUITY
ROBIT.HE,Robit Oyj,Robit Oyj,HEL,fi_market,EQUITY
VINCIT.HE,Vincit Oyj,Vincit Oyj,HEL,fi_market,EQUITY
EXL1V.HE,Exel Composites Plc,Exel Composites Oyj,HEL,fi_market,EQUITY
ALEX.HE,Alexandria Pankkiiriliike Oyj,Alexandria Pankkiiriliike Oyj,HEL,fi_market,EQUITY
SOLTEQ.HE,Solteq Oyj,Solteq Oyj,HEL,fi_market,EQUITY
EFECTE.HE,Efecte Plc,Efecte Oy,HEL,fi_market,EQUITY
RAUTE.HE,Raute Corporation A,Raute Oyj,HEL,fi_market,EQUITY
PARTNE1.HE,Partnera Oyj,Partnera Oy,HEL,fi_market,EQUITY
APETIT.HE,Apetit Plc,Apetit Oyj,HEL,fi_market,EQUITY
LEHTO.HE,Lehto Group Oyj,Lehto Group Oyj,HEL,fi_market,EQUITY
DOV1V.HE,Dovre Group Plc,Dovre Group Plc,HEL,fi_market,EQUITY
PUMU.HE,PunaMusta Media Oyj,PunaMusta Media Oyj,HEL,fi_market,EQUITY
DWF.HE,Digital Workforce Services Oyj,Digital Workforce Services Oyj,HEL,fi_market,EQUITY
SOLWERS.HE,Solwers Oyj,Solwers Oyj,HEL,fi_market,EQUITY
MERUS.HE,Merus Power Oyj,Merus Power Oyj,HEL,fi_market,EQUITY
ENDOM.HE,Endomines AB,Endomines AB (publ),HEL,fi_market,EQUITY
INDERES.HE,Inderes Oyj,Inderes Oyj,HEL,fi_market,EQUITY
ECOUP.HE,EcoUp Oyj,Ecoup Oyj,HEL,fi_market,EQUITY
ADMIN.HE,Administer Oyj,Administer Oy,HEL,fi_market,EQUITY
FODELIA.HE,Fodelia Oyj,Fodelia Oyj,HEL,fi_market,EQUITY
IFA1V.HE,Innofactor Plc,Innofactor Oyj,HEL,fi_market,EQUITY
NIXU.HE,Nixu Oyj,Nixu Oyj,HEL,fi_market,EQUITY
NETUM.HE,Netum Group Oyj,Netum Group Oyj,HEL,fi_market,EQUITY
VIAFIN.HE,Viafin Service Oyj,Viafin Service Oyj,HEL,fi_market,EQUITY
SAGCV.HE,Saga Furs Oyj C,Saga Furs Oyj,HEL,fi_market,EQUITY
AALLON.HE,Aallon Group Oyj,Aallon Group Oyj,HEL,fi_market,EQUITY
NORRH.HE,Norrhydro Group Oyj,Norrhydro Group Oyj,HEL,fi_market,EQUITY
HONBS.HE,Honkarakenne Oyj B,Honkarakenne Oyj,HEL,fi_market,EQUITY
SPRING.HE,Springvest Oyj,Springvest Oyj,HEL,fi_market,EQUITY
ACG1V.HE,Aspocomp Group Plc,Aspocomp Group Oyj,HEL,fi_market,EQUITY
FIFAX.HE,Fifax Abp,FIFAX Abp,HEL,fi_market,EQUITY
EAB.HE,EAB Group Oyj,EAB Group Oyj,HEL,fi_market,EQUITY
INVEST.HE,Investors House Oyj,Investors House Oyj,HEL,fi_market,EQUITY
BRETEC.HE,Bioretec Oy,Bioretec Oy,HEL,fi_market,EQUITY
PNA1V.HE,Panostaja Oyj,Panostaja Oyj,HEL,fi_market,EQUITY
WUF1V.HE,Wulff Group Plc,Wulff-Yhtiöt Oyj,HEL,fi_market,EQUITY
NXTGMS.HE,Next Games Oyj,Next Games Oyj,HEL,fi_market,EQUITY
CTH1V.HE,Componenta Corporation,Componenta Corporation,HEL,fi_market,EQUITY
AFAGR.HE,Afarak Group Plc,Afarak Group Oyj,HEL,fi_market,EQUITY
ELEAV.HE,Elecster Oyj A,Elecster Oyj,HEL,fi_market,EQUITY
NXTMH.HE,Nexstim Oyj,Nexstim Plc,HEL,fi_market,EQUITY
SOSI1.HE,Sotkamo Silver AB,Sotkamo Silver AB,HEL,fi_market,EQUITY
BILOT.HE,Bilot Oyj,Bilot Oyj,HEL,fi_market,EQUITY
VALOE.HE,Valoe Oyj,Valoe Oyj,HEL,fi_market,EQUITY
FONDIA.HE,Fondia Oyj,Fondia Oyj,HEL,fi_market,EQUITY
OVARO.HE,Ovaro Kiinteistösijoitus Oyj,Ovaro Kiinteistösijoitus Oyj,HEL,fi_market,EQUITY
TULAV.HE,Tulikivi Oyj A,Tulikivi Corporation,HEL,fi_market,EQUITY
BIOBV.HE,Biohit Oyj B,Biohit Oyj,HEL,fi_market,EQUITY
AVIDLY.HE,Avidly Oyj,Avidly Oyj,HEL,fi_market,EQUITY
HEEROS.HE,Heeros Oyj,Heeros Oyj,HEL,fi_market,EQUITY
HRTIS.HE,Herantis Pharma Oyj,Herantis Pharma Oyj,HEL,fi_market,EQUITY
ENEDO.HE,Enedo Plc,Enedo Oyj,HEL,fi_market,EQUITY
REKA.HE,Reka Industrial Oyj,Reka Industrial Oyj,HEL,fi_market,EQUITY
DIGIGR.HE,Digitalist Group Plc,Digitalist Group Plc,HEL,fi_market,EQUITY
QPR1V.HE,QPR Software Plc,QPR Software Oyj,HEL,fi_market,EQUITY
FELLOW.HE,Fellow Finance Plc,Fellow Finance Plc,HEL,fi_market,EQUITY
KELAS.HE,Kesla Oyj A,Kesla Oyj,HEL,fi_market,EQUITY
TRH1V.HE,Trainers´ House Plc,Trainers’ House Oyj,HEL,fi_market,EQUITY
BONEH.HE,BBS-Bioactive Bone Substitutes,BBS-Bioactive Bone Substitutes Oyj,HEL,fi_market,EQUITY
MARAS.HE,Martela Oyj A,Martela Oyj,HEL,fi_market,EQUITY
LOUD.HE,Loudspring Plc,Loudspring Oyj,HEL,fi_market,EQUITY
SAVOH.HE,Savosolar Plc,Savosolar Oyj,HEL,fi_market,EQUITY
SOPRA.HE,Soprano Oyj,Soprano Oyj,HEL,fi_market,EQUITY
RUSH.HE,Rush Factory Plc,Rush Factory Oyj,HEL,fi_market,EQUITY
PIIPPO.HE,Piippo Oyj,Piippo Oyj,HEL,fi_market,EQUITY
