symbol,shortName,longName,exchange,market,quoteType
2222.SR,Saudi Arabian Oil Co.,Saudi Arabian Oil Company,SAU,sr_market,EQUITY
1120.SR,Al Rajhi Bank,Al Rajhi Banking and Investment Corporation,SAU,sr_market,EQUITY
2010.SR,Saudi Basic Industries Corp,Saudi Basic Industries Corporation,SAU,sr_market,EQUITY
1180.SR,The Saudi National Bank,The Saudi National Bank,SAU,sr_market,EQUITY
7010.SR,Saudi Telecom Co.,Saudi Telecom Company,SAU,sr_market,EQUITY
5110.SR,Saudi Electricity Co.,Saudi Electricity Company,SAU,sr_market,EQUITY
1211.SR,Saudi Arabian Mining Co.,Saudi Arabian Mining Company (Ma'aden),SAU,sr_market,EQUITY
1010.SR,Riyad Bank,Riyad Bank,SAU,sr_market,EQUITY
2020.SR,SABIC Agri-Nutrients Co.,SABIC Agri-Nutrients Company,SAU,sr_market,EQUITY
1060.SR,The Saudi British Bank,The Saudi British Bank,SAU,sr_market,EQUITY
4013.SR,Dr. Sulaiman Al Habib Medical S,Dr. Sulaiman Al Habib Medical Services Group Company,SAU,sr_market,EQUITY
1050.SR,Banque Saudi Fransi,Banque Saudi Fransi,SAU,sr_market,EQUITY
1150.SR,Alinma Bank,Alinma Bank,SAU,sr_market,EQUITY
2280.SR,Almarai Co.,Almarai Company,SAU,sr_market,EQUITY
2290.SR,Yanbu National Petrochemical Co,Yanbu National Petrochemical Company,SAU,sr_market,EQUITY
4280.SR,Kingdom Holding Co.,Kingdom Holding Company,SAU,sr_market,EQUITY
1080.SR,Arab National Bank,Arab National Bank,SAU,sr_market,EQUITY
1140.SR,Bank Albilad,Bank Albilad,SAU,sr_market,EQUITY
2310.SR,Sahara International Petrochemi,Sahara International Petrochemical Company,SAU,sr_market,EQUITY
2350.SR,Saudi Kayan Petrochemical Co.,Saudi Kayan Petrochemical Company,SAU,sr_market,EQUITY
4250.SR,Jabal Omar Development Co.,Jabal Omar Development Company,SAU,sr_market,EQUITY
7020.SR,Etihad Etisalat Co.,Etihad Etisalat Company,SAU,sr_market,EQUITY
4190.SR,Jarir Marketing Co.,Jarir Marketing Company,SAU,sr_market,EQUITY
2380.SR,Rabigh Refining and Petrochemic,Rabigh Refining and Petrochemical Company,SAU,sr_market,EQUITY
2002.SR,National Petrochemical Co.,National Petrochemical Company,SAU,sr_market,EQUITY
4002.SR,Mouwasat Medical Services Co.,Mouwasat Medical Services Company,SAU,sr_market,EQUITY
1020.SR,Bank AlJazira,Bank AlJazira,SAU,sr_market,EQUITY
2050.SR,SAVOLA Group,Savola Group Company,SAU,sr_market,EQUITY
4210.SR,Saudi Research and Media Group,Saudi Research and Media Group,SAU,sr_market,EQUITY
1030.SR,Saudi Investment Bank,The Saudi Investment Bank,SAU,sr_market,EQUITY
8210.SR,Bupa Arabia for Cooperative Ins,Bupa Arabia for Cooperative Insurance Company,SAU,sr_market,EQUITY
2330.SR,Advanced Petrochemical Co.,Advanced Petrochemical Company,SAU,sr_market,EQUITY
2250.SR,Saudi Industrial Investment Gro,Saudi Industrial Investment Group,SAU,sr_market,EQUITY
2060.SR,National Industrialization Co.,National Industrialization Company,SAU,sr_market,EQUITY
4220.SR,Emaar The Economic City,Emaar The Economic City,SAU,sr_market,EQUITY
4030.SR,National Shipping Company of Sa,The National Shipping Company of Saudi Arabia,SAU,sr_market,EQUITY
4100.SR,Makkah Construction and Develop,Makkah Construction & Development Company,SAU,sr_market,EQUITY
4300.SR,Dar Alarkan Real Estate Develop,Dar Al Arkan Real Estate Development Company,SAU,sr_market,EQUITY
4321.SR,Arabian Centres Co.,Arabian Centres Company,SAU,sr_market,EQUITY
4161.SR,BinDawood Holding Co.,Bin Dawood Holding Company,SAU,sr_market,EQUITY
7030.SR,Mobile Telecommunications Compa,Mobile Telecommunications Company Saudi Arabia,SAU,sr_market,EQUITY
3050.SR,Southern Province Cement Co.,Southern Province Cement Company,SAU,sr_market,EQUITY
4001.SR,Abdullah Al Othaim Markets Co.,Abdullah Al-Othaim Markets Company,SAU,sr_market,EQUITY
8010.SR,The Company for Coopetative Ins,The Company for Cooperative Insurance,SAU,sr_market,EQUITY
3030.SR,Saudi Cement Co.,Saudi Cement Company,SAU,sr_market,EQUITY
4003.SR,United Electronics Co.,United Electronics Company,SAU,sr_market,EQUITY
4004.SR,Dallah Healthcare Co.,Dallah Healthcare Company,SAU,sr_market,EQUITY
3040.SR,The Qassim Cement Co.,Qassim Cement Company,SAU,sr_market,EQUITY
6004.SR,Saudi Airlines Catering Co.,Saudi Airlines Catering Company,SAU,sr_market,EQUITY
4031.SR,Saudi Ground Services Co.,Saudi Ground Services Company,SAU,sr_market,EQUITY
3060.SR,Yanbou Cement Co.,Yanbu Cement Company,SAU,sr_market,EQUITY
1830.SR,Leejam Sports Co,Leejam Sports Company,SAU,sr_market,EQUITY
4310.SR,Knowledge Economic City,Knowledge Economic City Company,SAU,sr_market,EQUITY
2270.SR,Saudia Dairy and Foodstuff Co.,Saudia Dairy & Foodstuff Company,SAU,sr_market,EQUITY
3020.SR,Yamama Cement Co.,Yamama Saudi Cement Company,SAU,sr_market,EQUITY
4200.SR,Aldrees Petroleum and Transport,Aldrees Petroleum and Transport Services Company,SAU,sr_market,EQUITY
4090.SR,Taiba Investments Co.,Taiba Investments Co.,SAU,sr_market,EQUITY
4007.SR,Al Hammadi Company for Developm,Al Hammadi Company For Development and Investment,SAU,sr_market,EQUITY
4020.SR,Saudi Real Estate Co.,Saudi Real Estate Company,SAU,sr_market,EQUITY
2070.SR,Saudi Pharmaceutical Industries,Saudi Pharmaceutical Industries and Medical Appliances Corporation,SAU,sr_market,EQUITY
2040.SR,Saudi Ceramic Co.,Saudi Ceramic Company,SAU,sr_market,EQUITY
4150.SR,Arriyadh Development Co.,Arriyadh Development Co.,SAU,sr_market,EQUITY
1810.SR,Seera Group Holding,Seera Holding Group,SAU,sr_market,EQUITY
2170.SR,Alujain Holding  Corp.,Alujain Holding Corporation,SAU,sr_market,EQUITY
6002.SR,Herfy Food Services Co.,Herfy Food Services Company,SAU,sr_market,EQUITY
9512.SR,Riyadh Cement Co.,Riyadh Cement Co.,SAU,sr_market,EQUITY
2080.SR,National Gas and Industrializat,National Gas & Industerialization Co.,SAU,sr_market,EQUITY
9510.SR,National Building and Marketing,National Building and Marketing Co.,SAU,sr_market,EQUITY
7200.SR,Al Moammar Information Systems ,Al Moammar Information Systems Company,SAU,sr_market,EQUITY
3010.SR,Arabian Cement Co.,Arabian Cement Company,SAU,sr_market,EQUITY
3080.SR,Eastern Province Cement Co.,Eastern Province Cement Co.,SAU,sr_market,EQUITY
4260.SR,United International Transporta,United International Transportation Company,SAU,sr_market,EQUITY
4240.SR,Fawaz Abdulaziz Alhokair Co.,Fawaz Abdulaziz Al Hokair & Company,SAU,sr_market,EQUITY
8230.SR,Al-Rajhi Company for Cooperativ,Al Rajhi Company for Cooperative Insurance,SAU,sr_market,EQUITY
6010.SR,National Agriculture Developmen,The National Agricultural Development Company,SAU,sr_market,EQUITY
3003.SR,City Cement Co.,City Cement Company,SAU,sr_market,EQUITY
1212.SR,Astra Industrial Group,Astra Industrial Group Company,SAU,sr_market,EQUITY
4081.SR,Nayifat Finance Co.,Nayifat Finance Company,SAU,sr_market,EQUITY
6001.SR,Halwani Bros. Co.,Halwani Bros. Co. Ltd.,SAU,sr_market,EQUITY
4010.SR,Dur Hospitality Co.,Dur Hospitality Company,SAU,sr_market,EQUITY
3002.SR,Najran Cement Co.,Najran Cement Company,SAU,sr_market,EQUITY
4009.SR,Middle East Health care Co.,Middle East Healthcare Company,SAU,sr_market,EQUITY
2230.SR,Saudi Chemical Co.,Saudi Chemical Holding Company,SAU,sr_market,EQUITY
4005.SR,National Medical Care Co.,National Medical Care Company,SAU,sr_market,EQUITY
1831.SR,Maharah Human Resources Co.,Maharah for Human Resources Company,SAU,sr_market,EQUITY
2081.SR,Alkhorayef Water and Power Tech,Alkhorayef Water & Power Technologies,SAU,sr_market,EQUITY
2190.SR,Saudi Industrial Services Co.,Saudi Industrial Services Company,SAU,sr_market,EQUITY
4040.SR,Saudi Public Transport Co.,Saudi Public Transport Company,SAU,sr_market,EQUITY
2001.SR,Methanol Chemicals Co.,Methanol Chemicals Company,SAU,sr_market,EQUITY
4080.SR,"Aseer Trading\, Tourism and Man","Aseer Trading, Tourism and Manufacturing Co.",SAU,sr_market,EQUITY
3004.SR,Northern Region Cement Co.,Northern Region Cement Company,SAU,sr_market,EQUITY
2120.SR,Saudi Advanced Industries Co.,Saudi Advanced Industries Company,SAU,sr_market,EQUITY
1202.SR,Middle East Paper Co.,Middle East Company for Manufacturing and Producing Paper,SAU,sr_market,EQUITY
9511.SR,Sumou Real Estate Co.,Sumou Real Estate Company,SAU,sr_market,EQUITY
4292.SR,Ataa Educational Co.,Ataa Educational Company,SAU,sr_market,EQUITY
1302.SR,Bawan Co.,Bawan Company,SAU,sr_market,EQUITY
1304.SR,Al Yamamah Steel Industries Co.,Al Yamamah Steel Industries Company,SAU,sr_market,EQUITY
2030.SR,Saudi Arabia Refineries Co.,Saudi Arabia Refineries Company,SAU,sr_market,EQUITY
7201.SR,Arab Sea Information System Co.,Arab Sea Information Systems Company,SAU,sr_market,EQUITY
4012.SR,Thob Al Aseel Co.,Thob Al Aseel Co.,SAU,sr_market,EQUITY
1182.SR,Amlak International for Real Es,Amlak International for Real Estate Finance Company,SAU,sr_market,EQUITY
6050.SR,Saudi Fisheris Co.,Saudi Fisheries Company,SAU,sr_market,EQUITY
4291.SR,National Company for Learning a,National Company for Learning and Education,SAU,sr_market,EQUITY
8030.SR,The Mediterranean and Gulf Insu,The Mediterranean and Gulf Cooperative Insurance and Reinsurance Company,SAU,sr_market,EQUITY
4050.SR,Saudi Automotive Services Co.,Saudi Automotive Services Company,SAU,sr_market,EQUITY
4008.SR,Saudi Company for Hardware,Saudi Company for Hardware,SAU,sr_market,EQUITY
6070.SR,Al-Jouf Agriculture Development,Al-Jouf Agricultural Development Co.,SAU,sr_market,EQUITY
4340.SR,Al Rajhi REIT Fund,Al Rajhi REIT Fund,SAU,sr_market,EQUITY
2240.SR,Zamil Industrial Investment Co.,Zamil Industrial Investment Company,SAU,sr_market,EQUITY
4330.SR,Riyad REIT Fund,Riyad REIT Fund,SAU,sr_market,EQUITY
1201.SR,Takween Advanced Industries Co.,Takween Advanced Industries,SAU,sr_market,EQUITY
4320.SR,Alandalus property Co.,Alandalus Property Company,SAU,sr_market,EQUITY
2140.SR,AYYAN Investment Co.,Ayyan Investment Company,SAU,sr_market,EQUITY
8250.SR,AXA Cooperative Insurance Co.,AXA Cooperative Insurance Company,SAU,sr_market,EQUITY
3090.SR,Tabouk Cement Co.,Tabuk Cement Company,SAU,sr_market,EQUITY
3091.SR,Al Jouf Cement Co.,Al Jouf Cement Company,SAU,sr_market,EQUITY
2090.SR,National Gypsum Co.,National Gypsum Company,SAU,sr_market,EQUITY
8200.SR,Saudi Reinsurance Co.,Saudi Re for Cooperative Reinsurance Company,SAU,sr_market,EQUITY
8040.SR,Allianz Saudi Fransi Cooperativ,Allianz Saudi Fransi Cooperative Insurance Company,SAU,sr_market,EQUITY
2150.SR,The National Company for Glass ,The National Company for Glass Industries,SAU,sr_market,EQUITY
1832.SR,Sadr Logistics Co.,Sadr Logistics Company,SAU,sr_market,EQUITY
1214.SR,Al Hassan Ghazi Ibrahim Shaker ,Al Hassan Ghazi Ibrahim Shaker Company,SAU,sr_market,EQUITY
2320.SR,Al-Babtain Power and Telecommun,Al-Babtain Power and Telecommunication Co.,SAU,sr_market,EQUITY
4339.SR,Derayah REIT Fund,Derayah Financial - Derayah Reit Fund,SAU,sr_market,EQUITY
3007.SR,Zahrat Al Waha for Trading Co.,Zahrat Al Waha For Trading Company,SAU,sr_market,EQUITY
3001.SR,Hail Cement Co.,Hail Cement Company,SAU,sr_market,EQUITY
4270.SR,Saudi Printing and Packaging Co,Saudi Printing and Packaging Co.,SAU,sr_market,EQUITY
4006.SR,Saudi Marketing Co.,Saudi Marketing Company,SAU,sr_market,EQUITY
8190.SR,United Cooperative Assurance Co,United Cooperative Assurance Company,SAU,sr_market,EQUITY
3005.SR,Umm Al-Qura Cement Co.,Umm Al-Qura Cement Company,SAU,sr_market,EQUITY
1320.SR,Saudi Steel Pipe Co.,Saudi Steel Pipes Company,SAU,sr_market,EQUITY
4230.SR,Red Sea International Co.,Red Sea International Company,SAU,sr_market,EQUITY
1303.SR,Electrical Industries Co.,Electrical Industries Company,SAU,sr_market,EQUITY
6040.SR,Tabuk Agriculture Development C,Tabuk Agricultural Development Company,SAU,sr_market,EQUITY
4290.SR,Alkhaleej Training and Educatio,Al Khaleej Training and Education Company,SAU,sr_market,EQUITY
8020.SR,Malath Cooperative Insurance Co,Malath Cooperative Insurance Company,SAU,sr_market,EQUITY
8060.SR,Walaa Cooperative Insurance Co.,Walaa Cooperative Insurance Company,SAU,sr_market,EQUITY
4051.SR,Baazeem Trading Co.,Baazeem Trading Co.,SAU,sr_market,EQUITY
1210.SR,Basic Chemical Industries Co.,Basic Chemical Industries Company,SAU,sr_market,EQUITY
4011.SR,Lazurde Company for Jewelry,L'azurde Company for Jewelry,SAU,sr_market,EQUITY
4180.SR,Fitaihi Holding Group,Fitaihi Holding Group,SAU,sr_market,EQUITY
2360.SR,Saudi vitrified clay pipes co.,Saudi Vitrified Clay Pipe co.,SAU,sr_market,EQUITY
2100.SR,Wafrah for Industry and Develop,Wafrah for Industry and Development Company,SAU,sr_market,EQUITY
1820.SR,Abdulmohsen Alhokair Group for ,Abdulmohsen Al-Hokair Group for Tourism and Development Company,SAU,sr_market,EQUITY
8012.SR,Aljazira Takaful Taawuni Co.,Aljazira Takaful Taawuni Company,SAU,sr_market,EQUITY
1301.SR,United Wire Factories Co.,United Wire Factories Company,SAU,sr_market,EQUITY
4110.SR,Batic Investments and Logistics,Batic Investment and Logistics Company,SAU,sr_market,EQUITY
8240.SR,CHUBB Arabia Cooperative Insura,Chubb Arabia Cooperative Insurance Company,SAU,sr_market,EQUITY
8160.SR,Arabia Insurance Cooperative Co,Arabia Insurance Cooperative Company,SAU,sr_market,EQUITY
8070.SR,Arabian Shield Cooperative Insu,Arabian Shield Cooperative Insurance Company,SAU,sr_market,EQUITY
6090.SR,Jazan Energy and Development Co,Jazan Energy and Development Company,SAU,sr_market,EQUITY
8080.SR,SABB Takaful Co.,SABB Takaful Company,SAU,sr_market,EQUITY
8312.SR,Alinma Tokio Marine Co.,Alinma Tokio Marine Company,SAU,sr_market,EQUITY
2220.SR,National Metal Manufacturing an,National Metal Manufacturing and Casting Co.,SAU,sr_market,EQUITY
8280.SR,Al Alamiya for Cooperative Insu,Al Alamiya for Cooperative Insurance Company,SAU,sr_market,EQUITY
2300.SR,Saudi Paper Manufacturing Co.,Saudi Paper Manufacturing Company,SAU,sr_market,EQUITY
4348.SR,Alkhabeer REIT Fund,Alkhabeer REIT Fund,SAU,sr_market,EQUITY
4191.SR,Abdullah Saad Mohammed Abo Moat,Abdullah Saad Mohammed Abo Moati for Bookstores Company,SAU,sr_market,EQUITY
4335.SR,Musharaka REIT Fund,Musharaka REIT Fund,SAU,sr_market,EQUITY
4061.SR,Anaam International Holding Gro,Anaam International Holding Group Company,SAU,sr_market,EQUITY
4170.SR,Tourism Enterprise Co.,Tourism Enterprises Co.,SAU,sr_market,EQUITY
2210.SR,Nama Chemicals Co.,Nama Chemicals Co.,SAU,sr_market,EQUITY
9513.SR,Watani Iron Steel Co.,Watani Iron Steel Co.,SAU,sr_market,EQUITY
2370.SR,Middle East Specialized Cables ,Middle East Specialized Cables Company,SAU,sr_market,EQUITY
2130.SR,Saudi Industrial Development Co,Saudi Industrial Development Co.,SAU,sr_market,EQUITY
8170.SR,Al-Etihad Cooperative Insurance,Al-Etihad Cooperative Insurance Company,SAU,sr_market,EQUITY
8300.SR,Wataniya Insurance Co.,Wataniya Insurance Company,SAU,sr_market,EQUITY
6020.SR,Al Gassim Investment  Holding C,Al Gassim Investment Holding Company,SAU,sr_market,EQUITY
7040.SR,Etihad Atheeb Telecommunication,Etihad Atheeb Telecommunication Company,SAU,sr_market,EQUITY
6060.SR,Ash-Sharqiyah Development Co.,Ash-Sharqiyah Development Co.,SAU,sr_market,EQUITY
8180.SR,Al Sagr Cooperative Insurance C,Al Sagr Cooperative Insurance Company,SAU,sr_market,EQUITY
8270.SR,Buruj Cooperative Insurance Co.,Buruj Cooperative Insurance Company,SAU,sr_market,EQUITY
2200.SR,Arabian Pipes Co.,Arabian Pipes Company,SAU,sr_market,EQUITY
4344.SR,SEDCO Capital REIT Fund,SEDCO Capital REIT Fund,SAU,sr_market,EQUITY
8100.SR,Saudi Arabian Cooperative Insur,Saudi Arabian Cooperative Insurance Company,SAU,sr_market,EQUITY
9517.SR,National Fertilizer Co.,National Fertilizers Company Limited,SAU,sr_market,EQUITY
4140.SR,Saudi Industrial Export Co.,Saudi Industrial Export Company,SAU,sr_market,EQUITY
4070.SR,Tihama Advertising and Public R,Tihama Advertising and Public Relations Co.,SAU,sr_market,EQUITY
8260.SR,Gulf General Cooperative Insura,Gulf General Cooperative Insurance Company,SAU,sr_market,EQUITY
2180.SR,Filing and Packing Materials Ma,Filling and Packing Materials Manufacturing Company,SAU,sr_market,EQUITY
4130.SR,Al Baha Investment & Developmen,Al-Baha Investment & Development Co.,SAU,sr_market,EQUITY
1213.SR,Naseej International Trading Co,Naseej International Trading Company,SAU,sr_market,EQUITY
4336.SR,Mulkia Gulf Real Estate REIT,Mulkia Gulf Real Estate REIT,SAU,sr_market,EQUITY
2160.SR,Saudi Arabian Amiantit Co.,The Saudi Arabian Amiantit Company,SAU,sr_market,EQUITY
8130.SR,Alahli Takaful Co.,AlAhli Takaful Company,SAU,sr_market,EQUITY
4334.SR,AL Maather REIT Fund,Al Maather Reit Fund,SAU,sr_market,EQUITY
4346.SR,MEFIC REIT Fund,Middle East Financial Investment Company,SAU,sr_market,EQUITY
4332.SR,Jadwa REIT Al Haramain Fund,Jadwa REIT Al Haramain Fund,SAU,sr_market,EQUITY
8311.SR,Saudi Enaya Cooperative Insuran,Saudi Enaya Cooperative Insurance Company,SAU,sr_market,EQUITY
6012.SR,Raydan Food Co.,Raydan Food Company,SAU,sr_market,EQUITY
4337.SR,SICO Saudi REIT Fund,Muscat Capital - Al Masha'ar REIT Fund,SAU,sr_market,EQUITY
8310.SR,Amana Cooperative Insurance Co.,Amana Cooperative Insurance Company,SAU,sr_market,EQUITY
8150.SR,Allied Cooperative Insurance Gr,Allied Cooperative Insurance Group,SAU,sr_market,EQUITY
8050.SR,Salama Cooperative Insurance Co,Salama Cooperative Insurance Company,SAU,sr_market,EQUITY
8120.SR,Gulf Union Alahlia Cooperative ,Gulf Union Alahlia Cooperative Insurance Company,SAU,sr_market,EQUITY
4333.SR,Taleem REIT Fund,Taleem REIT Fund,SAU,sr_market,EQUITY
9515.SR,Fesh Fash Snack Food Production,Fesh Fash Snack Food Production Company,SAU,sr_market,EQUITY
4331.SR,AlJazira REIT,Aljazira Mawten REIT Fund,SAU,sr_market,EQUITY
2110.SR,Saudi Cable Co.,Saudi Cable Company,SAU,sr_market,EQUITY
4160.SR,National Agriculture Marketing ,Thimar Development Holding Company,SAU,sr_market,EQUITY
8110.SR,,Saudi Indian Company for Cooperative Insurance Wafa Insurance,SAU,sr_market,EQUITY
2340.SR,Al Abdullatif Industrial Invest,Al Abdullatif Industrial Investment Company,SAU,sr_market,EQUITY
9519.SR,Banan Real Estate Co.,Banan Real Estate Co.,SAU,sr_market,EQUITY
4141.SR,Al-Omran Industrial Trading Co.,Al-Omran Industrial Trading Co.,SAU,sr_market,EQUITY
4162.SR,Almunajem Foods Co.,Almunajem Foods Company,SAU,sr_market,EQUITY
1111.SR,Saudi Tadawul Group Holding Co.,Saudi Tadawul Group Holding Company,SAU,sr_market,EQUITY
7202.SR,Arabian Internet and Communicat,Arabian Internet and Communications Services Co. Ltd.,SAU,sr_market,EQUITY
9520.SR,Shatirah House Restaurant Co.,Shatirah House Restaurant Company,SAU,sr_market,EQUITY
9514.SR,Mohammed Hasan AlNaqool Sons Co,Mohammed Hasan AlNaqool Sons Co.,SAU,sr_market,EQUITY
3008.SR,Al Kathiri Holding Co.,Al Kathiri Holding Company,SAU,sr_market,EQUITY
4345.SR,Swicorp Wabel REIT Fund,Swicorp Wabel Reit Fund,SAU,sr_market,EQUITY
2281.SR,Tanmiah Food Co.,Tanmiah Food Company,SAU,sr_market,EQUITY
6013.SR,Development Works Food Co.,Development Works Food Co. Ltd,SAU,sr_market,EQUITY
9518.SR,Canadian Medical Center Co.,Canadian General Medical Center Complex Company,SAU,sr_market,EQUITY
4347.SR,Bonyan REIT Fund,Bonyan REIT Fund,SAU,sr_market,EQUITY
4071.SR,Arabian Contracting Services Co,Arabian Contracting Services Company,SAU,sr_market,EQUITY
4261.SR,Theeb Rent a Car Co.,Theeb Rent A Car Company,SAU,sr_market,EQUITY
9522.SR,Alhasoob Co.,Al Hasoob Trading Company,SAU,sr_market,EQUITY
9516.SR,Natural Gas Distribution Co.,Natural Gas Distribution Co,SAU,sr_market,EQUITY
2082.SR,International Company for Water,International Company for Water and Power Projects,SAU,sr_market,EQUITY
9524.SR,,,SAU,sr_market,EQUITY
4342.SR,Jadwa REIT Saudi Fund,Jadwa Investment - Jadwa Reit Saudi Fund,SAU,sr_market,EQUITY
9526.SR,,,SAU,sr_market,EQUITY
4338.SR,AlAhli REIT Fund 1,Alahli Capital - Al-Ahli Reit Fund,SAU,sr_market,EQUITY
9521.SR,Enma AlRawabi Co.,Enma Al Rawabi Investment & Real Estate Development Company,SAU,sr_market,EQUITY
81501.SR,,,SAU,sr_market,EQUITY
9523.SR,Group Five Pipe Saudi Co.,Group Five Pipe Saudi Ltd.,SAU,sr_market,EQUITY
