symbol,shortName,longName,exchange,market,quoteType
MAREL.IC,Marel hf.,Marel hf.,ICE,ic_market,EQUITY
ARION.IC,Arion banki hf.,Arion banki hf.,ICE,ic_market,EQUITY
ISB.IC,Íslandsbanki hf.,Íslandsbanki hf.,ICE,ic_market,EQUITY
SVN.IC,Síldarvinnslan hf.,Sildarvinnslan Hf.,ICE,ic_market,EQUITY
BRIM.IC,Brim hf.,Brim hf.,ICE,ic_market,EQUITY
SIMINN.IC,Síminn hf.,Síminn hf.,ICE,ic_market,EQUITY
EIM.IC,Eimskipafélag Íslands hf.,Eimskipafélag Íslands hf.,ICE,ic_market,EQUITY
HAGA.IC,Hagar hf.,Hagar hf,ICE,ic_market,EQUITY
FESTI.IC,Festi hf.,Festi hf.,ICE,ic_market,EQUITY
REITIR.IC,Reitir fasteignafélag hf,Reitir fasteignafélag hf.,ICE,ic_market,EQUITY
SJOVA.IC,Sjóvá-Almennar tryggingar hf.,Sjóvá-Almennar tryggingar hf.,ICE,ic_market,EQUITY
HAMP.IC,Hampiðjan hf.,Hampidjan Hf.,ICE,ic_market,EQUITY
ICEAIR.IC,Icelandair Group hf.,Icelandair Group hf.,ICE,ic_market,EQUITY
KVIKA.IC,Kvika banki hf.,Kvika banki hf.,ICE,ic_market,EQUITY
REGINN.IC,Reginn hf.,Reginn hf.,ICE,ic_market,EQUITY
EIK.IC,Eik fasteignafélag hf,Eik fasteignafélag hf.,ICE,ic_market,EQUITY
ICESEA.IC,Iceland Seafood International h,Iceland Seafood International hf.,ICE,ic_market,EQUITY
VIS.IC,Vátryggingafélag Íslands hf.,Vátryggingafélag Íslands hf.,ICE,ic_market,EQUITY
ORIGO.IC,Origo hf.,Origo hf.,ICE,ic_market,EQUITY
SKEL.IC,Skeljungur hf.,Skeljungur hf.,ICE,ic_market,EQUITY
SYN.IC,Sýn hf.,Sýn hf.,ICE,ic_market,EQUITY
PLAY.IC,Fly Play hf.,Fly Play hf.,ICE,ic_market,EQUITY
KALD.IC,Kaldalón hf.,Kaldalón hf.,ICE,ic_market,EQUITY
KLAPP-B.IC,Klappir Grænar Lausnir hf. B,Klappir Grænar Lausnir hf.,ICE,ic_market,EQUITY
SOLID.IC,Solid Clouds hf.,Solid Clouds hf.,ICE,ic_market,EQUITY
SFS-B.IC,Sláturfélag Suðurlands svf.,Sláturfélags Suðurlands svf.,ICE,ic_market,EQUITY
