symbol,shortName,longName,exchange,market,quoteType
BREWN0000.CM,CEYLON BEVERAGES H,,CSE,lk_market,EQUITY
SHLN0000@C.CM,SOFTLOGIC HOLDINGS,,CSE,lk_market,EQUITY
SHAWN0000@U.CM,,,CSE,lk_market,EQUITY
GREGN0000@C.CM,,,CSE,lk_market,EQUITY
PLRN0000@C.CM,,,CSE,lk_market,EQUITY
SHAWN0000-U.CM,,,CSE,lk_market,EQUITY
MELN0000.CM,MACKWOODS ENERGY,,CSE,lk_market,EQUITY
CONNN0000.CM,HAYLEYS LEISURE PL,,CSE,lk_market,EQUITY
CINSX0000.CM,CEYLINCO INSURANCE,,CSE,lk_market,EQUITY
COOPN0000.CM,,,CSE,lk_market,EQUITY
JETSN0000.CM,JETWING SYMPHONY,,CSE,lk_market,EQUITY
AUTON0000.CM,AUTODROME,,CSE,lk_market,EQUITY
HSIGN0000.CM,HOTEL SIGIRIYA,,CSE,lk_market,EQUITY
RWSLN0000.CM,RAIGAM WAYAMBA SAL,,CSE,lk_market,EQUITY
CSFN0000.CM,NATION LANKA FIN,,CSE,lk_market,EQUITY
VLLX0000.CM,VIDULLANKA PLC,,CSE,lk_market,EQUITY
HAPUN0000.CM,HAPUGASTENNE PLANT,,CSE,lk_market,EQUITY
TSMLN0000.CM,TEA SMALLHOLDERS,,CSE,lk_market,EQUITY
CINSN0000.CM,CEYLINCO INSURANCE,,CSE,lk_market,EQUITY
LGLX0000.CM,LAUGFS GAS LTD,,CSE,lk_market,EQUITY
WINDN0000.CM,WINDFORCE PLC,,CSE,lk_market,EQUITY
HNBN0000.CM,HATTON NATIONAL BK,,CSE,lk_market,EQUITY
ACAPN0000.CM,ASIA CAPITAL PLC,,CSE,lk_market,EQUITY
AGSTX0000.CM,,,CSE,lk_market,EQUITY
EMLN0000.CM,EML CONSULTANTS PL,,CSE,lk_market,EQUITY
SFLP0000.CM,SINHAPUTHRA FIN,,CSE,lk_market,EQUITY
AINSN0000.CM,ARPICO INSURANCE P,,CSE,lk_market,EQUITY
HARIN0000.CM,HARISCHANDRA MILLS,,CSE,lk_market,EQUITY
MASKN0000.CM,MASKELIYA PLANT,,CSE,lk_market,EQUITY
GRANN0000.CM,CEYLON GRAIN ELEV,,CSE,lk_market,EQUITY
INDON0000.CM,INDO-MALAY ESTATES,,CSE,lk_market,EQUITY
BALAN0000.CM,BALANGODA PLANTATN,,CSE,lk_market,EQUITY
ECLN0000.CM,E-CHANNELLING,,CSE,lk_market,EQUITY
CICX0000.CM,CIC HOLDINGS PLC,,CSE,lk_market,EQUITY
CCSN0000.CM,CEYLON COLD STORES,,CSE,lk_market,EQUITY
BLUEN0000.CM,BLUE DIAMONDS JEWE,,CSE,lk_market,EQUITY
MELSN0000.CM,MELSTACORP PLC,,CSE,lk_market,EQUITY
SHOTX0000.CM,SERENDIB HOTELS,,CSE,lk_market,EQUITY
MSLN0000.CM,MERCANTILE SHIPPNG,,CSE,lk_market,EQUITY
BOGAN0000.CM,BOGALA GRAPHITE,,CSE,lk_market,EQUITY
HBSN0000.CM,,,CSE,lk_market,EQUITY
STAFN0000.CM,DOLPHIN HOTELS PLC,,CSE,lk_market,EQUITY
AMSLN0000.CM,ASIRI SURGICAL HOS,,CSE,lk_market,EQUITY
CTLDN0000.CM,CT LAND DEVMNT,,CSE,lk_market,EQUITY
CTHRN0000.CM,CT HOLDINGS PLC,,CSE,lk_market,EQUITY
TANGN0000.CM,TANGERINE BEACH,,CSE,lk_market,EQUITY
LVEFN0000@C.CM,,,CSE,lk_market,EQUITY
LGILN0000.CM,,,CSE,lk_market,EQUITY
IDLN0000.CM,SERENDIB ENGINEERI,,CSE,lk_market,EQUITY
SEMBX0000.CM,SMB LEASING PLC,,CSE,lk_market,EQUITY
HNBX0000.CM,HATTON NATIONAL BK,,CSE,lk_market,EQUITY
CICN0000@U.CM,,,CSE,lk_market,EQUITY
REGN0000.CM,REGNIS(LANKA),,CSE,lk_market,EQUITY
BOPLN0000.CM,BOGAWANTALAWA TEA,,CSE,lk_market,EQUITY
DIALN0000@U.CM,DIALOG AXIATA PLC,,CSE,lk_market,EQUITY
CDBX0000.CM,CITIZENS DEVELOPME,,CSE,lk_market,EQUITY
MULLN0000.CM,MULLER&PHIPPS CEYL,,CSE,lk_market,EQUITY
DIMON0000.CM,DIESEL & MOTOR ENG,,CSE,lk_market,EQUITY
RCLN0000.CM,ROYAL CERAMICS,,CSE,lk_market,EQUITY
HAYLN0000.CM,HAYLEYS PLC,,CSE,lk_market,EQUITY
LFINN0000.CM,LB FINANCE,,CSE,lk_market,EQUITY
KPHLN0000.CM,,,CSE,lk_market,EQUITY
SMOTN0000.CM,SATHOSA MOTORS,,CSE,lk_market,EQUITY
KAHAN0000.CM,KAHAWATTE PLANTATI,,CSE,lk_market,EQUITY
PMBN0000.CM,PEOPLES MERCHANT F,,CSE,lk_market,EQUITY
UDPLN0000.CM,UDAPUSSELLAWA PLAN,,CSE,lk_market,EQUITY
ALLIN0000.CM,ALLIANCE FINANCE,,CSE,lk_market,EQUITY
ASCON0000.CM,LANKA REALTY INVES,,CSE,lk_market,EQUITY
HAYCN0000.CM,HAYCARB,,CSE,lk_market,EQUITY
CHOTN0000.CM,CEYLON HOTELS CORP,,CSE,lk_market,EQUITY
KGALN0000.CM,KEGALLE PLANTATION,,CSE,lk_market,EQUITY
ALHPN0000.CM,ANILANA HOTELS AND,,CSE,lk_market,EQUITY
COMBX0000.CM,COMML BK OF CEYLON,,CSE,lk_market,EQUITY
MALX0000.CM,MALWATTE VALLEY PL,,CSE,lk_market,EQUITY
ABANN0000.CM,ABANS ELECTRICALS,,CSE,lk_market,EQUITY
BUKIN0000.CM,BUKIT DARAH(SLNGR),,CSE,lk_market,EQUITY
CICN0000.CM,CIC HOLDINGS PLC,,CSE,lk_market,EQUITY
COMBN0000.CM,COMML BK OF CEYLON,,CSE,lk_market,EQUITY
SHAWN0000.CM,LEE HEDGES PLC,,CSE,lk_market,EQUITY
BLIN0000.CM,BIMPUTH FINANCE PL,,CSE,lk_market,EQUITY
LPRTN0000.CM,LAKE HOUSE PRINTER,,CSE,lk_market,EQUITY
SFLN0000.CM,SINHAPUTHRA FIN,,CSE,lk_market,EQUITY
4510.CM,,,CSE,lk_market,EQUITY
NTBX0000.CM,NATIONS TRUST BANK,,CSE,lk_market,EQUITY
UALN0000.CM,UNION ASSURANCE,,CSE,lk_market,EQUITY
JINSN0000.CM,JANASHAKTHI INSURA,,CSE,lk_market,EQUITY
REEFN0000.CM,CITRUS LEISURE PLC,,CSE,lk_market,EQUITY
TAPN0000.CM,AMBEON CAPITAL PLC,,CSE,lk_market,EQUITY
ASIRN0000.CM,ASIRI HOSPITALS,,CSE,lk_market,EQUITY
TESSX0000.CM,TESS AGRO PLC,,CSE,lk_market,EQUITY
SINSN0000.CM,SINGER(SRI LANKA),,CSE,lk_market,EQUITY
GSFN0000.CM,PRIME FINANCE PLC,,CSE,lk_market,EQUITY
EMERN0000.CM,EASTERN MERCHANTS,,CSE,lk_market,EQUITY
DOCKN0000.CM,COLOMBO DOCKYARD,,CSE,lk_market,EQUITY
CITWN0000.CM,WASKADUWA BEACH,,CSE,lk_market,EQUITY
SEYBN0000.CM,SEYLAN BANK PLC,,CSE,lk_market,EQUITY
SHOTN0000.CM,SERENDIB HOTELS,,CSE,lk_market,EQUITY
PEGN0000.CM,PEGASUS HTLS(CEYLN,,CSE,lk_market,EQUITY
DIALN0000.CM,DIALOG AXIATA PLC,,CSE,lk_market,EQUITY
NDBN0000.CM,NATIONAL DEV BK,,CSE,lk_market,EQUITY
ASCON0000.CM,LANKA REALTY INVES,,CSE,lk_market,EQUITY
HAYCN0000.CM,HAYCARB,,CSE,lk_market,EQUITY
PEGN0000.CM,PEGASUS HTLS(CEYLN,,CSE,lk_market,EQUITY
DIALN0000.CM,DIALOG AXIATA PLC,,CSE,lk_market,EQUITY
LPLX0000.CM,LAUGFS POWER PLC,,CSE,lk_market,EQUITY
LIOCN0000.CM,LANKA IOC PLC,,CSE,lk_market,EQUITY
SDBN0000.CM,SANASA DEVELOPMENT,,CSE,lk_market,EQUITY
KZOON0000.CM,SHAW WALLACE INVES,,CSE,lk_market,EQUITY
RHLN0000@C.CM,RENUKA HOLDINGS,,CSE,lk_market,EQUITY
MRHN0000.CM,MAHAWELI REACH HTL,,CSE,lk_market,EQUITY
CITHN0000.CM,HIKKADUWA BEACH R,,CSE,lk_market,EQUITY
CTEAN0000.CM,DILMAH CEYLON TEA,,CSE,lk_market,EQUITY
VLLN0000.CM,VIDULLANKA PLC,,CSE,lk_market,EQUITY
TYREN0000.CM,KELANI TYRES LTD,,CSE,lk_market,EQUITY
UBCN0000.CM,UNION BK OF COLOMB,,CSE,lk_market,EQUITY
LHCLN0000.CM,LANKA HOSPITALS CO,,CSE,lk_market,EQUITY
COCRN0000.CM,COMMERCIAL CDT PLC,,CSE,lk_market,EQUITY
AELN0000.CM,ACCESS ENGINEERING,,CSE,lk_market,EQUITY
HPWRN0000.CM,RESUS ENERGY PLC,,CSE,lk_market,EQUITY
KVALN0000.CM,KELANI VALLEY PLAN,,CSE,lk_market,EQUITY
AHUNN0000.CM,AITKEN SPNC HTL HL,,CSE,lk_market,EQUITY
SCAPN0000.CM,SOFTLOGIC CAPITAL,,CSE,lk_market,EQUITY
NIFLN0000.CM,LOLC DEV FINANCE,,CSE,lk_market,EQUITY
EXPON0000.CM,EXPOLANKA HLDGS LT,,CSE,lk_market,EQUITY
SPENN0000.CM,AITKEN SPENCE PLC,,CSE,lk_market,EQUITY
SAMPN0000.CM,SAMPATH BANK,,CSE,lk_market,EQUITY
TPLN0000@U.CM,,,CSE,lk_market,EQUITY
ETWON0000.CM,EQUITY TWO,,CSE,lk_market,EQUITY
VFINN0000.CM,VALLIBEL FIN PLC,,CSE,lk_market,EQUITY
LOLCN0000@C.CM,LOLC HOLDINGS PLC,,CSE,lk_market,EQUITY
GHLLN0000.CM,GALADARI HOTELS,,CSE,lk_market,EQUITY
AFSLN0000.CM,ABANS FINANCE PLC,,CSE,lk_market,EQUITY
COMDN0000.CM,COMMERCIAL DEVELOP,,CSE,lk_market,EQUITY
RCHN0000.CM,RENUKA HOTELS PLC,,CSE,lk_market,EQUITY
KHLN0000.CM,JOHN KEELLS HOTELS,,CSE,lk_market,EQUITY
BLUEX0000.CM,BLUE DIAMONDS JEWE,,CSE,lk_market,EQUITY
AAFP0000.CM,ASIA ASSET FINANCE PLC,,CSE,lk_market,EQUITY
RALN0000.CM,RENUKA AGRI FOODS,,CSE,lk_market,EQUITY
LCBFN0000.CM,LANKA CREDIT BUSIN,,CSE,lk_market,EQUITY
LIONN0000.CM,LION BREWERY CEYLN,,CSE,lk_market,EQUITY
ASIYN0000.CM,ASIA SIYAKA COMMOD,,CSE,lk_market,EQUITY
MARAN0000.CM,MARAWILA RESORTS,,CSE,lk_market,EQUITY
ACMEN0000.CM,ACME PRINTING & PA,,CSE,lk_market,EQUITY
ALUMN0000.CM,ALUMEX PLC,,CSE,lk_market,EQUITY
HUNTN0000.CM,HUNTER & CO,,CSE,lk_market,EQUITY
RPBHN0000.CM,ROYAL PALMS BEACH,,CSE,lk_market,EQUITY
LVENN0000.CM,LANKA VENTURES,,CSE,lk_market,EQUITY
CFVFN0000.CM,FIRST CAP HLDG PLC,,CSE,lk_market,EQUITY
CINVN0000.CM,CEYLON INVESTMENT,,CSE,lk_market,EQUITY
BPPLN0000.CM,B P P L HOLDINGS,,CSE,lk_market,EQUITY
CAREN0000.CM,PRINTCARE(CEYLON),,CSE,lk_market,EQUITY
KOTAN0000.CM,KOTAGALA PLANTATNS,,CSE,lk_market,EQUITY
LAMBN0000.CM,KOTMALE HLDGS PLC,,CSE,lk_market,EQUITY
AAICN0000.CM,SOFTLOGIC LIFE INS,,CSE,lk_market,EQUITY
PALMN0000.CM,PALM GARDEN HOTELS,,CSE,lk_market,EQUITY
LWLN0000.CM,LANKA WALLTILES,,CSE,lk_market,EQUITY
GOODN0000.CM,GOOD HOPE CO,,CSE,lk_market,EQUITY
CDBN0000.CM,CITIZENS DEVELOPME,,CSE,lk_market,EQUITY
CALFN0000.CM,DIALOG FINANCE PLC,,CSE,lk_market,EQUITY
NAMUN0000.CM,NAMUNUKULA PLANTAT,,CSE,lk_market,EQUITY
SLNDN0000.CM,SERENDIB LAND,,CSE,lk_market,EQUITY
DISTN0000.CM,DISTILLERIES CO SL,,CSE,lk_market,EQUITY
WAPON0000.CM,GUARDIAN CAP PTNRS,,CSE,lk_market,EQUITY
PACKN0000.CM,EX-PACK CORRUGATED,,CSE,lk_market,EQUITY
EBCRN0000.CM,CREASY(EB)& CO,,CSE,lk_market,EQUITY
PHARN0000.CM,COLOMBO CITY HLDGS,,CSE,lk_market,EQUITY
KFPN0000.CM,KEELLS FOOD PROD,,CSE,lk_market,EQUITY
SIGVN0000.CM,SIGIRIYA VILLAGE,,CSE,lk_market,EQUITY
RILN0000.CM,R I L PROPERTY PLC,,CSE,lk_market,EQUITY
ALUFN0000.CM,UNISYST ENGINEERIN,,CSE,lk_market,EQUITY
EDENN0000.CM,EDEN HOTEL LANKA,,CSE,lk_market,EQUITY
AAFN0000.CM,ASIA ASSET FINANCE,,CSE,lk_market,EQUITY
WINDN0000@C.CM,WINDFORCE PLC,,CSE,lk_market,EQUITY
GESTN0000.CM,GESTETNER(CEYLON),,CSE,lk_market,EQUITY
ABLN0000@U.CM,,,CSE,lk_market,EQUITY
BRWNN0000@C.CM,BROWN & CO,,CSE,lk_market,EQUITY
SAMPN0000@C.CM,SAMPATH BANK,,CSE,lk_market,EQUITY
RHTLN0000.CM,FORTRESS RESORTS,,CSE,lk_market,EQUITY
KDLN0000.CM,KELSEY DEVELOPMENT,,CSE,lk_market,EQUITY
LVEFN0000.CM,LVL ENERGY FD PLC,,CSE,lk_market,EQUITY
CWLN0000.CM,CHRISSWORLD PLC,,CSE,lk_market,EQUITY
HNBFN0000.CM,HNB FINANCE PLC,,CSE,lk_market,EQUITY
LITEN0000.CM,LAXAPANA BATTERIES,,CSE,lk_market,EQUITY
ODELN0000.CM,ODEL PLC,,CSE,lk_market,EQUITY
DPLN0000.CM,DANKOTUWA PORCELAI,,CSE,lk_market,EQUITY
NHLN0000.CM,NAWALOKA HOSPITALS,,CSE,lk_market,EQUITY
BFLN0000.CM,BAIRAHA FARMS,,CSE,lk_market,EQUITY
HNBFX0000.CM,HNB FINANCE PLC,,CSE,lk_market,EQUITY
CLCN0000.CM,COMM LEASING & FIN,,CSE,lk_market,EQUITY
JKLN0000.CM,JOHN KEELLS PLC,,CSE,lk_market,EQUITY
AGSTN0000.CM,AGSTAR PCL,,CSE,lk_market,EQUITY
SLTLN0000.CM,SRI LANKA TELECOM,,CSE,lk_market,EQUITY
HHLN0000.CM,HEMAS HOLDING,,CSE,lk_market,EQUITY
KCABN0000.CM,KELANI CABLES,,CSE,lk_market,EQUITY
MCPLN0000.CM,MAHAWELI COCONUT,,CSE,lk_market,EQUITY
ASIYN0000@C.CM,,,CSE,lk_market,EQUITY
CFIN0000.CM,COLOMBO FORT INVMN,,CSE,lk_market,EQUITY
KHCN0000.CM,KANDY HOTELS,,CSE,lk_market,EQUITY
CWMN0000.CM,C.W.MACKIE & COMPA,,CSE,lk_market,EQUITY
ABLN0000.CM,AMANA BANK PLC,,CSE,lk_market,EQUITY
SILN0000.CM,SAMSON INTERNATION,,CSE,lk_market,EQUITY
KHCN0000.CM,KANDY HOTELS,,CSE,lk_market,EQUITY
CFINN0000.CM,CENTRAL FINANCE,,CSE,lk_market,EQUITY
LGLN0000.CM,LAUGFS GAS LTD,,CSE,lk_market,EQUITY
PARQN0000.CM,SWISSTEK (CEYLON),,CSE,lk_market,EQUITY
CARSN0000.CM,CARSON CUMBERBATCH,,CSE,lk_market,EQUITY
GUARN0000.CM,CEYLON GUARDIAN,,CSE,lk_market,EQUITY
CRLN0000.CM,SOFTLOGIC FINANCE,,CSE,lk_market,EQUITY
FCTN0000.CM,,,CSE,lk_market,EQUITY
BRRN0000.CM,BANSEI ROYAL RES,,CSE,lk_market,EQUITY
JATN0000.CM,JAT HOLDINGS PLC,,CSE,lk_market,EQUITY
NEHN0000.CM,NUWARA ELIYA HOTEL,,CSE,lk_market,EQUITY
ONALN0000.CM,ONALLY HLDGS,,CSE,lk_market,EQUITY
SEYBX0000.CM,SEYLAN BANK PLC,,CSE,lk_market,EQUITY
NESTN0000.CM,NESTLE LANKA,,CSE,lk_market,EQUITY
CSDN0000.CM,SEYLAN DEVS PLC,,CSE,lk_market,EQUITY
TILEN0000.CM,LANKA TILES PLC,,CSE,lk_market,EQUITY
HUNAN0000.CM,HUNAS FALLS HOTELS,,CSE,lk_market,EQUITY
LPLN0000.CM,LAUGFS POWER PLC,,CSE,lk_market,EQUITY
PDLN0000.CM,PROPERTY DEVMNT,,CSE,lk_market,EQUITY
SHALN0000.CM,SHALIMAR(MALAY)EST,,CSE,lk_market,EQUITY
SFINN0000.CM,SINGER FINANCE(LAN,,CSE,lk_market,EQUITY
MFLN0000.CM,MULTI FINANCE LTD,,CSE,lk_market,EQUITY
CLNDN0000.CM,COLOMBO LAND & DEV,,CSE,lk_market,EQUITY
PLCN0000.CM,PEOPLE'S LEASING&F,,CSE,lk_market,EQUITY
ABLN0000.CM,AMANA BANK PLC,,CSE,lk_market,EQUITY
PAPN0000.CM,PANASIAN POWER LTD,,CSE,lk_market,EQUITY
TPLN0000.CM,TALAWAKELLE TEA ES,,CSE,lk_market,EQUITY
SINHN0000.CM,SINGHE HOSPITALS,,CSE,lk_market,EQUITY
CALTN0000.CM,,,CSE,lk_market,EQUITY
DFCCN0000.CM,DFCC BANK PLC,,CSE,lk_market,EQUITY
CFLBN0000.CM,COLOMBO FORT LAND,,CSE,lk_market,EQUITY
LALUN0000.CM,LANKA ALUM INDS,,CSE,lk_market,EQUITY
TAJN0000.CM,TAL LANKA HOTELS P,,CSE,lk_market,EQUITY
TKYON0000.CM,TOKYO CEMENT(LANKA,,CSE,lk_market,EQUITY
RENUN0000.CM,RENUKA CITY HOTELS,,CSE,lk_market,EQUITY
YORKN0000.CM,YORK ARCADE HLDGS,,CSE,lk_market,EQUITY
MBSLN0000.CM,MERCHANT BK OF SRI,,CSE,lk_market,EQUITY
UMLN0000.CM,UTD MOTORS,,CSE,lk_market,EQUITY
ASHON0000.CM,LANKA ASHOK LEYLND,,CSE,lk_market,EQUITY
MDLN0000.CM,,,CSE,lk_market,EQUITY
SERVN0000.CM,THE KINGSBURY PLC,,CSE,lk_market,EQUITY
ATLLN0000.CM,AMANA TAKAFUL LIFE,,CSE,lk_market,EQUITY
ASIYN0000@C.CM,,,CSE,lk_market,EQUITY
RGEMN0000.CM,RADIANT GEMS INTL,,CSE,lk_market,EQUITY
HVAN0000.CM,HVA FOODS PLC,,CSE,lk_market,EQUITY
VPELN0000.CM,VALLIBEL POWER ERA,,CSE,lk_market,EQUITY
HASUN0000.CM,HNB ASSURANCE,,CSE,lk_market,EQUITY
COCOX0000.CM,RENUKA FOODS PLC,,CSE,lk_market,EQUITY
CTBLN0000.CM,CEYLON TEA BROKERS,,CSE,lk_market,EQUITY
CHLX0000.CM,CEYLON HOSPITALS,,CSE,lk_market,EQUITY
HPFLN0000.CM,LOTUS HYDRO POWER,,CSE,lk_market,EQUITY
NDBN0000@C.CM,NATIONAL DEV BK,,CSE,lk_market,EQUITY
LDEVN0000.CM,LANKEM DEVELOPMENT,,CSE,lk_market,EQUITY
MGTN0000.CM,HAYLEYS FABRIC PLC,,CSE,lk_market,EQUITY
LMFN0000.CM,LANKA MILK FOOD,,CSE,lk_market,EQUITY
COLON0000.CM,CM HOLDINGS PLC,,CSE,lk_market,EQUITY
NTBN0000.CM,NATIONS TRUST BANK,,CSE,lk_market,EQUITY
ACLN0000.CM,ACL CABLES,,CSE,lk_market,EQUITY
DIPDN0000.CM,DIPPED PRODUCTS,,CSE,lk_market,EQUITY
LOFCN0000.CM,LOLC FINANCE PLC,,CSE,lk_market,EQUITY
LLUBN0000.CM,CHEVRON LUBRICANTS,,CSE,lk_market,EQUITY
CHMXN0000.CM,CHEMANEX PLC,,CSE,lk_market,EQUITY
LOLCN0000.CM,LOLC HOLDINGS PLC,,CSE,lk_market,EQUITY
SHLN0000.CM,SOFTLOGIC HOLDINGS,,CSE,lk_market,EQUITY
CARGN0000.CM,CARGILLS(CEYLON),,CSE,lk_market,EQUITY
RFLN0000.CM,RAMBODA FALLS LTD,,CSE,lk_market,EQUITY
WATAN0000.CM,WATAWALA PLANTATNS,,CSE,lk_market,EQUITY
RICHN0000@U.CM,,,CSE,lk_market,EQUITY
SELIN0000.CM,SELINSING PLC,,CSE,lk_market,EQUITY
SCAPN0000@C.CM,,,CSE,lk_market,EQUITY
LOFCN0000@C.CM,,,CSE,lk_market,EQUITY
TRANN0000.CM,TRANS ASIA HOTEL,,CSE,lk_market,EQUITY
MADUN0000.CM,MADULSIMA PLANTATN,,CSE,lk_market,EQUITY
HOPLN0000.CM,HORANA PLANTATIONS,,CSE,lk_market,EQUITY
CITN0000.CM,COLOMBO INVESTMENT,,CSE,lk_market,EQUITY
AGALN0000.CM,AGALAWATTE PLANTAT,,CSE,lk_market,EQUITY
PLRN0000.CM,PRIME LANDS RESIDE,,CSE,lk_market,EQUITY
AHPLN0000.CM,ASIAN HOTELS AND P,,CSE,lk_market,EQUITY
ATLN0000.CM,AMANA TAKAFUL LTD,,CSE,lk_market,EQUITY
SDFN0000.CM,,,CSE,lk_market,EQUITY
APLAN0000.CM,ACL PLASTICS,,CSE,lk_market,EQUITY
HDFCN0000.CM,HDFC BK SRI LANKA,,CSE,lk_market,EQUITY
CHLN0000.CM,CEYLON HOSPITALS,,CSE,lk_market,EQUITY
CINDN0000.CM,CENTRAL INDUSTRIES,,CSE,lk_market,EQUITY
RICHN0000.CM,RICHARD PIERIS&CO,,CSE,lk_market,EQUITY
GREGN0000.CM,AMBEON HOLDINGS PL,,CSE,lk_market,EQUITY
TESSN0000.CM,TESS AGRO PLC,,CSE,lk_market,EQUITY
SININ0000.CM,SINGER INDUSTRIES,,CSE,lk_market,EQUITY
SOYN0000.CM,CONVENIENCE FOODS,,CSE,lk_market,EQUITY
ASPHN0000.CM,INDL ASPHALTS,,CSE,lk_market,EQUITY
UCARN0000.CM,UNION CHEMICALS,,CSE,lk_market,EQUITY
BBHN0000.CM,BROWNS BEACH HOTEL,,CSE,lk_market,EQUITY
BFNN0000.CM,ORIENT FINANCE PLC,,CSE,lk_market,EQUITY
COCON0000.CM,RENUKA FOODS PLC,,CSE,lk_market,EQUITY
PINSN0000.CM,PEOPLE'S INSURANC,,CSE,lk_market,EQUITY
CABON0000.CM,CARGO BOAT DEVMNT,,CSE,lk_market,EQUITY
CERAN0000.CM,LANKA CERAMIC,,CSE,lk_market,EQUITY
PABCN0000.CM,PAN ASIA BKG CORP,,CSE,lk_market,EQUITY
LCEYN0000.CM,LANKEM CEYLON,,CSE,lk_market,EQUITY
CERAN0000.CM,LANKA CERAMIC,,CSE,lk_market,EQUITY
PABCN0000.CM,PAN ASIA BKG CORP,,CSE,lk_market,EQUITY
GREGN0000.CM,AMBEON HOLDINGS PL,,CSE,lk_market,EQUITY
TESSN0000.CM,TESS AGRO PLC,,CSE,lk_market,EQUITY
SININ0000.CM,SINGER INDUSTRIES,,CSE,lk_market,EQUITY
SFCLN0000.CM,SENKADAGALA FINANC,,CSE,lk_market,EQUITY
EASTN0000.CM,EAST WEST PROP,,CSE,lk_market,EQUITY
TAFLN0000.CM,THREE ACRE FARMS,,CSE,lk_market,EQUITY
LHLN0000.CM,LIGHTHOUSE HOTEL,,CSE,lk_market,EQUITY
JKHN0000@C.CM,JOHN KEELLS HLDGS,,CSE,lk_market,EQUITY
RHLX0000.CM,RENUKA HOLDINGS,,CSE,lk_market,EQUITY
MALN0000.CM,MALWATTE VALLEY PL,,CSE,lk_market,EQUITY
HPLN0000.CM,HATTON PLANTATIONS,,CSE,lk_market,EQUITY
TKYOX0000.CM,TOKYO CEMENT(LANKA,,CSE,lk_market,EQUITY
TJLN0000@C.CM,,,CSE,lk_market,EQUITY
RHLN0000.CM,RENUKA HOLDINGS,,CSE,lk_market,EQUITY
BRWNN0000.CM,BROWN & CO,,CSE,lk_market,EQUITY
TJLN0000.CM,TEEJAY LANKA PLC,,CSE,lk_market,EQUITY
REXPN0000.CM,RICHARD PIERIS EXP,,CSE,lk_market,EQUITY
ELPLN0000.CM,ELPITIYA PLANTATN,,CSE,lk_market,EQUITY
BILN0000.CM,BROWNS INVESTMENTS,,CSE,lk_market,EQUITY
VONEN0000.CM,VALLIBEL ONE LTD,,CSE,lk_market,EQUITY
CTCN0000.CM,CEYLON TOBACCO CO,,CSE,lk_market,EQUITY
SEMBN0000.CM,SMB LEASING PLC,,CSE,lk_market,EQUITY
JKHN0000.CM,JOHN KEELLS HLDGS,,CSE,lk_market,EQUITY
