symbol,shortName,longName,exchange,market,quoteType
EDPR.LS,EDP RENOVAVEIS,"EDP Renováveis, S.A.",LIS,pt_market,EQUITY
EDP.LS,EDP,"EDP - Energias de Portugal, S.A.",LIS,pt_market,EQUITY
JMT.LS,"J.MARTINS,SGPS","Jerónimo Martins, SGPS, S.A.",LIS,pt_market,EQUITY
GALP.LS,GALP ENERGIA-NOM,"Galp Energia, SGPS, S.A.",LIS,pt_market,EQUITY
MRL.LS,MERLIN PROPERTIES,"MERLIN Properties SOCIMI, S.A.",LIS,pt_market,EQUITY
BTRVB.LS,TRANQ.VIDA FRNPL,"GamaLife - Companhia de Seguros de Vida, S.A.",LIS,pt_market,EQUITY
BCP.LS,B.C.P.-BCO COMERCIAL PORTUGUES,"Banco Comercial Português, S.A.",LIS,pt_market,EQUITY
NVG.LS,THE NAVIGATOR COMP,"The Navigator Company, S.A.",LIS,pt_market,EQUITY
SON.LS,SONAE,"Sonae, SGPS, S.A.",LIS,pt_market,EQUITY
NOS.LS,"NOS, SGPS, SA","NOS, S.G.P.S., S.A.",LIS,pt_market,EQUITY
RENE.LS,REN,"REN - Redes Energéticas Nacionais, SGPS, S.A.",LIS,pt_market,EQUITY
COR.LS,Corticeira Amorim-SGPS,"Corticeira Amorim, S.G.P.S., S.A.",LIS,pt_market,EQUITY
ALTR.LS,ALTRI SGPS,"Altri, SGPS, S.A.",LIS,pt_market,EQUITY
SEM.LS,SEMAPA,"Semapa - Sociedade de Investimento e Gestão, SGPS, S.A.",LIS,pt_market,EQUITY
GVOLT.LS,GREENVOLT  ENERGIAS RENOVAVEIS ,"Greenvolt - Energias Renováveis, S.A.",LIS,pt_market,EQUITY
CTT.LS,"CTT-CORREIOS DE PORTUGAL, SA","CTT - Correios De Portugal, S.A.",LIS,pt_market,EQUITY
SNC.LS,"SONAECOM,SGPS","Sonaecom, S.G.P.S., S.A.",LIS,pt_market,EQUITY
EGL.LS,MOTA ENGIL,"Mota-Engil, SGPS, S.A.",LIS,pt_market,EQUITY
RAM.LS,RAMADA INVESTIMENTOS E INDUSTRI,"Ramada Investimentos e Industria, S.A.",LIS,pt_market,EQUITY
VAF.LS,VAA VISTA ALEGRE,"Vista Alegre Atlantis, SGPS, S.A.",LIS,pt_market,EQUITY
IBS.LS,Ibersol-SGPS,"Ibersol, S.G.P.S., S.A.",LIS,pt_market,EQUITY
NBA.LS,"Novabase, SGPS - Nom.","Novabase S.G.P.S., S.A.",LIS,pt_market,EQUITY
SCT.LS,Toyota Caetano,"Toyota Caetano Portugal, S.A.",LIS,pt_market,EQUITY
MCP.LS,"Grupo Media Capital,SGPS","Grupo Media Capital, SGPS, S.A.",LIS,pt_market,EQUITY
SLBEN.LS,Benfica SAD,"Sport Lisboa e Benfica - Futebol, SAD",LIS,pt_market,EQUITY
MAR.LS,"Martifer, SGPS, SA","Martifer SGPS, S.A.",LIS,pt_market,EQUITY
ESON.LS,Estoril-Sol SGPS-Nominativas,"Estoril Sol, SGPS, S.A.",LIS,pt_market,EQUITY
PHR.LS,"PHarol, SGPS, SA","Pharol, SGPS S.A.",LIS,pt_market,EQUITY
SCP.LS,Sporting Clube de Portugal,"Sporting Clube de Portugal - Futebol, SAD",LIS,pt_market,EQUITY
CDU.LS,Conduril-Engenharia,"Conduril - Engenharia, S.A.",LIS,pt_market,EQUITY
IPR.LS,"Impresa, SGPS - Nom.","Impresa - Sociedade Gestora de Participações Sociais, S.A.",LIS,pt_market,EQUITY
TDSA.LS,"Teixeira Duarte, SA","Teixeira Duarte, S.A.",LIS,pt_market,EQUITY
MLFMV.LS,FARMINVESTE,"Farminveste, S.G.P.S., S.A.",LIS,pt_market,EQUITY
CFN.LS,Cofina-SGPS,"Cofina, SGPS, S.A.",LIS,pt_market,EQUITY
GLINT.LS,GLINTT,"Glintt - Global Intelligent Technologies, S.A.",LIS,pt_market,EQUITY
FCP.LS,FUT.CLUBE PORTO,"Futebol Clube do Porto - Futebol, S.A.D.",LIS,pt_market,EQUITY
INA.LS,Inapa-Inv.Part.Gestão,"Inapa - Investimentos, Participações e Gestão, S.A.",LIS,pt_market,EQUITY
SCB.LS,Sporting Clube de Braga,"Sporting Clube de Braga - Futebol, SAD",LIS,pt_market,EQUITY
MLRZE.LS,RAIZE-INSTITUICAO DE PAGAMENTOS,"Raize - Instituição de Pagamentos, S.A.",LIS,pt_market,EQUITY
LIG.LS,Lisgráfica-Imp.A.Gráficas,"Lisgráfica - Impressão e Artes Gráficas, S.A.",LIS,pt_market,EQUITY
RED.LS,Reditus-SGPS,"Reditus, Sociedade Gestora de Participações Sociais, S.A.",LIS,pt_market,EQUITY
OTRVE.LS,OTRV FRN 2AUG22,"AgÊncia De GestÃo Da Tesouraria E Da DÍvida PÚblica - Igcp, E.P.E. FRN 02/08/22 EUR1000",LIS,pt_market,EQUITY
BCNSA.LS,"ESTADO 2,75%PL",,LIS,pt_market,EQUITY
BFCPS.LS,"FCP 4,75% 26NOV23",,LIS,pt_market,EQUITY
OTEO.LS,"OT4,95%25OCT23",Portugal 4.95% SNR BDS 25/10/2023 EUR0.01 'REGS',LIS,pt_market,EQUITY
BSLBB.LS,SLB 4% 17JUL23,,LIS,pt_market,EQUITY
BOTEW.LS,OT 2.2% 17OCT22,,LIS,pt_market,EQUITY
OTEW.LS,"OT 2,25% 18APR34","AgÊncia De GestÃo Da Tesouraria E Da DÍvida PÚblica - Igcp, E.P.E. 2.25% SNR BDS 18/04/2034 EUR0.01 'REGS'",LIS,pt_market,EQUITY
BSLBA.LS,"SLB 3,75% 20MAY22",,LIS,pt_market,EQUITY
BMENW.LS,"MOTA 4,5% 28NOV22",,LIS,pt_market,EQUITY
BSCPI.LS,SCP5.25%25NOV2024,,LIS,pt_market,EQUITY
BCNSC.LS,"ESTADO 3,5%PL",,LIS,pt_market,EQUITY
BOTES.LS,OT5.65% 15FEB24,Portugal 5.65% SNR BDS 15/02/2024 EUR0.01 'REGS',LIS,pt_market,EQUITY
BSINA.LS,"SIC 4,5% 11JUL22",,LIS,pt_market,EQUITY
OTRVD.LS,OTRV FRN 12APR22,"AgÊncia De GestÃo Da Tesouraria E Da DÍvida PÚblica - Igcp, E.P.E. FRN 10/2022 EUR1000",LIS,pt_market,EQUITY
BMENY.LS,MOTA4.25%2DEC2026,,LIS,pt_market,EQUITY
OTRVG.LS,OTRV FRN 23JUL25,,LIS,pt_market,EQUITY
BTAPB.LS,"TAP 4,375% 23JUN23",,LIS,pt_market,EQUITY
BSINB.LS,SIC3.95%11JUN2025,,LIS,pt_market,EQUITY
OTEY.LS,OT 1% 12APR52,,LIS,pt_market,EQUITY
OTRVF.LS,OTRV 1.1% 5DEC22,"AgÊncia De GestÃo Da Tesouraria E Da DÍvida PÚblica - Igcp, E.P.E. FRN SNR 12/2022 EUR1000 'REGS'",LIS,pt_market,EQUITY
BMENX.LS,"MOTA 4,375%30OCT24",,LIS,pt_market,EQUITY
