symbol,shortName,longName,exchange,market,quoteType
GAZP.ME,GAZPROM PJSC,Public Joint Stock Company Gazprom,MCX,ru_market,EQUITY
SBER.ME,SBERBANK OF RUSSIA,Sberbank of Russia,MCX,ru_market,EQUITY
SBERP.ME,SBERBANK OF RUSSIA,Sberbank of Russia,MCX,ru_market,EQUITY
ROSN.ME,ROSNEFT OIL CO,Public Joint Stock Company Rosneft Oil Company,MCX,ru_market,EQUITY
NVTK.ME,NOVATEK PJSC,PAO NOVATEK,MCX,ru_market,EQUITY
LKOH.ME,OIL CO LUKOIL PJSC,PJSC LUKOIL,MCX,ru_market,EQUITY
OMZZP.ME,UNITED HEAVY MACH,Open Joint Stock Company OMZ,MCX,ru_market,EQUITY
GMKN.ME,MMC NORILSK NICKEL,Public Joint Stock Company Mining and Metallurgical Company Norilsk Nickel,MCX,ru_market,EQUITY
SIBN.ME,GAZPROM NEFT PJSC,Public Joint Stock Company Gazprom Neft,MCX,ru_market,EQUITY
PLZL.ME,POLYUS PJSC,Public Joint Stock Company Polyus,MCX,ru_market,EQUITY
SNGSP.ME,SURGUTNEFTEGAS PJS,Surgutneftegas Public Joint Stock Company,MCX,ru_market,EQUITY
TCSG.ME,TCS GROUP HOLDING,TCS Group Holding PLC,MCX,ru_market,EQUITY
YNDX.ME,YANDEX N.V.,Yandex N.V.,MCX,ru_market,EQUITY
SNGS.ME,SURGUTNEFTEGAS PJS,Surgutneftegas Public Joint Stock Company,MCX,ru_market,EQUITY
CHMF.ME,SEVERSTAL PJSC,Public Joint Stock Company Severstal,MCX,ru_market,EQUITY
NLMK.ME,NOVOLIPETSK STEEL,"Public Joint Stock Company ""Novolipetsk Steel""",MCX,ru_market,EQUITY
TRNFP.ME,TRANSNEFT PJSC,Public Joint Stock Company Transneft,MCX,ru_market,EQUITY
RUAL.ME,UNITED COMPANY RU,"United Company RUSAL, International Public Joint-Stock Company",MCX,ru_market,EQUITY
TATN.ME,TATNEFT PJSC,PJSC Tatneft,MCX,ru_market,EQUITY
TATNP.ME,TATNEFT PJSC,PJSC Tatneft,MCX,ru_market,EQUITY
ALRS.ME,ALROSA PJSC,Public Joint Stock Company ALROSA,MCX,ru_market,EQUITY
MAGN.ME,MAGNITOGORSK IRON&,Public Joint Stock Company Magnitogorsk Iron & Steel Works,MCX,ru_market,EQUITY
PHOR.ME,PHOSAGRO PJSC,Public Joint-Stock Company PhosAgro,MCX,ru_market,EQUITY
PIKK.ME,PIK SHB PJSC,Public Joint Stock Company PIK-specialized homebuilder,MCX,ru_market,EQUITY
VTBR.ME,VTB BANK PJSC,VTB Bank (public joint-stock company),MCX,ru_market,EQUITY
POLY.ME,POLYMETAL INTL PLC,Polymetal International plc,MCX,ru_market,EQUITY
MGNT.ME,MAGNIT PJSC,Public Joint Stock Company Magnit,MCX,ru_market,EQUITY
ENPG.ME,EN+ GROUP INT.PJSC,En+ Group International public joint-stock company,MCX,ru_market,EQUITY
FIVE.ME,X5 RETAIL GROUP NV,X5 Retail Group N.V.,MCX,ru_market,EQUITY
VSMO.ME,VSMPO-AVISMA CORPO,public stock company VSMPO-AVISMA Corporation,MCX,ru_market,EQUITY
MTSS.ME,MOBILE TELESYSTEMS,Mobile TeleSystems Public Joint Stock Company,MCX,ru_market,EQUITY
AKRN.ME,ACRON PJSC,Public Joint Stock Company Acron,MCX,ru_market,EQUITY
MOEX.ME,MOSCOW EXCHANGE,Public Joint-Stock Company Moscow Exchange MICEX-RTS,MCX,ru_market,EQUITY
HYDR.ME,RUSHYDRO PJSC,Public Joint-Stock Company Federal Hydro-Generating Company - RusHydro,MCX,ru_market,EQUITY
RASP.ME,RASPADSKAYA PJSC,Public Joint Stock Company Raspadskaya,MCX,ru_market,EQUITY
UNAC.ME,UNITED AIRCRAFT CO,Public Joint Stock Company United Aircraft Corporation,MCX,ru_market,EQUITY
IRAO.ME,INTER RAO UES PJSC,Public Joint Stock Company Inter RAO UES,MCX,ru_market,EQUITY
RSTIP.ME,ROSSETI PJSC,"Rosseti, Public Joint Stock Company",MCX,ru_market,EQUITY
RTKM.ME,ROSTELECOM PJSC,Public Joint Stock Company Rostelecom,MCX,ru_market,EQUITY
RTKMP.ME,ROSTELECOM PJSC,Public Joint Stock Company Rostelecom,MCX,ru_market,EQUITY
RSTI.ME,ROSSETI PJSC,"Rosseti, Public Joint Stock Company",MCX,ru_market,EQUITY
AFKS.ME,SISTEMA PJSFC,Sistema Public Joint Stock Financial Corporation,MCX,ru_market,EQUITY
BANEP.ME,BASHNEFT PJSC,Public Joint Stock Oil Company Bashneft,MCX,ru_market,EQUITY
BANE.ME,BASHNEFT PJSC,Public Joint Stock Oil Company Bashneft,MCX,ru_market,EQUITY
FEES.ME,FSK EES PJSC,Public Joint-Stock Company Federal Grid Company of Unified Energy System,MCX,ru_market,EQUITY
CBOM.ME,CREDBK OF MOSCOW,Credit Bank of Moscow (public joint-stock company),MCX,ru_market,EQUITY
NKNCP.ME,NIZHNEKAMSKNEFTEK,Public Joint Stock Company Nizhnekamskneftekhim,MCX,ru_market,EQUITY
NKNC.ME,NIZHNEKAMSKNEFTEK,Public Joint Stock Company Nizhnekamskneftekhim,MCX,ru_market,EQUITY
FLOT.ME,PAO SOVCOMFLOT,PAO Sovcomflot,MCX,ru_market,EQUITY
MGTSP.ME,MOSCOW CITY TELEPH,Public Joint Stock Company Moscow City Telephone Network,MCX,ru_market,EQUITY
MGTS.ME,MOSCOW CITY TELEPH,Public Joint Stock Company Moscow City Telephone Network,MCX,ru_market,EQUITY
KZOSP.ME,ORGANICHESKY SINTE,Kazan Public Joint Stock Company Organichesky sintez,MCX,ru_market,EQUITY
KZOS.ME,ORGANICHESKY SINTE,Kazan Public Joint Stock Company Organichesky sintez,MCX,ru_market,EQUITY
UPRO.ME,UNIPRO PJSC,Public Joint-Stock Company Unipro,MCX,ru_market,EQUITY
AGRO.ME,ROS AGRO PLC,Ros Agro PLC,MCX,ru_market,EQUITY
AFLT.ME,AEROFLOT PJSC,Public Joint Stock Company Aeroflot - Russian Airlines,MCX,ru_market,EQUITY
NMTP.ME,NOVOROSSIYSK COMME,Public Joint Stock Company Novorossiysk Commercial Sea Port,MCX,ru_market,EQUITY
GCHE.ME,CHERKIZOVO GROUP,"Public Joint Stock Company ""Cherkizovo Group""",MCX,ru_market,EQUITY
ROSB.ME,ROSBANK PJSC,Public joint stock company ROSBANK,MCX,ru_market,EQUITY
APTK.ME,PHARMACY CHAIN 36.,Public Joint-Stock Company Pharmacy Chain 36.6,MCX,ru_market,EQUITY
YAKG.ME,YAKUTSK FUEL & ENE,Public Joint Stock Company Yakutsk Fuel and Energy Company,MCX,ru_market,EQUITY
LNTA.ME,LENTA IPJSC,Lenta International public joint-stock company,MCX,ru_market,EQUITY
RGSS.ME,ROSGOSSTRAKH INS,Rosgosstrakh Insurance Company (Public Joint Stock Company),MCX,ru_market,EQUITY
MTLR.ME,MECHEL PJSC,Mechel PAO,MCX,ru_market,EQUITY
MTLRP.ME,MECHEL PJSC,Mechel PAO,MCX,ru_market,EQUITY
DSKY.ME,DETSKY MIR PUBLIC,Public Joint Stock Company Detsky Mir,MCX,ru_market,EQUITY
LSNG.ME,ROSSETI LENENERGO,Public Joint stock company Rosseti Lenenergo,MCX,ru_market,EQUITY
LSNGP.ME,ROSSETI LENENERGO,Public Joint stock company Rosseti Lenenergo,MCX,ru_market,EQUITY
FESH.ME,FAR-EASTERN SHIPPI,Far-Eastern Shipping Company PLC.,MCX,ru_market,EQUITY
MSNG.ME,MOSENERGO PJSC,Public Joint Stock Company Mosenergo,MCX,ru_market,EQUITY
TRMK.ME,TMK PAO,PAO TMK,MCX,ru_market,EQUITY
AVAN.ME,AVANGARD JSB,AVANGARD Joint Stock BANK,MCX,ru_market,EQUITY
MVID.ME,M VIDEO PJSC,Public Joint Stock Company M.video,MCX,ru_market,EQUITY
IRGZ.ME,IRKUTSKENERGO PJSC,Irkutsk Public Joint Stock Company of Energetics and Electrification,MCX,ru_market,EQUITY
KMAZ.ME,KAMAZ PTC,KAMAZ Publicly Traded Company,MCX,ru_market,EQUITY
INGR.ME,INGRAD PJSC,"Public Joint Stock Company ""INGRAD""",MCX,ru_market,EQUITY
OGKB.ME,OGK-2 PJSC,"Public Joint-Stock Company ""Second Generating Company of the Electric Power Wholesale Market""",MCX,ru_market,EQUITY
KAZT.ME,KUIBYSHEVAZOT PJSC,Public Joint Stock Company KuibyshevAzot,MCX,ru_market,EQUITY
KAZTP.ME,KUIBYSHEVAZOT PJSC,Public Joint Stock Company KuibyshevAzot,MCX,ru_market,EQUITY
IRKT.ME,IRKUT CORPORATION,Irkut Corporation,MCX,ru_market,EQUITY
MSRS.ME,ROSSETI MOSCOW REG,"Public Joint-Stock Company ""Rosseti Moscow Region""",MCX,ru_market,EQUITY
LSRG.ME,LSR GROUP PJSC,PJSC LSR Group,MCX,ru_market,EQUITY
AQUA.ME,RUSSIAN AQUACULTUR,PJSC Russian Aquaculture,MCX,ru_market,EQUITY
MFGSP.ME,SLAVNEFT-MEGIONNEF,Joint-stock company Slavneft-Megionneftegas,MCX,ru_market,EQUITY
RNFT.ME,RUSSNEFT PJSC,Public Joint Stock Company RussNeft,MCX,ru_market,EQUITY
UKUZ.ME,SOUTHERN KUZBASS C,Southern Kuzbass Coal company Public joint-stock company,MCX,ru_market,EQUITY
SELG.ME,SELIGDAR PJSC,Public joint-stock company Seligdar,MCX,ru_market,EQUITY
BELU.ME,BELUGA GROUP,Beluga Group Public Joint-Stock Company,MCX,ru_market,EQUITY
BSPB.ME,BANK ST PETERSBURG,"""Bank ""Saint-Petersburg"" Public Joint-Stock Company",MCX,ru_market,EQUITY
QIWI.ME,QIWI PLC,QIWI plc,MCX,ru_market,EQUITY
TGKA.ME,TGC-1 PJSC,Public Joint Stock Company Territorial Generating Company No. 1,MCX,ru_market,EQUITY
ETLN.ME,ETALON GROUP PLC,Etalon Group PLC,MCX,ru_market,EQUITY
USBN.ME,BANK URALSIB PJSC,Public joint stock company BANK URALSIB,MCX,ru_market,EQUITY
VJGZ.ME,NNK-VARYOGANNEFTEG,Public Joint Stock Company Varyoganneftegaz,MCX,ru_market,EQUITY
MRKS.ME,ROSSETI SIBERIA,Public Joint Stock Company Interregional Distribution Grid Company of Siberia,MCX,ru_market,EQUITY
UTAR.ME,UTAIR AVIATION,Public Joint-Stock Company UTair Aviation,MCX,ru_market,EQUITY
MFGS.ME,SLAVNEFT-MEGIONNEF,Joint-stock company Slavneft-Megionneftegas,MCX,ru_market,EQUITY
MRKK.ME,ROSSETI NORTHERN C,"Public Joint Stock Company ""ROSSETI Northern Caucasus""",MCX,ru_market,EQUITY
ENRU.ME,ENEL RUSSIA PJSC,Public Joint-Stock Company Enel Russia,MCX,ru_market,EQUITY
MRKP.ME,ROSSETI CENTER & V,Public Joint stock company Rosseti Centre and Volga region,MCX,ru_market,EQUITY
ROLO.ME,RUSOLOVO PJSC,Public Joint Stock Company Rusolovo,MCX,ru_market,EQUITY
VJGZP.ME,NNK-VARYOGANNEFTEG,Public Joint Stock Company Varyoganneftegaz,MCX,ru_market,EQUITY
SFIN.ME,SFI PJSC,"Public Joint Stock Company ""SFI""",MCX,ru_market,EQUITY
JNOSP.ME,SLAVNEFT YAROSLAVN,Public Joint Stock Company Slavneft-Yaroslavnefteorgsintez,MCX,ru_market,EQUITY
JNOS.ME,SLAVNEFT YAROSLAVN,Public Joint Stock Company Slavneft-Yaroslavnefteorgsintez,MCX,ru_market,EQUITY
MSTT.ME,MOSTOTREST PJSC,Public Joint Stock Company Mostotrest,MCX,ru_market,EQUITY
KUBE.ME,ROSSETI KUBAN PJSC,Rosseti Kuban PJSC,MCX,ru_market,EQUITY
DVEC.ME,FAR EASTERN ENERGY,Public joint stock company FAR-EASTERN ENERGY COMPANY,MCX,ru_market,EQUITY
NKHP.ME,NOVOROSSIYSK GRAIN,Public Joint Stock Company Novorossyisk Grain Plant,MCX,ru_market,EQUITY
UCSS.ME,UNITED CREDIT SYS.,Public Joint Stock Company United Credit Systems,MCX,ru_market,EQUITY
RAVN.ME,RAVEN PROPERTY GRP,Raven Property Group Limited,MCX,ru_market,EQUITY
ABRD.ME,ABRAU-DURSO PJSC,Public Joint Stock Company Abrau-Durso,MCX,ru_market,EQUITY
MRKC.ME,ROSSETI CENTER PJS,"Interregional Distribution Grid Company of Centre, Public Joint Stock Company",MCX,ru_market,EQUITY
TGKD.ME,QUADRA-POWER GENER,"Public Joint Stock Company ""Quadra - Power Generation""",MCX,ru_market,EQUITY
TGKDP.ME,QUADRA-POWER GENER,"Public Joint Stock Company ""Quadra - Power Generation""",MCX,ru_market,EQUITY
MRKU.ME,IDGC OF URALS JSC,"Interregional Distribution Grid Company of Urals, Joint Stock Company",MCX,ru_market,EQUITY
CHMK.ME,CHELYABINSK MET PL,Chelyabinsk Metallurgical Plant PAO,MCX,ru_market,EQUITY
BLNG.ME,BELON,Belon Joint Stock Company,MCX,ru_market,EQUITY
VRSB.ME,TNS ENERGO VORONEZ,"Public Joint-stock Company ""TNS energo Voronezh""",MCX,ru_market,EQUITY
KOGK.ME,KORSHYNOV MINING,Korshynov Mining Plant Public Joint Stock Company,MCX,ru_market,EQUITY
TTLK.ME,TATTELECOM PJSC,Tattelecom Public Joint-Stock Company,MCX,ru_market,EQUITY
TNSE.ME,TNS ENERGO PUBLIC,Public Joint Stock Company Group of Companies TNS energo,MCX,ru_market,EQUITY
LNZL.ME,LENZOLOTO PJSC,Lena Gold-Mining Public Joint Stock Company Lenzoloto,MCX,ru_market,EQUITY
LNZLP.ME,LENZOLOTO PJSC,Lena Gold-Mining Public Joint Stock Company Lenzoloto,MCX,ru_market,EQUITY
ZILL.ME,LIKHACHOV PLANT PJ,Public Joint-Stock Company The Likhachov Plant,MCX,ru_market,EQUITY
WTCM.ME,WORLD TRADE CENTER,"Joint Stock Company ""World Trade Center Moscow""",MCX,ru_market,EQUITY
WTCMP.ME,WORLD TRADE CENTER,"Joint Stock Company ""World Trade Center Moscow""",MCX,ru_market,EQUITY
PRMB.ME,PRIMORYE COMM BANK,Public joint-stock commercial bank Primorye,MCX,ru_market,EQUITY
KCHE.ME,KAMCHATSKENERGO P,Public Joint Stock Company Kamchatskenergo,MCX,ru_market,EQUITY
KCHEP.ME,KAMCHATSKENERGO P,Public Joint Stock Company Kamchatskenergo,MCX,ru_market,EQUITY
MRKV.ME,ROSSETI VOLGA PJSC,Public Joint Stock Company Rosseti Volga,MCX,ru_market,EQUITY
NNSB.ME,TNS ENERGO NN PJSC,Public Joint-Stock Company TNS energo Nizhny Novgorod,MCX,ru_market,EQUITY
NNSBP.ME,TNS ENERGO NN PJSC,Public Joint-Stock Company TNS energo Nizhny Novgorod,MCX,ru_market,EQUITY
AMEZ.ME,ASHINSKIY METALLUR,"Public Joint Stock Company ""Ashinskiy metallurgical works""",MCX,ru_market,EQUITY
PAZA.ME,PAVLOVO BUS PJSC,Public Joint Stock Company Pavlovo Bus,MCX,ru_market,EQUITY
VSYD.ME,VYBORG SHIPYARD P,Public joint-stock company Vyborg Shipyard,MCX,ru_market,EQUITY
VSYDP.ME,VYBORG SHIPYARD P,Public joint-stock company Vyborg Shipyard,MCX,ru_market,EQUITY
HIMCP.ME,KHIMPROM PJSC,Khimprom Public Joint stock company,MCX,ru_market,EQUITY
URKZ.ME,URALS STAMPINGS,Urals Stampings Plant PAO,MCX,ru_market,EQUITY
ISKJ.ME,HUMAN STEM CELLS,"Public Joint-Stock Company ""Human Stem Cells Institute""",MCX,ru_market,EQUITY
GAZA.ME,GAZ PUBLIC JOINT,"Public Joint Stock Company ""GAZ""",MCX,ru_market,EQUITY
KRKN.ME,SARATOV OIL REFINE,Public Joint Stock Company Saratov Oil Refinery,MCX,ru_market,EQUITY
RKKE.ME,ENERGIA ROCKET AND,S.P. Korolev Rocket and Space Public Corporation Energia Open Joint Stock Company,MCX,ru_market,EQUITY
BRZL.ME,BURYATZOLOTO PJSC,Public Joint Stock Company Buryatzoloto,MCX,ru_market,EQUITY
GAZAP.ME,GAZ PUBLIC JOINT,"Public Joint Stock Company ""GAZ""",MCX,ru_market,EQUITY
PMSB.ME,PERM ENERGY SUPPLY,Public Joint Stock Company Perm Energy Supplying Company,MCX,ru_market,EQUITY
PMSBP.ME,PERM ENERGY SUPPLY,Public Joint Stock Company Perm Energy Supplying Company,MCX,ru_market,EQUITY
SVAV.ME,SOLLERS AUTO PJSC,Sollers Public Joint Stock Company,MCX,ru_market,EQUITY
MRKY.ME,ROSSETI SOUTH PJSC,"Public Joint Stock Company ""ROSSETI South""",MCX,ru_market,EQUITY
KRSBP.ME,KRASNOYARSKENERGOS,Public Joint Stock Company Krasnoyarskenergosbyt,MCX,ru_market,EQUITY
KRSB.ME,KRASNOYARSKENERGOS,Public Joint Stock Company Krasnoyarskenergosbyt,MCX,ru_market,EQUITY
KGKC.ME,KURGAN GENERATION,Public Joint Stock Company Kurgan Generation Company,MCX,ru_market,EQUITY
KGKCP.ME,KURGAN GENERATION,Public Joint Stock Company Kurgan Generation Company,MCX,ru_market,EQUITY
KRKNP.ME,SARATOV OIL REFINE,Public Joint Stock Company Saratov Oil Refinery,MCX,ru_market,EQUITY
KRKOP.ME,KRASNY KOTELSHCHIK,Public Joint Stock Company The Taganrog Boiler-Making Works Krasny Kotelshchik,MCX,ru_market,EQUITY
RTSBP.ME,TNS ENERGO ROSTOV,"Public Joint Stock Company ""TNS energo Rostov-on-Don""",MCX,ru_market,EQUITY
RTSB.ME,TNS ENERGO ROSTOV,"Public Joint Stock Company ""TNS energo Rostov-on-Don""",MCX,ru_market,EQUITY
RUSI.ME,INVESTMENT CO IC,Public Joint-Stock Company Investment Company IC Russ-Invest,MCX,ru_market,EQUITY
VRSBP.ME,TNS ENERGO VORONEZ,"Public Joint-stock Company ""TNS energo Voronezh""",MCX,ru_market,EQUITY
MRKZ.ME,ROSSETI NORTH-WEST,Public Joint-Stock Company Interregional Distribution Grid Company of the North-West,MCX,ru_market,EQUITY
NFAZ.ME,NEFAZ PTC,NEFAZ Publicly Traded Company,MCX,ru_market,EQUITY
UNKL.ME,SOUTHERN URALS NIC,Southern Urals Nickel Plant PJSC,MCX,ru_market,EQUITY
TGKBP.ME,TERRITORIAL GENER,Public Joint-Stock Company Territorial Generation Company No.2,MCX,ru_market,EQUITY
TGKB.ME,TERRITORIAL GENER,Public Joint-Stock Company Territorial Generation Company No.2,MCX,ru_market,EQUITY
EELT.ME,EUROPEAN ELTECH,European Eltech Public Joint Stock Company,MCX,ru_market,EQUITY
MAGE.ME,MAGADANENERGO PJSC,Public Joint Stock Company Magadanenergo,MCX,ru_market,EQUITY
MAGEP.ME,MAGADANENERGO PJSC,Public Joint Stock Company Magadanenergo,MCX,ru_market,EQUITY
SAGO.ME,SAMARAENERGO PJSC,Public Joint-Stock Energy and Electrification Company Samaraenergo,MCX,ru_market,EQUITY
MGNZ.ME,SOLIKAMSK MAGNESIU,Open joint stock company Solikamsk magnesium works,MCX,ru_market,EQUITY
KMEZ.ME,KOVROV MECHANICAL,"Kovrov Mechanical Plant, Public Joint-Stock Company",MCX,ru_market,EQUITY
YRSBP.ME,TNS ENERGO YAROSAV,Public Joint Stock Company TNS Energo Yaroslavl,MCX,ru_market,EQUITY
YRSB.ME,TNS ENERGO YAROSAV,Public Joint Stock Company TNS Energo Yaroslavl,MCX,ru_market,EQUITY
RTGZ.ME,GAZPROM GA ROSTOV-,Public Joint Stock Company Gazprom Gazoraspredelenie Rostov-na-Donu,MCX,ru_market,EQUITY
RZSB.ME,RYAZANENERGOSBYT,Joint-Stock Company Ryazanenergosbyt,MCX,ru_market,EQUITY
KROT.ME,KRASNYJ OCTYABR,Public Joint-Stock Company Krasnyj Octyabr,MCX,ru_market,EQUITY
CHKZ.ME,CHELYABINSK FORGE&,"Chelyabinsk Forge-and-Press Plant, Public Joint Stock Company",MCX,ru_market,EQUITY
TGKN.ME,TGC-14 PJSC,Public Joint Stock Company Territorial Generation Company No. 14,MCX,ru_market,EQUITY
GTRK.ME,GLOBALTRUCK MGMT,Public Joint Stock Company Globaltruck Management,MCX,ru_market,EQUITY
RDRB.ME,ROSDORBANK,The Russian Public Joint-Stock Commercial Roads Bank (Public joint-stock company),MCX,ru_market,EQUITY
YKEN.ME,YAKUTSKENERGO PJSC,Public joint stock company Yakutskenergo,MCX,ru_market,EQUITY
YKENP.ME,YAKUTSKENERGO PJSC,Public joint stock company Yakutskenergo,MCX,ru_market,EQUITY
KROTP.ME,KRASNYJ OCTYABR,Public Joint-Stock Company Krasnyj Octyabr,MCX,ru_market,EQUITY
IGST.ME,IZHSTAL PAO PUBIC,Izhstal PAO,MCX,ru_market,EQUITY
IGSTP.ME,IZHSTAL PAO PUBIC,Izhstal PAO,MCX,ru_market,EQUITY
KBSB.ME,TNS ENERGO KUBAN,"Public Joint Stock Company ""TNS energo Kuban""",MCX,ru_market,EQUITY
CNTL.ME,CENTRAL TELEGRAPH,Central Telegraph Public Joint Stock Company,MCX,ru_market,EQUITY
CNTLP.ME,CENTRAL TELEGRAPH,Central Telegraph Public Joint Stock Company,MCX,ru_market,EQUITY
ZVEZ.ME,ZVEZDA PJSC,Public Joint Stock Company Zvezda,MCX,ru_market,EQUITY
NAUK.ME,NPO NAUKA,Public joint stock company NPO Nauka,MCX,ru_market,EQUITY
ORUP.ME,OR GROUP PJSC,Public Joint-Stock Company OR,MCX,ru_market,EQUITY
MISB.ME,TNS ENERGO MARI EL,Public Joint-stock Company TNS energo Mari El,MCX,ru_market,EQUITY
MISBP.ME,TNS ENERGO MARI EL,Public Joint-stock Company TNS energo Mari El,MCX,ru_market,EQUITY
LIFE.ME,PHARMSYNTHEZ PJSC,"Public Joint-Stock Company ""Pharmsynthez""",MCX,ru_market,EQUITY
NKSH.ME,NIZHNEKAMSKSHINA C,PJSC Nizhnekamskshina,MCX,ru_market,EQUITY
CHGZ.ME,RN-WESTERN SIBERIA,Public Joint Stock Company RN-Western Siberia,MCX,ru_market,EQUITY
LPSB.ME,LIPETSK POWER SALE,Lipetsk Power Sale Company Open Joint-Stock Company,MCX,ru_market,EQUITY
TORSP.ME,TOMSK DISTRIBUTION,public-stock company Tomsk distribution company,MCX,ru_market,EQUITY
TORS.ME,TOMSK DISTRIBUTION,public-stock company Tomsk distribution company,MCX,ru_market,EQUITY
GEMA.ME,INTL MED CNTR OF B,International Medical Center of Biomaterials Processing and Cryostorage Public Joint-stock company,MCX,ru_market,EQUITY
VGSB.ME,VOLGOGRADENERGOSBY,Volgogradenergosbyt Public Joint-Stock Company,MCX,ru_market,EQUITY
VGSBP.ME,VOLGOGRADENERGOSBY,Volgogradenergosbyt Public Joint-Stock Company,MCX,ru_market,EQUITY
RBCM.ME,RBC PJSC,Public Joint Stock Company RBC,MCX,ru_market,EQUITY
TUZA.ME,TUIMAZINSKIY ZAVOD,Tuimazinskiy Zavod Avtobetonovozov Publicly Traded Company,MCX,ru_market,EQUITY
ROST.ME,ROSINTER RESTAURAN,Public Joint Stock Company Rosinter Restaurants Holding,MCX,ru_market,EQUITY
SLEN.ME,SAKHALINENERGO,"Public Joint Stock Company ""Sakhalinenergo""",MCX,ru_market,EQUITY
TASBP.ME,TAMBOV POWER SUPPL,Public Joint Stock Company Tambov power supply company,MCX,ru_market,EQUITY
TASB.ME,TAMBOV POWER SUPPL,Public Joint Stock Company Tambov power supply company,MCX,ru_market,EQUITY
ARSA.ME,ARSAGERA ASSET MGM,Arsagera Asset Management,MCX,ru_market,EQUITY
DZRD.ME,DONSKOY FACTORY OF,DONSKOY FACTORY OF RADIOCOMPONENTS Open Joint-Stock Company,MCX,ru_market,EQUITY
DZRDP.ME,DONSKOY FACTORY OF,DONSKOY FACTORY OF RADIOCOMPONENTS Open Joint-Stock Company,MCX,ru_market,EQUITY
LVHK.ME,LEVENHUK INC,Levenhuk Inc.,MCX,ru_market,EQUITY
KLSB.ME,KALUGA POWER SALE,Kaluga Power Sale Company Public Joint-Stock Company,MCX,ru_market,EQUITY
SAREP.ME,SARATOVENERGO PJSC,Public Joint Stock Company Saratovenergo,MCX,ru_market,EQUITY
STSB.ME,STAVROPOLENERGOSBY,Stavropolenergosbyt Public Joint-Stock Company,MCX,ru_market,EQUITY
STSBP.ME,STAVROPOLENERGOSBY,Stavropolenergosbyt Public Joint-Stock Company,MCX,ru_market,EQUITY
DIOD.ME,DIOD PJSC,DIOD Maker of Eco-Friendly Equipment and Nutrition Public Joint Stock Company,MCX,ru_market,EQUITY
KTSBP.ME,KOSTROMSKAYA SBYTO,"Publichnoe Akcionernoe Obshestvo ""Kostromskaya Sbytovaya Compania""",MCX,ru_market,EQUITY
ASSB.ME,ASTRAKHAN POWER SA,Astrakhan Power Sale Company Public Joint-Stock Company,MCX,ru_market,EQUITY
SARE.ME,SARATOVENERGO PJSC,Public Joint Stock Company Saratovenergo,MCX,ru_market,EQUITY
MRSB.ME,MORDOVIA ENERGY RE,Mordovia Energy Retail Company Public Joint-Stock Company,MCX,ru_market,EQUITY
KTSB.ME,KOSTROMSKAYA SBYTO,"Publichnoe Akcionernoe Obshestvo ""Kostromskaya Sbytovaya Compania""",MCX,ru_market,EQUITY
RUGR.ME,RUSGRAIN HOLDING,Public Joint-Stock Company Rusgrain Holding,MCX,ru_market,EQUITY
KUZB.ME,KUZNETSKY BANK PUB,Kuznetsky Bank Public joint stock company,MCX,ru_market,EQUITY
VLHZ.ME,VLADIMIR CHEMICAL,Public Joint Stock Company Vladimir Chemical Plant,MCX,ru_market,EQUITY
NSVZ.ME,NAUKA-TELECOM PJSC,Public Joint Stock Company Nauka-Telecom,MCX,ru_market,EQUITY
ELTZ.ME,ELECTROZINK PJSC,Electrozink Public Joint-Stock Company,MCX,ru_market,EQUITY
HMSG.ME,HMS HYDRAULIC MACH,HMS Hydraulic Machines & Systems Group plc,MCX,ru_market,EQUITY
SMLT.ME,SAMOLET GROUP,Samolet Group Public Joint Stock Company,MCX,ru_market,EQUITY
POSI.ME,POSITIVE GP PJSC,,MCX,ru_market,EQUITY
LENT.ME,LENTA IPJSC,Lenta International public joint-stock company,MCX,ru_market,EQUITY
GLTR.ME,GLOBALTRANS INVEST,Globaltrans Investment Plc,MCX,ru_market,EQUITY
FIXP.ME,FIX PRICE GROUP LT,Fix Price Group Ltd.,MCX,ru_market,EQUITY
SPBE.ME,SPB PJSC,Public Joint-Stock Company SPB Exchange,MCX,ru_market,EQUITY
SVET.ME,SVETOFOR GROUP PJS,JSC Svetofor Group,MCX,ru_market,EQUITY
CIAN.ME,CIAN PLC,Cian PLC,MCX,ru_market,EQUITY
GEMC.ME,UNITED MED GROUP C,United Medical Group Cy PLC,MCX,ru_market,EQUITY
HHRU.ME,HEADHUNTER GROUP P,HeadHunter Group PLC,MCX,ru_market,EQUITY
VKCO.ME,VK COMPANY LIMITED,VK Company Limited,MCX,ru_market,EQUITY
OZON.ME,OZON HLDGS PLC,Ozon Holdings PLC,MCX,ru_market,EQUITY
SFTL.ME,SOFTLINE HLDG PLC,Softline Holding PLC,MCX,ru_market,EQUITY
RENI.ME,RENAISSANCE INSURA,Renaissance Insurance Group JSC,MCX,ru_market,EQUITY
MDMG.ME,MD MEDICAL GROUP I,MD Medical Group Investments Plc,MCX,ru_market,EQUITY
OKEY.ME,O'KEY GROUP SA,O'Key Group S.A.,MCX,ru_market,EQUITY
POGR.ME,PETROPAVLOVSK PLC,Petropavlovsk PLC,MCX,ru_market,EQUITY
BSPBP.ME,BANK ST PETERSBURG,"""Bank ""Saint-Petersburg"" Public Joint-Stock Company",MCX,ru_market,EQUITY
SAGOP.ME,SAMARAENERGO PJSC,Public Joint-Stock Energy and Electrification Company Samaraenergo,MCX,ru_market,EQUITY
BISVP.ME,BASHINFORMSVYAZ,Public Joint-Stock Company Bashinformsvyaz RUB1 PRF'A'(USD),MCX,ru_market,EQUITY
SGZH.ME,SEGEZHA GROUP PJSC,Group of Companies Segezha Public Joint Stock Company,MCX,ru_market,EQUITY
