symbol,shortName,longName,exchange,market,quoteType
NESN.SW,NESTLE N,Nestlé S.A.,EBS,ch_market,EQUITY
ROG.SW,ROCHE GS,Roche Holding AG,EBS,ch_market,EQUITY
RO.SW,ROCHE I,Roche Holding AG,EBS,ch_market,EQUITY
NOVNEE.SW,NOVARTIS  N 2. LINIE,Novartis AG,EBS,ch_market,EQUITY
NOVN.SW,NOVARTIS N,Novartis AG,EBS,ch_market,EQUITY
PMI.SW,PHILIP MRRS INT-WI,Philip Morris International Inc.,EBS,ch_market,EQUITY
GE.SW,GEN ELEC,General Electric Company,EBS,ch_market,EQUITY
CFR.SW,RICHEMONT N,Compagnie Financière Richemont SA,EBS,ch_market,EQUITY
ABBNE.SW,ABB LTD N 2. LINIE,ABB Ltd,EBS,ch_market,EQUITY
ABBN.SW,ABB LTD N,ABB Ltd,EBS,ch_market,EQUITY
ZURN.SW,ZURICH INSURANCE N,Zurich Insurance Group AG,EBS,ch_market,EQUITY
UBSG.SW,UBS GROUP N,UBS Group AG,EBS,ch_market,EQUITY
LONN.SW,LONZA N,Lonza Group Ltd,EBS,ch_market,EQUITY
SIKA.SW,SIKA N,Sika AG,EBS,ch_market,EQUITY
GIVN.SW,GIVAUDAN N,Givaudan SA,EBS,ch_market,EQUITY
ALC.SW,ALCON N,Alcon Inc.,EBS,ch_market,EQUITY
PGHN.SW,PARTNERS GROUP N,Partners Group Holding AG,EBS,ch_market,EQUITY
KNIN.SW,KUEHNE+NAGEL INT N,Kuehne + Nagel International AG,EBS,ch_market,EQUITY
HOLN.SW,HOLCIM N,Holcim Ltd,EBS,ch_market,EQUITY
STMN.SW,STRAUMANN N,Straumann Holding AG,EBS,ch_market,EQUITY
LISNE.SW,LINDT N 2. LINIE,Chocoladefabriken Lindt & Sprüngli AG,EBS,ch_market,EQUITY
LISN.SW,LINDT N,Chocoladefabriken Lindt & Sprüngli AG,EBS,ch_market,EQUITY
LISP.SW,LINDT PS,Chocoladefabriken Lindt & Sprüngli AG,EBS,ch_market,EQUITY
LISPE.SW,LINDT PS 2. LINIE,Chocoladefabriken Lindt & Sprüngli AG,EBS,ch_market,EQUITY
SREN.SW,SWISS RE N,Swiss Re AG,EBS,ch_market,EQUITY
SCMN.SW,SWISSCOM N,Swisscom AG,EBS,ch_market,EQUITY
GEBNE.SW,GEBERIT N 2. LINIE,Geberit AG,EBS,ch_market,EQUITY
SCHP.SW,SCHINDLER PS,Schindler Holding AG,EBS,ch_market,EQUITY
SCHN.SW,SCHINDLER N,Schindler Holding AG,EBS,ch_market,EQUITY
GEBN.SW,GEBERIT N,Geberit AG,EBS,ch_market,EQUITY
EMSN.SW,EMS-CHEMIE N,EMS-CHEMIE HOLDING AG,EBS,ch_market,EQUITY
CSGN.SW,CS GROUP N,Credit Suisse Group AG,EBS,ch_market,EQUITY
SGSN.SW,SGS N,SGS SA,EBS,ch_market,EQUITY
SOON.SW,SONOVA N,Sonova Holding AG,EBS,ch_market,EQUITY
SOONE.SW,SONOVA N 2. LINIE,Sonova Holding AG,EBS,ch_market,EQUITY
SLHN.SW,SWISS LIFE HOLDING AG N,Swiss Life Holding AG,EBS,ch_market,EQUITY
SLHNE.SW,SWISS LIFE HOLDING N 2. LINIE,Swiss Life Holding AG,EBS,ch_market,EQUITY
NIBEB.SW,NIBE Industrier AB N,NIBE Industrier AB (publ),EBS,ch_market,EQUITY
UHRN.SW,SWATCH GROUP N,The Swatch Group AG,EBS,ch_market,EQUITY
UHR.SW,SWATCH GROUP I,The Swatch Group AG,EBS,ch_market,EQUITY
BAER.SW,JULIUS BAER N,Julius Bär Gruppe AG,EBS,ch_market,EQUITY
VACN.SW,VAT GROUP N,VAT Group AG,EBS,ch_market,EQUITY
LOGN.SW,LOGITECH N,Logitech International S.A.,EBS,ch_market,EQUITY
BARN.SW,BARRY CALLEBAUT N,Barry Callebaut AG,EBS,ch_market,EQUITY
VIFN.SW,VIFOR N,Vifor Pharma AG,EBS,ch_market,EQUITY
TEMN.SW,TEMENOS N,Temenos AG,EBS,ch_market,EQUITY
BANB.SW,BACHEM N -B-,Bachem Holding AG,EBS,ch_market,EQUITY
SIGN.SW,SIG Combibloc Grp N,SIG Combibloc Group AG,EBS,ch_market,EQUITY
ADEN.SW,ADECCO N,Adecco Group AG,EBS,ch_market,EQUITY
BALN.SW,BALOISE N,Bâloise Holding AG,EBS,ch_market,EQUITY
BEAN.SW,BELIMO N,BELIMO Holding AG,EBS,ch_market,EQUITY
DAE.SW,DAETWYLER I,Dätwyler Holding AG,EBS,ch_market,EQUITY
SPSN.SW,SWISS PRIME SITE N,Swiss Prime Site AG,EBS,ch_market,EQUITY
CLN.SW,CLARIANT N,Clariant AG,EBS,ch_market,EQUITY
BKW.SW,BKW N,BKW AG,EBS,ch_market,EQUITY
BCVN.SW,BC VAUD N,Banque Cantonale Vaudoise,EBS,ch_market,EQUITY
TECN.SW,TECAN GROUP AG N,Tecan Group Ltd.,EBS,ch_market,EQUITY
HELN.SW,HELVETIA HOLDING N,Helvetia Holding AG,EBS,ch_market,EQUITY
EMMN.SW,EMMI N,Emmi AG,EBS,ch_market,EQUITY
FHZN.SW,FLUGHAFEN ZUERICH N,Flughafen Zürich AG,EBS,ch_market,EQUITY
PSPN.SW,PSP N,PSP Swiss Property AG,EBS,ch_market,EQUITY
SFSN.SW,SFS Group N,SFS Group AG,EBS,ch_market,EQUITY
DKSH.SW,DKSH N,DKSH Holding AG,EBS,ch_market,EQUITY
BUCN.SW,BUCHER N,Bucher Industries AG,EBS,ch_market,EQUITY
VONN.SW,VONTOBEL N,Vontobel Holding AG,EBS,ch_market,EQUITY
DUFN.SW,DUFRY N,Dufry AG,EBS,ch_market,EQUITY
AMS.SW,AMS,ams AG,EBS,ch_market,EQUITY
BION.SW,BB BIOTECH N,BB Biotech AG,EBS,ch_market,EQUITY
SRAIL.SW,STADLER RAIL N,Stadler Rail AG,EBS,ch_market,EQUITY
VZN.SW,VZ HOLDING N,VZ Holding AG,EBS,ch_market,EQUITY
PPGN.SW,POLYPEPTIDE N,PolyPeptide Group AG,EBS,ch_market,EQUITY
SFZN.SW,SIEGFRIED N,Siegfried Holding AG,EBS,ch_market,EQUITY
ALSN.SW,ALSO N,ALSO Holding AG,EBS,ch_market,EQUITY
LUKN.SW,LUZERNER KB N,Luzerner Kantonalbank AG,EBS,ch_market,EQUITY
DESN.SW,DOTTIKON ES N,Dottikon Es Holding AG,EBS,ch_market,EQUITY
GALE.SW,GALENICA N,Galenica AG,EBS,ch_market,EQUITY
INRN.SW,INTERROLL N,Interroll Holding AG,EBS,ch_market,EQUITY
IDIA.SW,IDORSIA N,Idorsia Ltd,EBS,ch_market,EQUITY
ALLN.SW,ALLREAL N,Allreal Holding AG,EBS,ch_market,EQUITY
PMAG.SW,PIERER Mobility AG,PIERER Mobility AG,EBS,ch_market,EQUITY
OERL.SW,OC OERLIKON N,OC Oerlikon Corporation AG,EBS,ch_market,EQUITY
IFCN.SW,INFICON N,INFICON Holding AG,EBS,ch_market,EQUITY
SUN.SW,SULZER N,Sulzer Ltd,EBS,ch_market,EQUITY
FORN.SW,FORBO N,Forbo Holding AG,EBS,ch_market,EQUITY
SWON.SW,SOFTWAREONE N,SoftwareONE Holding AG,EBS,ch_market,EQUITY
SQN.SW,SWISSQUOTE N,Swissquote Group Holding Ltd,EBS,ch_market,EQUITY
LEHN.SW,LEM N,LEM Holding SA,EBS,ch_market,EQUITY
BYS.SW,BYSTRONIC AG,Bystronic AG,EBS,ch_market,EQUITY
MOVE.SW,MEDACTA GROUP N,Medacta Group SA,EBS,ch_market,EQUITY
SGKN.SW,ST GALLER KB N,St. Galler Kantonalbank AG,EBS,ch_market,EQUITY
DOKA.SW,dormakaba N,dormakaba Holding AG,EBS,ch_market,EQUITY
COTN.SW,COMET N,Comet Holding AG,EBS,ch_market,EQUITY
BOSN.SW,BOSSARD N,Bossard Holding AG,EBS,ch_market,EQUITY
HBMN.SW,HBM N,HBM Healthcare Investments AG,EBS,ch_market,EQUITY
YPSN.SW,YPSOMED HLDG,Ypsomed Holding AG,EBS,ch_market,EQUITY
ROSE.SW,ZUR ROSE GROUP N,Zur Rose Group AG,EBS,ch_market,EQUITY
EFGN.SW,EFG INTERNATIONAL N,EFG International AG,EBS,ch_market,EQUITY
KARN.SW,KARDEX N,Kardex Holding AG,EBS,ch_market,EQUITY
ZUGER.SW,ZUGER KB N,Zuger Kantonalbank,EBS,ch_market,EQUITY
MOBN.SW,MOBIMO N,Mobimo Holding AG,EBS,ch_market,EQUITY
CMBN.SW,CEMBRA MONEY BANK N,Cembra Money Bank AG,EBS,ch_market,EQUITY
BEKN.SW,BEKB / BCBE N,Berner Kantonalbank AG,EBS,ch_market,EQUITY
SWTQ.SW,SCHWEITER I,Schweiter Technologies AG,EBS,ch_market,EQUITY
ZUGN.SW,ZUG ESTATES HOLDING AG,Zug Estates Holding AG,EBS,ch_market,EQUITY
SENS.SW,SENSIRION N,Sensirion Holding AG,EBS,ch_market,EQUITY
BELL.SW,BELL FOOD GROUP N,Bell Food Group AG,EBS,ch_market,EQUITY
LAND.SW,Landis+Gyr N,Landis+Gyr Group AG,EBS,ch_market,EQUITY
AERO.SW,MONTANA N,Montana Aerospace AG,EBS,ch_market,EQUITY
HUBN.SW,HUBER+SUHNER N,Huber+Suhner AG,EBS,ch_market,EQUITY
LLBN.SW,LIECHT LANDBK N,Liechtensteinische Landesbank Aktiengesellschaft,EBS,ch_market,EQUITY
TXGN.SW,TX GROUP N,TX Group AG,EBS,ch_market,EQUITY
WKBN.SW,WALLISER KB N,Walliser Kantonalbank,EBS,ch_market,EQUITY
EDHN.SW,ENERGIEDIENST N,Energiedienst Holding AG,EBS,ch_market,EQUITY
MED.SW,MEDARTIS N,Medartis Holding AG,EBS,ch_market,EQUITY
VATN.SW,VALIANT N,Valiant Holding AG,EBS,ch_market,EQUITY
BCHN.SW,BURCKHARDT N,Burckhardt Compression Holding AG,EBS,ch_market,EQUITY
ARBN.SW,ARBONIA N,Arbonia AG,EBS,ch_market,EQUITY
HREN.SW,ROMANDE ENERGIE N,Romande Energie Holding SA,EBS,ch_market,EQUITY
BOBNN.SW,BOBST GRP N,Bobst Group SA,EBS,ch_market,EQUITY
IREN.SW,INVESTIS N,Investis Holding SA,EBS,ch_market,EQUITY
LEON.SW,LEONTEQ N,Leonteq AG,EBS,ch_market,EQUITY
VAHN.SW,VAUDOISE ASSU N,Vaudoise Assurances Holding SA,EBS,ch_market,EQUITY
AEVS.SW,AEVIS N,Aevis Victoria SA,EBS,ch_market,EQUITY
UIS.SW,UNISYS,Unisys Corporation,EBS,ch_market,EQUITY
VETN.SW,VETROPACK N,Vetropack Holding AG,EBS,ch_market,EQUITY
BCGE.SW,BC GENEVE N,Banque Cantonale de Genève SA,EBS,ch_market,EQUITY
GRKP.SW,GRAUB KB PS,Graubündner Kantonalbank,EBS,ch_market,EQUITY
ISN.SW,INTERSHOP N,Intershop Holding AG,EBS,ch_market,EQUITY
ARYN.SW,ARYZTA N,ARYZTA AG,EBS,ch_market,EQUITY
ZEHN.SW,ZEHNDER N,Zehnder Group AG,EBS,ch_market,EQUITY
STLN.SW,Swiss Steel Holding AG,Swiss Steel Holding AG,EBS,ch_market,EQUITY
MBTN.SW,MEYER BURGER N,Meyer Burger Technology AG,EBS,ch_market,EQUITY
COPN.SW,COSMO PHARM N,Cosmo Pharmaceuticals N.V.,EBS,ch_market,EQUITY
KOMN.SW,KOMAX N,Komax Holding AG,EBS,ch_market,EQUITY
HIAG.SW,HIAG IMMOBILIEN N,HIAG Immobilien Holding AG,EBS,ch_market,EQUITY
METN.SW,Metall Zug AG,Metall Zug AG,EBS,ch_market,EQUITY
RIEN.SW,RIETER N,Rieter Holding AG,EBS,ch_market,EQUITY
PEAN.SW,Peach Property N,Peach Property Group AG,EBS,ch_market,EQUITY
AUTN.SW,AUTONEUM N,Autoneum Holding AG,EBS,ch_market,EQUITY
CFT.SW,CIE FIN TR I,Compagnie Financière Tradition SA,EBS,ch_market,EQUITY
JFN.SW,JUNGFRAUBAHN HLD N,Jungfraubahn Holding AG,EBS,ch_market,EQUITY
VZUG.SW,V-ZUG N,V-ZUG Holding AG,EBS,ch_market,EQUITY
VALN.SW,VALORA N,Valora Holding AG,EBS,ch_market,EQUITY
GUR.SW,GURIT I,Gurit Holding AG,EBS,ch_market,EQUITY
PLAN.SW,PLAZZA N,Plazza AG,EBS,ch_market,EQUITY
CLTN.SW,COLTENE N,COLTENE Holding AG,EBS,ch_market,EQUITY
MOZN.SW,MOBILEZONE N,mobilezone holding ag,EBS,ch_market,EQUITY
VPBN.SW,VPB VADUZ N,VP Bank AG,EBS,ch_market,EQUITY
ORON.SW,ORIOR N,ORIOR AG,EBS,ch_market,EQUITY
SFPN.SW,SF Urban Properties N,SF Urban Properties AG,EBS,ch_market,EQUITY
WARN.SW,WARTECK N,Warteck Invest AG,EBS,ch_market,EQUITY
FREN.SW,Fundamenta Real Estate N,Fundamenta Real Estate AG,EBS,ch_market,EQUITY
APGN.SW,APG SGA N,APG|SGA SA,EBS,ch_market,EQUITY
SNBN.SW,SNB N,Schweizerische Nationalbank,EBS,ch_market,EQUITY
BBN.SW,BELLEVUE GROUP N,Bellevue Group AG,EBS,ch_market,EQUITY
BLKB.SW,BASELLAND KB PS,Basellandschaftliche Kantonalbank,EBS,ch_market,EQUITY
VARN.SW,VARIA US PROPERTIES N,Varia US Properties AG,EBS,ch_market,EQUITY
MOLN.SW,MOLECULAR PARTNERS N,Molecular Partners AG,EBS,ch_market,EQUITY
BSLN.SW,BASILEA N,Basilea Pharmaceutica AG,EBS,ch_market,EQUITY
UBXN.SW,U-BLOX N,u-blox Holding AG,EBS,ch_market,EQUITY
RLF.SW,RELIEF THERAPEUTICS N,Relief Therapeutics Holding AG,EBS,ch_market,EQUITY
LMN.SW,lastminute.com N.V.,lastminute.com N.V.,EBS,ch_market,EQUITY
ODHN.SW,ORASCOM DEVELOPMENT HLD AG N,Orascom Development Holding AG,EBS,ch_market,EQUITY
TKBP.SW,THURGAUER KB PS,Thurgauer Kantonalbank,EBS,ch_market,EQUITY
AFP.SW,ALUFLEXPACK N,Aluflexpack AG,EBS,ch_market,EQUITY
CALN.SW,CALIDA N,CALIDA Holding AG,EBS,ch_market,EQUITY
ASCN.SW,ASCOM N,Ascom Holding AG,EBS,ch_market,EQUITY
LINN.SW,BK LINTH N,Bank Linth LLB AG,EBS,ch_market,EQUITY
ROL.SW,VON ROLL I,Von Roll Holding AG,EBS,ch_market,EQUITY
IMPN.SW,IMPLENIA N,Implenia AG,EBS,ch_market,EQUITY
PM.SW,PHOENIX I,Phoenix Mecano AG,EBS,ch_market,EQUITY
BRKN.SW,BURKHALTER N,Burkhalter Holding AG,EBS,ch_market,EQUITY
CPHN.SW,CPH N,CPH Chemie + Papier Holding AG,EBS,ch_market,EQUITY
NREN.SW,Novavest Real Estate N,Novavest Real Estate AG,EBS,ch_market,EQUITY
SKIN.SW,CASSIOPEA N,Cassiopea S.p.A.,EBS,ch_market,EQUITY
BSKP.SW,BASLER KB PS,Basler Kantonalbank,EBS,ch_market,EQUITY
GLKBN.SW,GLARNER KB N,Glarner Kantonalbank,EBS,ch_market,EQUITY
HBLN.SW,HYPO LENZB N,Hypothekarbank Lenzburg AG,EBS,ch_market,EQUITY
VBSN.SW,IVF HARTMANN N,IVF Hartmann Holding AG,EBS,ch_market,EQUITY
FTON.SW,FEINTOOL N,Feintool International Holding AG,EBS,ch_market,EQUITY
LLQ.SW,LALIQUE GROUP N,Lalique Group SA,EBS,ch_market,EQUITY
PNHO.SW,POENINA HOLDING N,Poenina Holding AG,EBS,ch_market,EQUITY
SHLTN.SW,SHL TELEMEDICINE N,SHL Telemedicine Ltd.,EBS,ch_market,EQUITY
PEHN.SW,PRIVATE EQUITY N,Private Equity Holding AG,EBS,ch_market,EQUITY
HLEE.SW,HIGHLIGHT E AND E I,Highlight Event and Entertainment AG,EBS,ch_market,EQUITY
VT5.SW,VT5 ACQUISITION COMPANY N,VT5 Acquisition Company AG,EBS,ch_market,EQUITY
GAM.SW,GAM N,GAM Holding AG,EBS,ch_market,EQUITY
MTG.SW,MEIER TOBLER N,Meier Tobler Group AG,EBS,ch_market,EQUITY
SAHN.SW,SCHAFFNER N,Schaffner Holding AG,EBS,ch_market,EQUITY
GAV.SW,GAVAZZI I,Carlo Gavazzi Holding AG,EBS,ch_market,EQUITY
KUD.SW,KUDELSKI I,Kudelski SA,EBS,ch_market,EQUITY
LECN.SW,LECLANCHE N,Leclanché SA,EBS,ch_market,EQUITY
OFN.SW,O FUESSLI N,Orell Füssli AG,EBS,ch_market,EQUITY
CLXN.SW,CREALOGIX N,Crealogix Holding AG,EBS,ch_market,EQUITY
INA.SW,INA INVEST N,Ina Invest Holding AG,EBS,ch_market,EQUITY
KLIN.SW,KLINGELNBERG N,Klingelnberg AG,EBS,ch_market,EQUITY
ELMN.SW,ELMA ELECTRONIC N,Elma Electronic AG,EBS,ch_market,EQUITY
STGN.SW,STARRAG GROUP N,Starrag Group Holding AG,EBS,ch_market,EQUITY
BCJ.SW,BC JURA N,Banque Cantonale du Jura SA,EBS,ch_market,EQUITY
CICN.SW,CICOR TECH N,Cicor Technologies Ltd.,EBS,ch_market,EQUITY
TIBN.SW,TITL BN BERG N,Bergbahnen Engelberg-Trübsee-Titlis AG,EBS,ch_market,EQUITY
OBSN.SW,OBSEVA N,ObsEva SA,EBS,ch_market,EQUITY
BVZN.SW,BVZ HOL N,BVZ Holding AG,EBS,ch_market,EQUITY
TOHN.SW,TORNOS N,Tornos Holding AG,EBS,ch_market,EQUITY
GMI.SW,GMSA N,Groupe Minoteries SA,EBS,ch_market,EQUITY
ALPN.SW,ALPINE SELECT N,Alpine Select AG,EBS,ch_market,EQUITY
ESUN.SW,EDISUN POWER EUROPE N,Edisun Power Europe AG,EBS,ch_market,EQUITY
MCHN.SW,MCH GROUP N,MCH Group AG,EBS,ch_market,EQUITY
EVE.SW,EVOLVA N,Evolva Holding SA,EBS,ch_market,EQUITY
ADVN.SW,ADVAL TECH N,Adval Tech Holding AG,EBS,ch_market,EQUITY
MIKN.SW,MIKRON N,Mikron Holding AG,EBS,ch_market,EQUITY
DCN.SW,DATACOLOR N,Datacolor AG,EBS,ch_market,EQUITY
BLS.SW,Blackstone Resources N,Blackstone Resources AG,EBS,ch_market,EQUITY
CPEN.SW,CASTLE PRIVATE N,Castle Private Equity AG,EBS,ch_market,EQUITY
HOCN.SW,HOCHDORF N,HOCHDORF Holding AG,EBS,ch_market,EQUITY
ZUBN.SW,ZUEBLIN IMM N,Züblin Immobilien Holding AG,EBS,ch_market,EQUITY
NBEN.SW,nebag N,nebag ag,EBS,ch_market,EQUITY
SPCE.SW,SPCE N,Spice Private Equity AG,EBS,ch_market,EQUITY
WIHN.SW,WISeKey N,WISeKey International Holding AG,EBS,ch_market,EQUITY
VILN.SW,VILLARS N,Villars Holding S.A.,EBS,ch_market,EQUITY
KURN.SW,Kuros N,Kuros Biosciences AG,EBS,ch_market,EQUITY
IGPH.SW,IGEA Pharma N,IGEA Pharma N.V.,EBS,ch_market,EQUITY
VLRT.SW,VALARTIS GROUP N,Valartis Group AG,EBS,ch_market,EQUITY
AIRE.SW,AIRESIS N,Airesis SA,EBS,ch_market,EQUITY
ONE.SW,ONE SWISS BANK N,One Swiss Bank SA,EBS,ch_market,EQUITY
ARON.SW,Arundel N,Arundel AG,EBS,ch_market,EQUITY
ASWN.SW,ASMALLWORLD N,Asmallworld AG,EBS,ch_market,EQUITY
ADXN.SW,ADDEX N,Addex Therapeutics Ltd,EBS,ch_market,EQUITY
NWRN.SW,NEWRON PHARMA N,Newron Pharmaceuticals S.p.A.,EBS,ch_market,EQUITY
STRN.SW,SCHLATTER N,Schlatter Industries AG,EBS,ch_market,EQUITY
SANN.SW,SANTHERA N,Santhera Pharmaceuticals Holding AG,EBS,ch_market,EQUITY
SPEX.SW,,Spexis AG,EBS,ch_market,EQUITY
YTME.SW,Youngtimers AG,Youngtimers AG,EBS,ch_market,EQUITY
ACHI.SW,ACHIKO N,Achiko AG,EBS,ch_market,EQUITY
PRFN.SW,PERFECT N,Perfect Holding SA,EBS,ch_market,EQUITY
PEDU.SW,PERROT DUVAL I,Perrot Duval Holding S.A.,EBS,ch_market,EQUITY
CASN.SW,CASTLE ALT N,Castle Alternative Invest AG,EBS,ch_market,EQUITY
NEWN.SW,NEW VALUE N,Talenthouse AG,EBS,ch_market,EQUITY
CIE.SW,CI COM SA,Compagnie Internationale pour la Communication,EBS,ch_market,EQUITY
MOZN1.SW,MOBILEZONE N 2. LINIE,,EBS,ch_market,EQUITY
FI.SW,FISCHER N,,EBS,ch_market,EQUITY
CICN1.SW,,,EBS,ch_market,EQUITY
NESNE.SW,NESTLE N 2. LINIE,Nestlé S.A.,EBS,ch_market,EQUITY
SKAN.SW,SKAN N,SKAN Group AG,EBS,ch_market,EQUITY
HUBNE.SW,Huber+Suhner N 2. LINIE,Huber+Suhner AG,EBS,ch_market,EQUITY
MEDX.SW,MEDMIX N,medmix AG,EBS,ch_market,EQUITY
