symbol,shortName,longName,exchange,market,quoteType
GOOG.MI,ALPHABET CLASSE C,Alphabet Inc.,MIL,it_market,EQUITY
TSLA.MI,TESLA,"Tesla, Inc.",MIL,it_market,EQUITY
LVMH.MI,LVMH,"LVMH Moët Hennessy - Louis Vuitton, Société Européenne",MIL,it_market,EQUITY
ASML.MI,ASML,ASML Holding N.V.,MIL,it_market,EQUITY
OR.MI,L'OREAL,L'Oréal S.A.,MIL,it_market,EQUITY
NFLX.MI,NETFLIX,"Netflix, Inc.",MIL,it_market,EQUITY
SAP.MI,SAP,SAP SE,MIL,it_market,EQUITY
SIE.MI,SIEMENS,Siemens Aktiengesellschaft,MIL,it_market,EQUITY
TOT.MI,TOTALENERGIES,TotalEnergies SE,MIL,it_market,EQUITY
VOW3.MI,VOLKSWAGEN,Volkswagen AG,MIL,it_market,EQUITY
SBUX.MI,STARBUCKS CORP,Starbucks Corporation,MIL,it_market,EQUITY
SANF.MI,SANOFI,Sanofi,MIL,it_market,EQUITY
MU.MI,MICRON TECHNOLOGY,"Micron Technology, Inc.",MIL,it_market,EQUITY
ABI.MI,ANHEUSER-BUSCH,Anheuser-Busch InBev SA/NV,MIL,it_market,EQUITY
SU.MI,SCHNEIDER ELECTRIC,Schneider Electric S.E.,MIL,it_market,EQUITY
AIR.MI,AIRBUS,Airbus SE,MIL,it_market,EQUITY
ALV.MI,ALLIANZ,Allianz SE,MIL,it_market,EQUITY
MRK.MI,MERCK,MERCK Kommanditgesellschaft auf Aktien,MIL,it_market,EQUITY
KER.MI,KERING,Kering SA,MIL,it_market,EQUITY
ITX.MI,INDITEX,"Industria de Diseño Textil, S.A.",MIL,it_market,EQUITY
DTE.MI,DEUTSCHE TELEKOM,Deutsche Telekom AG,MIL,it_market,EQUITY
BNP.MI,BNP PARIBAS,BNP Paribas SA,MIL,it_market,EQUITY
EL.MI,ESSILORLUXOTTICA,EssilorLuxottica Société anonyme,MIL,it_market,EQUITY
GILD.MI,GILEAD SCIENCES,"Gilead Sciences, Inc.",MIL,it_market,EQUITY
DAI.MI,DAIMLER,Daimler AG,MIL,it_market,EQUITY
AI.MI,AIR LIQUIDE,L'Air Liquide S.A.,MIL,it_market,EQUITY
ENEL.MI,ENEL,Enel SpA,MIL,it_market,EQUITY
DPW.MI,DEUTSCHE POST,Deutsche Post AG,MIL,it_market,EQUITY
AXA.MI,AXA,AXA SA,MIL,it_market,EQUITY
IBE.MI,IBERDROLA,"Iberdrola, S.A.",MIL,it_market,EQUITY
BMW.MI,BMW,Bayerische Motoren Werke Aktiengesellschaft,MIL,it_market,EQUITY
BASF.MI,BASF,BASF SE,MIL,it_market,EQUITY
STLA.MI,STELLANTIS,Stellantis N.V.,MIL,it_market,EQUITY
RACE.MI,FERRARI,Ferrari N.V.,MIL,it_market,EQUITY
DG.MI,VINCI,VINCI SA,MIL,it_market,EQUITY
SANT.MI,BANCO SANTANDER,"Banco Santander, S.A.",MIL,it_market,EQUITY
IFX.MI,INFINEON TECHNOLOGIES,Infineon Technologies AG,MIL,it_market,EQUITY
ADS.MI,ADIDAS,adidas AG,MIL,it_market,EQUITY
BAY.MI,BAYER,Bayer Aktiengesellschaft,MIL,it_market,EQUITY
SAF.MI,SAFRAN,Safran SA,MIL,it_market,EQUITY
ISP.MI,INTESA SANPAOLO,Intesa Sanpaolo S.p.A.,MIL,it_market,EQUITY
ENI.MI,ENI,Eni S.p.A.,MIL,it_market,EQUITY
STM.MI,STMICROELECTRONICS,STMicroelectronics N.V.,MIL,it_market,EQUITY
ACA.MI,CREDIT AGRICOLE,Crédit Agricole S.A.,MIL,it_market,EQUITY
MUV2.MI,MUNICH RE,Münchener Rückversicherungs-Gesellschaft Aktiengesellschaft in München,MIL,it_market,EQUITY
VNA.MI,VONOVIA,Vonovia SE,MIL,it_market,EQUITY
BBVA.MI,BBVA,"Banco Bilbao Vizcaya Argentaria, S.A.",MIL,it_market,EQUITY
DNN.MI,DANONE,Danone S.A.,MIL,it_market,EQUITY
SGO.MI,COMPAGNIE DE SAINT-GOBAIN,Compagnie de Saint-Gobain S.A.,MIL,it_market,EQUITY
ENGI.MI,ENGIE,ENGIE SA,MIL,it_market,EQUITY
HEN3.MI,HENKEL VZ,Henkel AG & Co. KGaA,MIL,it_market,EQUITY
UCG.MI,UNICREDIT,UniCredit S.p.A.,MIL,it_market,EQUITY
AD.MI,AHOLD DEL,Koninklijke Ahold Delhaize N.V.,MIL,it_market,EQUITY
EOAN.MI,E.ON,E.ON SE,MIL,it_market,EQUITY
NOKIA.MI,NOKIA CORPORATION,Nokia Corporation,MIL,it_market,EQUITY
G.MI,GENERALI ASS,Assicurazioni Generali S.p.A.,MIL,it_market,EQUITY
PHIA.MI,PHILIPS,Koninklijke Philips N.V.,MIL,it_market,EQUITY
DB1.MI,DEUTSCHE BOERSE,Deutsche Börse AG,MIL,it_market,EQUITY
GLE.MI,SOCIETE GENERALE,Société Générale Société anonyme,MIL,it_market,EQUITY
DBK.MI,DEUTSCHE BANK,Deutsche Bank Aktiengesellschaft,MIL,it_market,EQUITY
ORA.MI,ORANGE,Orange S.A.,MIL,it_market,EQUITY
FRE.MI,FRESENIUS,Fresenius SE & Co. KGaA,MIL,it_market,EQUITY
RWE.MI,RWE,RWE Aktiengesellschaft,MIL,it_market,EQUITY
TEF.MI,TELEFONICA,"Telefónica, S.A.",MIL,it_market,EQUITY
BEI.MI,BEIERSDORF,Beiersdorf Aktiengesellschaft,MIL,it_market,EQUITY
CON.MI,CONTINENTAL,Continental Aktiengesellschaft,MIL,it_market,EQUITY
CNHI.MI,CNH INDUSTRIAL,CNH Industrial N.V.,MIL,it_market,EQUITY
NEXI.MI,NEXI,Nexi S.p.A.,MIL,it_market,EQUITY
EXO.MI,EXOR,Exor N.V.,MIL,it_market,EQUITY
SRG.MI,SNAM,Snam S.p.A.,MIL,it_market,EQUITY
MONC.MI,MONCLER,Moncler S.p.A.,MIL,it_market,EQUITY
FME.MI,FRESENIUS MEDICAL CARE,Fresenius Medical Care AG & Co. KGaA,MIL,it_market,EQUITY
ENR.MI,SIEMENS ENERGY,Siemens Energy AG,MIL,it_market,EQUITY
PUM.MI,PUMA,PUMA SE,MIL,it_market,EQUITY
PST.MI,POSTE ITALIANE,Poste Italiane SpA,MIL,it_market,EQUITY
CRR.MI,CARREFOUR,Carrefour SA,MIL,it_market,EQUITY
ATL.MI,ATLANTIA,Atlantia SpA,MIL,it_market,EQUITY
TRN.MI,TERNA,Terna - Rete Elettrica Nazionale Società per Azioni,MIL,it_market,EQUITY
CPR.MI,CAMPARI,Davide Campari-Milano N.V.,MIL,it_market,EQUITY
EVK.MI,EVONIK INDUSTRIES,Evonik Industries AG,MIL,it_market,EQUITY
HEI.MI,HEIDELBERG CEMENT,HeidelbergCement AG,MIL,it_market,EQUITY
VIV.MI,VIVENDI,Vivendi SE,MIL,it_market,EQUITY
TEN.MI,TENARIS,Tenaris S.A.,MIL,it_market,EQUITY
REC.MI,RECORDATI ORD,Recordati Industria Chimica e Farmaceutica S.p.A.,MIL,it_market,EQUITY
RNO.MI,RENAULT,Renault SA,MIL,it_market,EQUITY
AMP.MI,AMPLIFON,Amplifon S.p.A.,MIL,it_market,EQUITY
AGN.MI,AEGON,Aegon N.V.,MIL,it_market,EQUITY
INW.MI,INWIT,Infrastrutture Wireless Italiane S.p.A.,MIL,it_market,EQUITY
TITR.MI,TELECOM ITALIA R,Telecom Italia S.p.A.,MIL,it_market,EQUITY
TIT.MI,TELECOM ITALIA,Telecom Italia S.p.A.,MIL,it_market,EQUITY
FBK.MI,FINECOBANK,FinecoBank Banca Fineco S.p.A.,MIL,it_market,EQUITY
AGS.MI,AGEAS,ageas SA/NV,MIL,it_market,EQUITY
URW.MI,WFD UNIBAIL-RODAMCO,Unibail-Rodamco-Westfield SE,MIL,it_market,EQUITY
MB.MI,MEDIOBANCA,Mediobanca Banca di Credito Finanziario S.p.A.,MIL,it_market,EQUITY
PRY.MI,PRYSMIAN,Prysmian S.p.A.,MIL,it_market,EQUITY
DIA.MI,DIASORIN,DiaSorin S.p.A.,MIL,it_market,EQUITY
LHA.MI,DEUTSCHE LUFTHANSA,Deutsche Lufthansa AG,MIL,it_market,EQUITY
EDNR.MI,EDISON R,Edison S.p.A.,MIL,it_market,EQUITY
US.MI,UNIPOLSAI,UnipolSai Assicurazioni S.p.A.,MIL,it_market,EQUITY
CVO.MI,COVIVIO,Covivio,MIL,it_market,EQUITY
IP.MI,INTERPUMP GROUP,Interpump Group S.p.A.,MIL,it_market,EQUITY
BMED.MI,BANCA MEDIOLANUM,Banca Mediolanum S.p.A.,MIL,it_market,EQUITY
PIRC.MI,PIRELLI & C,Pirelli & C. S.p.A.,MIL,it_market,EQUITY
TKA.MI,THYSSENKRUPP,thyssenkrupp AG,MIL,it_market,EQUITY
REY.MI,REPLY,Reply S.p.A.,MIL,it_market,EQUITY
EO.MI,FAURECIA,Faurecia S.E.,MIL,it_market,EQUITY
HER.MI,HERA,Hera S.p.A.,MIL,it_market,EQUITY
A2A.MI,A2A,A2A S.p.A.,MIL,it_market,EQUITY
IG.MI,ITALGAS,Italgas S.p.A.,MIL,it_market,EQUITY
DLG.MI,DE'LONGHI,De'Longhi S.p.A.,MIL,it_market,EQUITY
BB.MI,BB BIOTECH,BB Biotech AG,MIL,it_market,EQUITY
BGN.MI,BANCA GENERALI,Banca Generali S.p.A.,MIL,it_market,EQUITY
BAMI.MI,BANCO BPM,Banco BPM S.p.A.,MIL,it_market,EQUITY
BRE.MI,BREMBO,Brembo S.p.A.,MIL,it_market,EQUITY
BC.MI,BRUNELLO CUCINELLI,Brunello Cucinelli S.p.A.,MIL,it_market,EQUITY
ERG.MI,ERG,ERG S.p.A.,MIL,it_market,EQUITY
SFER.MI,SALVATORE FERRAGAMO,Salvatore Ferragamo S.p.A.,MIL,it_market,EQUITY
ACE.MI,ACEA,ACEA S.p.A.,MIL,it_market,EQUITY
BZU.MI,BUZZI UNICEM,Buzzi Unicem S.p.A.,MIL,it_market,EQUITY
LDO.MI,LEONARDO,Leonardo S.p.a.,MIL,it_market,EQUITY
UNI.MI,UNIPOL,Unipol Gruppo S.p.A.,MIL,it_market,EQUITY
AZM.MI,AZIMUT,Azimut Holding S.p.A.,MIL,it_market,EQUITY
IRE.MI,IREN,Iren SpA,MIL,it_market,EQUITY
TRIP.MI,TRIPADVISOR,"TripAdvisor, Inc.",MIL,it_market,EQUITY
SDF.MI,K+S,K+S Aktiengesellschaft,MIL,it_market,EQUITY
PSM.MI,PROSIEBENSAT1 MEDIA,ProSiebenSat.1 Media SE,MIL,it_market,EQUITY
BPE.MI,BPER BANCA,BPER Banca SpA,MIL,it_market,EQUITY
SES.MI,SESA,SeSa S.p.A.,MIL,it_market,EQUITY
CRL.MI,CAREL INDUSTRIES,Carel Industries S.p.A.,MIL,it_market,EQUITY
FKR.MI,FALCK RENEWABLES,Falck Renewables S.p.A.,MIL,it_market,EQUITY
ENAV.MI,ENAV,ENAV S.p.A.,MIL,it_market,EQUITY
WBDR.MI,WEBUILD RSP,Webuild S.p.A.,MIL,it_market,EQUITY
WBD.MI,WEBUILD,Webuild S.p.A.,MIL,it_market,EQUITY
CERV.MI,CERVED GROUP,Cerved Group S.p.A.,MIL,it_market,EQUITY
CE.MI,CREDEM,Credito Emiliano S.p.A.,MIL,it_market,EQUITY
SPM.MI,SAIPEM,Saipem SpA,MIL,it_market,EQUITY
SPMR.MI,SAIPEM RISP CV,Saipem SpA,MIL,it_market,EQUITY
SOL.MI,SOL,SOL S.p.A.,MIL,it_market,EQUITY
GVS.MI,GVS,GVS S.p.A.,MIL,it_market,EQUITY
BPSO.MI,BCA POP SONDRIO,Banca Popolare di Sondrio S.C.p.A.,MIL,it_market,EQUITY
TGYM.MI,TECHNOGYM,Technogym S.p.A.,MIL,it_market,EQUITY
TIP.MI,TAMBURI,Tamburi Investment Partners S.p.A.,MIL,it_market,EQUITY
AGL.MI,AUTOGRILL SPA,Autogrill S.p.A.,MIL,it_market,EQUITY
DANR.MI,DANIELI & C RISP NC,Danieli & C. Officine Meccaniche S.p.A.,MIL,it_market,EQUITY
TNXT.MI,TINEXTA,Tinexta S.p.A.,MIL,it_market,EQUITY
DAN.MI,DANIELI & C,Danieli & C. Officine Meccaniche S.p.A.,MIL,it_market,EQUITY
ARN.MI,ALERION,Alerion Clean Power S.p.A.,MIL,it_market,EQUITY
TOD.MI,TOD'S,TOD'S S.p.A.,MIL,it_market,EQUITY
MOL.MI,MUTUIONLINE,Gruppo MutuiOnline S.p.A,MIL,it_market,EQUITY
ANIM.MI,ANIMA HOLDING,Anima Holding S.p.A.,MIL,it_market,EQUITY
MT.MI,MAIRE TECNIMONT,Maire Tecnimont S.p.A.,MIL,it_market,EQUITY
SCF.MI,SALCEF GROUP,Salcef Group S.p.A.,MIL,it_market,EQUITY
ZV.MI,ZIGNAGO VETRO,Zignago Vetro S.p.A.,MIL,it_market,EQUITY
RWAY.MI,RAI WAY,Rai Way S.p.A.,MIL,it_market,EQUITY
ITM.MI,ITALMOBILIARE,Italmobiliare S.p.A.,MIL,it_market,EQUITY
BFF.MI,BFF BANK,BFF Bank S.p.A.,MIL,it_market,EQUITY
SL.MI,SANLORENZO,Sanlorenzo S.p.A.,MIL,it_market,EQUITY
CASS.MI,CATTOLICA ASS,Società Cattolica di Assicurazione - Società Cooperativa,MIL,it_market,EQUITY
CEM.MI,CEMENTIR HOLDING,Cementir Holding N.V.,MIL,it_market,EQUITY
MARR.MI,MARR,MARR S.p.A.,MIL,it_market,EQUITY
ELN.MI,EL.EN.,EL.En. S.p.A.,MIL,it_market,EQUITY
DGV.MI,DIGITAL VALUE,Digital Value S.p.A.,MIL,it_market,EQUITY
ILTY.MI,ILLIMITY BANK,illimity Bank S.p.A.,MIL,it_market,EQUITY
FCT.MI,FINCANTIERI,Fincantieri S.p.A.,MIL,it_market,EQUITY
PIA.MI,PIAGGIO,Piaggio & C. SpA,MIL,it_market,EQUITY
ARIS.MI,ARISTON HOLDING,Ariston Holding N.V.,MIL,it_market,EQUITY
WIIT.MI,WIIT,Wiit S.p.A.,MIL,it_market,EQUITY
IOT.MI,SECO,SECO S.p.A.,MIL,it_market,EQUITY
IF.MI,BANCA IFIS,Banca IFIS S.p.A.,MIL,it_market,EQUITY
JUVE.MI,JUVENTUS FC,Juventus Football Club S.p.A.,MIL,it_market,EQUITY
BMPS.MI,BCA MPS,Banca Monte dei Paschi di Siena S.p.A.,MIL,it_market,EQUITY
AV.MI,ANTARES VISION,Antares Vision S.p.A.,MIL,it_market,EQUITY
DAL.MI,DATALOGIC,Datalogic S.p.A.,MIL,it_market,EQUITY
PHN.MI,PHARMANUTRA,Pharmanutra S.p.A.,MIL,it_market,EQUITY
ASC.MI,ASCOPIAVE,Ascopiave S.p.A.,MIL,it_market,EQUITY
OVS.MI,OVS,OVS S.p.A.,MIL,it_market,EQUITY
BFG.MI,B.F.,B.F. S.p.A.,MIL,it_market,EQUITY
CRG.MI,BCA CARIGE,Banca Carige S.p.A. - Cassa di Risparmio di Genova e Imperia,MIL,it_market,EQUITY
BSS.MI,BIESSE,Biesse S.p.A.,MIL,it_market,EQUITY
DOV.MI,DOVALUE,doValue S.p.A.,MIL,it_market,EQUITY
COM.MI,COMER INDUSTRIES,Comer Industries S.p.A.,MIL,it_market,EQUITY
SFL.MI,SAFILO GROUP,Safilo Group S.p.A.,MIL,it_market,EQUITY
PRT.MI,ESPRINET,Esprinet S.p.A.,MIL,it_market,EQUITY
CIR.MI,CIR,CIR S.p.A. - Compagnie Industriali Riunite,MIL,it_market,EQUITY
PHIL.MI,PHILOGEN,Philogen S.p.A.,MIL,it_market,EQUITY
CMB.MI,CEMBRE,Cembre S.p.A.,MIL,it_market,EQUITY
MN.MI,MONDADORI EDIT,Arnoldo Mondadori Editore S.p.A.,MIL,it_market,EQUITY
SRS.MI,SARAS,Saras S.p.A.,MIL,it_market,EQUITY
PVN.MI,PIOVAN,Piovan S.p.A.,MIL,it_market,EQUITY
LD.MI,LA DORIA,La Doria S.p.A.,MIL,it_market,EQUITY
FILA.MI,FILA,F.I.L.A. - Fabbrica Italiana Lapis ed Affini S.p.A.,MIL,it_market,EQUITY
ACS.MI,ACSM-AGAM,Acsm-Agam S.p.A.,MIL,it_market,EQUITY
LUVE.MI,LUVE,LU-VE S.p.A.,MIL,it_market,EQUITY
GHC.MI,GAROFALO HEALTH CARE,Garofalo Health Care S.p.A.,MIL,it_market,EQUITY
SERI.MI,SERI INDUSTRIAL,Seri Industrial S.p.A.,MIL,it_market,EQUITY
CALT.MI,CALTAGIRONE,Caltagirone SpA,MIL,it_market,EQUITY
RCS.MI,RCS MEDIAGROUP,RCS MediaGroup S.p.A.,MIL,it_market,EQUITY
IGD.MI,IGD,Immobiliare Grande Distribuzione SIIQ S.p.A.,MIL,it_market,EQUITY
BDB.MI,BCO DESIO BRIANZA,Banco di Desio e della Brianza S.p.A.,MIL,it_market,EQUITY
UNIR.MI,UNIEURO,Unieuro S.p.A.,MIL,it_market,EQUITY
SGR.MI,SAES GETTERS RISP NC,SAES Getters S.p.A.,MIL,it_market,EQUITY
ECNL.MI,AQUAFIL,Aquafil S.p.A.,MIL,it_market,EQUITY
SG.MI,SAES GETTERS,SAES Getters S.p.A.,MIL,it_market,EQUITY
DIB.MI,DIGITAL BROS,Digital Bros S.p.A.,MIL,it_market,EQUITY
IWB.MI,ITALIAN WINE BRANDS,Italian Wine Brands S.p.A.,MIL,it_market,EQUITY
FF.MI,FINE FOODS & PHARMACEUTICALS NT,Fine Foods & Pharmaceuticals N.T.M. S.p.A.,MIL,it_market,EQUITY
DEA.MI,DEA CAPITAL,DeA Capital S.p.A.,MIL,it_market,EQUITY
ADB.MI,AEROPORTO GUGLIELMO MARCONI DI ,Aeroporto Guglielmo Marconi di Bologna S.p.A.,MIL,it_market,EQUITY
EM.MI,EMAK,Emak S.p.A.,MIL,it_market,EQUITY
BEST.MI,BE,Be Shaping The Future S.p.A.,MIL,it_market,EQUITY
FUM.MI,FRANCHI UMBERTO MARMI,Franchi Umberto Marmi S.p.A.,MIL,it_market,EQUITY
BAN.MI,BASICNET,BasicNet S.p.A.,MIL,it_market,EQUITY
ITD.MI,INTRED,Intred S.p.A.,MIL,it_market,EQUITY
AVIO.MI,AVIO,Avio S.p.A.,MIL,it_market,EQUITY
FNM.MI,FNM,FNM S.p.A.,MIL,it_market,EQUITY
NWL.MI,NEWLAT FOOD,Newlat Food S.p.A.,MIL,it_market,EQUITY
GEO.MI,GEOX,Geox S.p.A.,MIL,it_market,EQUITY
AEF.MI,AEFFE,Aeffe S.p.A.,MIL,it_market,EQUITY
SAB.MI,SABAF,Sabaf S.p.A.,MIL,it_market,EQUITY
CAI.MI,CAIRO COMMUNICATION,Cairo Communication S.p.A.,MIL,it_market,EQUITY
CRES.MI,COIMA RES,Coima Res S.p.A.,MIL,it_market,EQUITY
GPI.MI,GPI,GPI S.p.A.,MIL,it_market,EQUITY
SOM.MI,SOMEC,Somec S.p.A.,MIL,it_market,EQUITY
SIT.MI,SIT,SIT S.p.A.,MIL,it_market,EQUITY
TYA.MI,TOSCANA AEROPORTI,Toscana Aeroporti S.p.A.,MIL,it_market,EQUITY
FM.MI,FIERA MILANO,Fiera Milano SpA,MIL,it_market,EQUITY
SCK.MI,SCIUKER FRAMES,Sciuker Frames S.p.A.,MIL,it_market,EQUITY
RN.MI,RISANAMENTO,Risanamento SpA,MIL,it_market,EQUITY
ELC.MI,ELICA,Elica S.p.A.,MIL,it_market,EQUITY
IVS.MI,IVS GROUP,IVS Group S.A.,MIL,it_market,EQUITY
PITE.MI,PITECO,PITECO S.p.A.,MIL,it_market,EQUITY
ABT.MI,ABITARE IN,Abitare In S.p.A.,MIL,it_market,EQUITY
IKG.MI,INTEK GROUP,Intek Group S.p.A.,MIL,it_market,EQUITY
ORS.MI,ORSERO,Orsero S.p.A.,MIL,it_market,EQUITY
IKGR.MI,INTEK GROUP RSP,Intek Group S.p.A.,MIL,it_market,EQUITY
PRI.MI,PRIMA INDUSTRIE,Prima Industrie SpA,MIL,it_market,EQUITY
ASR.MI,A.S. ROMA,A.S. Roma S.P.A.,MIL,it_market,EQUITY
LBM.MI,LABOMAR,Labomar S.p.A.,MIL,it_market,EQUITY
TAS.MI,TAS,TAS Tecnologia Avanzata dei Sistemi S.p.A.,MIL,it_market,EQUITY
FAR.MI,FARMAE,Farmaè S.p.A.,MIL,it_market,EQUITY
ETH.MI,EUROTECH,Eurotech S.p.A.,MIL,it_market,EQUITY
INC.MI,INNOVATEC,Innovatec S.p.A.,MIL,it_market,EQUITY
EQUI.MI,EQUITA GROUP,Equita Group S.p.A.,MIL,it_market,EQUITY
CY4.MI,CY4GATE,Cy4gate S.p.A.,MIL,it_market,EQUITY
BST.MI,BANCA SISTEMA,Banca Sistema S.p.A.,MIL,it_market,EQUITY
OJM.MI,OPENJOBMETIS,Openjobmetis S.p.A.,MIL,it_market,EQUITY
GE.MI,GEFRAN,Gefran S.p.A.,MIL,it_market,EQUITY
IMS.MI,IMMSI,Immsi S.p.A.,MIL,it_market,EQUITY
BEC.MI,B&C SPEAKERS,B&C Speakers S.p.A.,MIL,it_market,EQUITY
INDB.MI,INDEL B,Indel B S.p.A.,MIL,it_market,EQUITY
GSP.MI,GAS PLUS,Gas Plus S.p.A.,MIL,it_market,EQUITY
VLS.MI,VALSOIA,Valsoia S.p.A.,MIL,it_market,EQUITY
SO.MI,SOGEFI,Sogefi S.p.A.,MIL,it_market,EQUITY
PRO.MI,BCA PROFILO,Banca Profilo S.p.A.,MIL,it_market,EQUITY
EDAC.MI,EDILIZIACROBATICA,EdiliziAcrobatica S.p.A.,MIL,it_market,EQUITY
RFG.MI,RACING FORCE,Racing Force S.P.A.,MIL,it_market,EQUITY
TFI.MI,TREVI FIN IND,TREVI - Finanziaria Industriale S.p.A.,MIL,it_market,EQUITY
AIW.MI,ALMAWAVE,Almawave S.p.A.,MIL,it_market,EQUITY
UD.MI,UNIDATA,Unidata S.p.A.,MIL,it_market,EQUITY
POR.MI,PORTOBELLO,Portobello S.p.A.,MIL,it_market,EQUITY
MASI.MI,MASI AGRICOLA,Masi Agricola S.p.A.,MIL,it_market,EQUITY
MIT.MI,MITTEL,Mittel S.p.A,MIL,it_market,EQUITY
AUTME.MI,AUTOSTRADE MERID,Autostrade Meridionali S.p.A.,MIL,it_market,EQUITY
GAB.MI,GABETTI,Gabetti Property Solutions S.p.A.,MIL,it_market,EQUITY
CED.MI,CALTAGIRONE EDIT,Caltagirone Editore SpA,MIL,it_market,EQUITY
ALK.MI,ALKEMY,Alkemy S.p.A.,MIL,it_market,EQUITY
DIS.MI,D'AMICO,d'Amico International Shipping S.A.,MIL,it_market,EQUITY
TXT.MI,TXT E-SOLUTIONS,TXT e-solutions S.p.A.,MIL,it_market,EQUITY
EXAI.MI,EXPERT.AI,Expert.ai S.p.A.,MIL,it_market,EQUITY
NET.MI,NET INSURANCE,Net Insurance S.p.A.,MIL,it_market,EQUITY
ABP.MI,A.B.P. NOCIVELLI,Azienda Bresciana Petroli Nocivelli S.p.A.,MIL,it_market,EQUITY
OMER.MI,OMER,OMER S.p.A.,MIL,it_market,EQUITY
XPR.MI,EXPRIVIA,Exprivia S.p.A.,MIL,it_market,EQUITY
ATH.MI,AMBIENTHESIS,Ambienthesis S.p.A.,MIL,it_market,EQUITY
IB.MI,INIZIATIVE BRESCIANE,Iniziative Bresciane S.p.A.,MIL,it_market,EQUITY
ASSI.MI,ASSITECA,Assiteca S.p.A.,MIL,it_market,EQUITY
TIS.MI,TISCALI,Tiscali Spa,MIL,it_market,EQUITY
DOX.MI,DOXEE,Doxee S.p.A.,MIL,it_market,EQUITY
RLT.MI,RELATECH,Relatech S.p.A.,MIL,it_market,EQUITY
RAT.MI,RATTI,Ratti S.p.A.,MIL,it_market,EQUITY
LR.MI,LANDI RENZO,Landi Renzo S.p.A.,MIL,it_market,EQUITY
ALA.MI,ALA,A.L.A. società per azioni,MIL,it_market,EQUITY
SPN.MI,SPINDOX,Spindox S.p.A.,MIL,it_market,EQUITY
EMC.MI,ENERGICA MOTOR COMPANY,Energica Motor Company S.p.A.,MIL,it_market,EQUITY
PTR.MI,PATTERN,Pattern S.p.A.,MIL,it_market,EQUITY
INT.MI,INTERMONTE PARTNERS SIM,Intermonte Partners SIM S.p.A.,MIL,it_market,EQUITY
PQ.MI,PIQUADRO,Piquadro S.p.A.,MIL,it_market,EQUITY
ZUC.MI,ZUCCHI,Vincenzo Zucchi S.p.A.,MIL,it_market,EQUITY
BE.MI,BEGHELLI,Beghelli S.p.A.,MIL,it_market,EQUITY
BFE.MI,BCA FINNAT,Banca Finnat Euramerica S.p.A.,MIL,it_market,EQUITY
OS.MI,OFFICINA STELLARE,Officina Stellare S.p.A.,MIL,it_market,EQUITY
SEB.MI,SEBINO,Sebino S.p.A.,MIL,it_market,EQUITY
VNT.MI,VANTEA SMART,Vantea SMART S.p.A.,MIL,it_market,EQUITY
IE.MI,IERVOLINO & LADY BACARDI ENTERT,Iervolino & Lady Bacardi Entertainment S.p.A.,MIL,it_market,EQUITY
TCM.MI,TECMA SOLUTIONS,Tecma Solutions S.p.A.,MIL,it_market,EQUITY
DIG.MI,DIGITAL360,Digital360 S.p.A.,MIL,it_market,EQUITY
CELL.MI,CELLULARLINE,Cellularline S.p.A.,MIL,it_market,EQUITY
CFL.MI,COFLE,Cofle S.p.A.,MIL,it_market,EQUITY
IEG.MI,ITALIAN EXHIBITION GROUP,Italian Exhibition Group S.p.A.,MIL,it_market,EQUITY
IRC.MI,IRCE,IRCE S.p.A.,MIL,it_market,EQUITY
B.MI,BASTOGI SPA,Bastogi S.p.A.,MIL,it_market,EQUITY
BIM.MI,BANCA INTERMOBILIARE,Banca Intermobiliare di Investimenti e Gestioni SpA,MIL,it_market,EQUITY
OSA.MI,OSAI AUTOMATION SYSTEM,OSAI Automation System S.p.A.,MIL,it_market,EQUITY
REEVO.MI,REEVO,Reevo S.P.A.,MIL,it_market,EQUITY
NR.MI,NEXT RE,Next Re SIIQ S.p.A.,MIL,it_market,EQUITY
PINF.MI,PININFARINA SPA,Pininfarina S.p.A.,MIL,it_market,EQUITY
DHH.MI,DHH,Dominion Hosting Holding S.p.A.,MIL,it_market,EQUITY
CYB.MI,CYBEROO,Cyberoo S.p.A.,MIL,it_market,EQUITY
BRI.MI,BRIOSCHI,Brioschi Sviluppo Immobiliare S.p.A.,MIL,it_market,EQUITY
SSL.MI,S.S. LAZIO,S.S. Lazio S.p.A.,MIL,it_market,EQUITY
STAR7.MI,STAR7,Star7 S.p.A.,MIL,it_market,EQUITY
ENV.MI,ENERVIT,Enervit S.p.A.,MIL,it_market,EQUITY
DATA.MI,DATRIX,Datrix S.p.A.,MIL,it_market,EQUITY
FPE.MI,FOPE,Fope S.p.A.,MIL,it_market,EQUITY
PLT.MI,PLANETEL,Planetel S.p.A.,MIL,it_market,EQUITY
SRI.MI,SERVIZI ITALIA,Servizi Italia S.p.A.,MIL,it_market,EQUITY
ESAU.MI,ESAUTOMOTION,Esautomotion S.p.A.,MIL,it_market,EQUITY
EVS.MI,EVISO,eVISO S.p.A.,MIL,it_market,EQUITY
NDT.MI,NEODECORTECH,Neodecortech S.p.A.,MIL,it_market,EQUITY
REN.MI,RENERGETICA,Renergetica S.p.A.,MIL,it_market,EQUITY
MTV.MI,MONDO TV,Mondo TV S.p.A.,MIL,it_market,EQUITY
FIC.MI,FIRST CAPITAL,First Capital S.p.A.,MIL,it_market,EQUITY
EEMS.MI,EEMS,EEMS Italia SpA,MIL,it_market,EQUITY
PLC.MI,PLC,PLC S.p.A.,MIL,it_market,EQUITY
ILP.MI,ILPRA,ILPRA S.p.A.,MIL,it_market,EQUITY
PMT.MI,PROMOTICA,Promotica S.p.A.,MIL,it_market,EQUITY
PRL.MI,PIERREL,Pierrel S.p.A.,MIL,it_market,EQUITY
PWS.MI,POWERSOFT,Powersoft S.p.A.,MIL,it_market,EQUITY
SHE.MI,SHEDIR PHARMA GROUP,Shedir Pharma Group S.p.A.,MIL,it_market,EQUITY
ELES.MI,ELES,ELES Semiconductor Equipment S.p.A.,MIL,it_market,EQUITY
CLI.MI,CENTRALE DEL LATTE D'ITALIA,Centrale del Latte d'Italia S.p.A.,MIL,it_market,EQUITY
IGV.MI,I GRANDI VIAGGI,I Grandi Viaggi S.p.A.,MIL,it_market,EQUITY
GRAL.MI,GRIFAL,Grifal S.p.A.,MIL,it_market,EQUITY
NSP.MI,NEOSPERIENCE,Neosperience S.p.A.,MIL,it_market,EQUITY
AED.MI,AEDES,Aedes SIIQ S.p.A.,MIL,it_market,EQUITY
FNL.MI,FINLOGIC,Finlogic S.p.A.,MIL,it_market,EQUITY
TB.MI,TRIBOO,Triboo S.p.A.,MIL,it_market,EQUITY
MAPS.MI,MAPS,Maps S.p.A.,MIL,it_market,EQUITY
SITI.MI,SITI - B&T,SITI - B&T Group S.p.A.,MIL,it_market,EQUITY
ICF.MI,INDUSTRIE CHIMICHE FORESTALI,Industrie Chimiche Forestali S.p.A.,MIL,it_market,EQUITY
TPS.MI,TPS,Technical Publications Service S.p.A.,MIL,it_market,EQUITY
LFG.MI,LEONE FILM GROUP,Leone Film Group S.p.A.,MIL,it_market,EQUITY
EUK.MI,EUKEDOS,EuKedos S.p.A.,MIL,it_market,EQUITY
DM.MI,DIGITAL MAGICS,Digital Magics S.p.A.,MIL,it_market,EQUITY
CULT.MI,CULTI MILANO,Culti Milano S.p.A.,MIL,it_market,EQUITY
FVI.MI,FERVI,Fervi S.p.A.,MIL,it_market,EQUITY
SOF.MI,SOFTLAB,Softlab S.p.A.,MIL,it_market,EQUITY
NPI.MI,NOTORIOUS PICTURES,Notorious Pictures S.p.A.,MIL,it_market,EQUITY
COV.MI,COVER 50,COVER 50 S.p.A.,MIL,it_market,EQUITY
GG.MI,GIGLIO GROUP,Giglio Group S.p.A.,MIL,it_market,EQUITY
BIA.MI,BIALETTI INDUSTRIE,Bialetti Industrie S.p.A,MIL,it_market,EQUITY
VIA.MI,VIANINI,Vianini S.p.A.,MIL,it_market,EQUITY
STG.MI,SOLUZIONE TASSE,Soluzione Tasse S.p.A.,MIL,it_market,EQUITY
S24.MI,IL SOLE 24 ORE,Il Sole 24 ORE S.p.A.,MIL,it_market,EQUITY
JNX.MI,JONIX,JONIX S.p.A.,MIL,it_market,EQUITY
NUS.MI,NUSCO,Nusco S.p.A.,MIL,it_market,EQUITY
FARM.MI,H-FARM,H-Farm S.p.A.,MIL,it_market,EQUITY
MOLD.MI,COSTAMP GROUP,Costamp Group S.p.A.,MIL,it_market,EQUITY
MARP.MI,MARZOCCHI POMPE,Marzocchi Pompe S.p.A.,MIL,it_market,EQUITY
WEB.MI,WEBSOLUTE,Websolute S.p.A.,MIL,it_market,EQUITY
BO.MI,BORGOSESIA,Borgosesia S.p.A.,MIL,it_market,EQUITY
CML.MI,COMAL,Comal S.p.A.,MIL,it_market,EQUITY
RETI.MI,RETI,Reti S.p.A.,MIL,it_market,EQUITY
MFT.MI,MATICA FINTEC,Matica Fintec S.p.A.,MIL,it_market,EQUITY
SOU.MI,SOURCESENSE,Sourcesense S.p.A.,MIL,it_market,EQUITY
HI.MI,HEALTH ITALIA,Health Italia S.p.A.,MIL,it_market,EQUITY
NVP.MI,NVP,NVP S.p.A.,MIL,it_market,EQUITY
EVA.MI,ASKOLL EVA,Askoll Eva SpA,MIL,it_market,EQUITY
UBM.MI,ULISSE BIOMED,Ulisse Biomed S.p.A.,MIL,it_market,EQUITY
ALF.MI,ALFONSINO,Alfonsino S.p.A.,MIL,it_market,EQUITY
IDNTT.MI,ID-ENTITY,ID-ENTITY SA,MIL,it_market,EQUITY
DGT.MI,DIGITOUCH,DigiTouch S.p.A.,MIL,it_market,EQUITY
FOS.MI,FOS,Fos S.p.A.,MIL,it_market,EQUITY
CLA.MI,CLABO,Clabo S.p.A.,MIL,it_market,EQUITY
CVG.MI,CONVERGENZE,Convergenze S.p.A. Società Benefit,MIL,it_market,EQUITY
LON.MI,LONGINO&CARDENAL,Longino & Cardenal S.p.A.,MIL,it_market,EQUITY
ESI.MI,ESI,ESI S.p.A.,MIL,it_market,EQUITY
CLF.MI,CALEFFI,Caleffi S.p.A.,MIL,it_market,EQUITY
VIM.MI,VIMI FASTENERS,vimi fasteners S.p.a.,MIL,it_market,EQUITY
NRST.MI,NEUROSOFT,Neurosoft Software Production S.A.,MIL,it_market,EQUITY
LVEN.MI,LVENTURE GROUP,LVenture Group S.p.A.,MIL,it_market,EQUITY
CNF.MI,CONAFI,Conafi S.p.A.,MIL,it_market,EQUITY
LMG.MI,LUCISANO MEDIA GROUP,Lucisano Media Group S.p.A.,MIL,it_market,EQUITY
IIG.MI,ITALIA INDEPENDENT,Italia Independent Group S.p.A.,MIL,it_market,EQUITY
ABS.MI,ARTERRA BIOSCIENCE,Arterra Bioscience S.p.A.,MIL,it_market,EQUITY
CFV.MI,CONFINVEST,Confinvest F.L. S.p.A.,MIL,it_market,EQUITY
FDE.MI,FRENDY ENERGY,Frendy Energy S.p.A.,MIL,it_market,EQUITY
ABTG.MI,ALFIO BARDOLLA,Alfio Bardolla Training Group S.p.A.,MIL,it_market,EQUITY
MNL.MI,MONNALISA,Monnalisa S.p.A.,MIL,it_market,EQUITY
DBA.MI,DBA GROUP,DBA Group S.p.A.,MIL,it_market,EQUITY
DIT.MI,DESTINATION ITALIA,Destination Italia S.p.A.,MIL,it_market,EQUITY
ECK.MI,ECOSUNTEK,Ecosuntek S.p.A.,MIL,it_market,EQUITY
ATON.MI,ATON GREEN STORAGE,ATON Green Storage S.p.A.,MIL,it_market,EQUITY
4AIM.MI,4AIM SICAF,4AIM SICAF S.p.A.,MIL,it_market,EQUITY
GSR.MI,G RENT,G Rent S.p.A.,MIL,it_market,EQUITY
TES.MI,TESMEC,Tesmec S.p.A.,MIL,it_market,EQUITY
ITW.MI,IT WAY,Itway S.p.A.,MIL,it_market,EQUITY
FNX.MI,FENIX ENTERTAINMENT,Fenix Entertainment S.p.A.,MIL,it_market,EQUITY
GO.MI,GO INTERNET,GO internet S.p.A.,MIL,it_market,EQUITY
CIRC.MI,CIRCLE,Circle S.p.A.,MIL,it_market,EQUITY
MON.MI,MONRIF,Monrif S.p.A.,MIL,it_market,EQUITY
TWL.MI,TRAWELL CO,TraWell Co S.p.A.,MIL,it_market,EQUITY
KIP.MI,KOLINPHARMA,Kolinpharma S.p.A.,MIL,it_market,EQUITY
CLE.MI,CLASS EDITORI,Class Editori Spa,MIL,it_market,EQUITY
POPR.MI,POLIGRAFICI PRINTING,Poligrafici Printing S.p.A.,MIL,it_market,EQUITY
GEQ.MI,GEQUITY,Gequity S.p.A.,MIL,it_market,EQUITY
GEL.MI,GEL,Gel S.p.A.,MIL,it_market,EQUITY
FED.MI,GIORGIO FEDON,Giorgio Fedon & Figli Spa,MIL,it_market,EQUITY
TD.MI,TRENDEVICE,TrenDevice S.p.A.,MIL,it_market,EQUITY
RAD.MI,RADICI,Radici Pietro Industries & Brands S.p.A.,MIL,it_market,EQUITY
MTS.MI,MIT SIM,MiT Sim S.p.A.,MIL,it_market,EQUITY
GIS.MI,GISMONDI 1754,Gismondi 1754 S.p.A.,MIL,it_market,EQUITY
PRM.MI,PRISMI,Prismi S.p.A.,MIL,it_market,EQUITY
CSP.MI,CSP INT IND CALZE,CSP International Fashion Group S.p.A.,MIL,it_market,EQUITY
BFC.MI,BFC MEDIA,BFC Media S.p.A.,MIL,it_market,EQUITY
SEIF.MI,SOCIETA' EDITORIALE IL FATTO,Società Editoriale Il Fatto S.p.A.,MIL,it_market,EQUITY
FUL.MI,FULLSIX,FullSix S.p.A.,MIL,it_market,EQUITY
COP.MI,COPERNICO,Copernico Sim S.p.A.,MIL,it_market,EQUITY
RST.MI,RESTART,Restart SIIQ S.p.A.,MIL,it_market,EQUITY
ROS.MI,ROSSS,Rosss S.p.A.,MIL,it_market,EQUITY
FDA.MI,FIDIA,Fidia S.p.A.,MIL,it_market,EQUITY
TNX.MI,TENAX INTERNATIONAL,Tenax International S.p.A.,MIL,it_market,EQUITY
CBB.MI,CLEANBNB,CleanBnB S.p.A.,MIL,it_market,EQUITY
AGA.MI,AGATOS,Agatos S.p.A.,MIL,it_market,EQUITY
AMB.MI,AMBROMOBILIARE,Ambromobiliare S.p.A.,MIL,it_market,EQUITY
TTT.MI,TITANMET,TitanMet S.p.A.,MIL,it_market,EQUITY
SCM.MI,SOLUTIONS CAPITAL MANAGEMENT SI,Solutions Capital Management SIM S.p.A.,MIL,it_market,EQUITY
NTW.MI,NETWEEK,Netweek S.p.A.,MIL,it_market,EQUITY
PSA.MI,PORTALE SARDEGNA,Portale Sardegna S.p.A.,MIL,it_market,EQUITY
ENT.MI,ENERTRONICA SANTERNO,Enertronica Santerno S.p.A.,MIL,it_market,EQUITY
FCM.MI,FRIULCHEM,Friulchem S.p.A.,MIL,it_market,EQUITY
EPR.MI,EPRICE,ePRICE S.p.A.,MIL,it_market,EQUITY
TLS.MI,TELESIA,Telesia S.p.A.,MIL,it_market,EQUITY
U24.MI,UCAPITAL24,UCapital24 S.p.A.,MIL,it_market,EQUITY
GAMB.MI,GAMBERO ROSSO,Gambero Rosso S.p.A.,MIL,it_market,EQUITY
CDG.MI,CASTA DIVA GROUP,Casta Diva Group S.p.A.,MIL,it_market,EQUITY
SOS.MI,SOSTRAVEL.COM,SosTravel.com S.P.A.,MIL,it_market,EQUITY
CIA.MI,CIA,Compagnia Immobiliare Azionaria S.p.A.,MIL,it_market,EQUITY
CFM.MI,CROWDFUNDME,CrowdFundMe S.p.A.,MIL,it_market,EQUITY
MTF.MI,MONDO TV FRANCE,Mondo TV France Société Anonyme,MIL,it_market,EQUITY
CASA.MI,CASASOLD,CASASOLD S.p.A.,MIL,it_market,EQUITY
FHR.MI,FABILIA,Fabilia Group S.p.A.,MIL,it_market,EQUITY
MSU.MI,MONDO TV SUISSE,Mondo TV Suisse S.A.,MIL,it_market,EQUITY
YSFT.MI,SOFTEC,Softec S.p.A.,MIL,it_market,EQUITY
SGC.MI,SG COMPANY,SG Company S.p.A.,MIL,it_market,EQUITY
BIE.MI,BIOERA,Bioera S.p.A.,MIL,it_market,EQUITY
YIV.MI,IMVEST,Imvest S.p.A.,MIL,it_market,EQUITY
ILLA.MI,ILLA,Illa S.p.A.,MIL,it_market,EQUITY
WMC.MI,WM CAPITAL,WM Capital S.p.A.,MIL,it_market,EQUITY
VE.MI,VISIBILIA EDITORE,Visibilia Editore S.p.A.,MIL,it_market,EQUITY
KI.MI,KI GROUP,Ki Group S.p.A.,MIL,it_market,EQUITY
F15595.MI,,,MIL,it_market,EQUITY
P154I3.MI,,,MIL,it_market,EQUITY
F16552.MI,,,MIL,it_market,EQUITY
F18916.MI,,,MIL,it_market,EQUITY
UB19KH.MI,,,MIL,it_market,EQUITY
P15YS3.MI,,,MIL,it_market,EQUITY
P15IR8.MI,,,MIL,it_market,EQUITY
P16C38.MI,,,MIL,it_market,EQUITY
P16GG3.MI,,,MIL,it_market,EQUITY
I07856.MI,,,MIL,it_market,EQUITY
P166K3.MI,,,MIL,it_market,EQUITY
F18108.MI,,,MIL,it_market,EQUITY
P15IP2.MI,,,MIL,it_market,EQUITY
P16DJ4.MI,,,MIL,it_market,EQUITY
UB2AWL.MI,,,MIL,it_market,EQUITY
UB27SG.MI,,,MIL,it_market,EQUITY
UB1ZJZ.MI,,,MIL,it_market,EQUITY
P16OV6.MI,,,MIL,it_market,EQUITY
F18411.MI,,,MIL,it_market,EQUITY
P16MP2.MI,,,MIL,it_market,EQUITY
S27831.MI,,,MIL,it_market,EQUITY
P16DP1.MI,,,MIL,it_market,EQUITY
P15IO5.MI,,,MIL,it_market,EQUITY
P16CF4.MI,,,MIL,it_market,EQUITY
PA6100.MI,,,MIL,it_market,EQUITY
F15673.MI,,,MIL,it_market,EQUITY
I74876.TI,,,TLO,it_market,EQUITY
P15M60.MI,,,MIL,it_market,EQUITY
P14X35.MI,,,MIL,it_market,EQUITY
W17863.MI,,,MIL,it_market,EQUITY
OV8CTE.TI,,,TLO,it_market,EQUITY
S27616.MI,,,MIL,it_market,EQUITY
UR9FZQ.MI,,,MIL,it_market,EQUITY
G01KP2.TI,,,TLO,it_market,EQUITY
UR9GYF.MI,,,MIL,it_market,EQUITY
I07817.MI,,,MIL,it_market,EQUITY
P15NF3.MI,,,MIL,it_market,EQUITY
P15IA4.MI,,,MIL,it_market,EQUITY
P14SQ2.MI,,,MIL,it_market,EQUITY
I07874.MI,,,MIL,it_market,EQUITY
P15BU7.MI,,,MIL,it_market,EQUITY
W1VSV8.MI,,,MIL,it_market,EQUITY
F17349.MI,,,MIL,it_market,EQUITY
UR9SZG.MI,,,MIL,it_market,EQUITY
X37838.TI,,,TLO,it_market,EQUITY
P14RQ4.MI,,,MIL,it_market,EQUITY
I44624.TI,,,TLO,it_market,EQUITY
P159H4.MI,,,MIL,it_market,EQUITY
OR9YKE.TI,,,TLO,it_market,EQUITY
F16412.MI,,,MIL,it_market,EQUITY
X91773.TI,,,TLO,it_market,EQUITY
X35987.TI,,,TLO,it_market,EQUITY
I07636.MI,,,MIL,it_market,EQUITY
X43858.TI,,,TLO,it_market,EQUITY
C85041.TI,,,TLO,it_market,EQUITY
UR9FZS.MI,,,MIL,it_market,EQUITY
F15927.MI,,,MIL,it_market,EQUITY
Q00401.MI,,,MIL,it_market,EQUITY
I07814.MI,,,MIL,it_market,EQUITY
X31602.TI,,,TLO,it_market,EQUITY
C84636.TI,,,TLO,it_market,EQUITY
UB0WG1.MI,,,MIL,it_market,EQUITY
F16162.MI,,,MIL,it_market,EQUITY
UB1P81.MI,,,MIL,it_market,EQUITY
Q00463.MI,,,MIL,it_market,EQUITY
C25880.TI,,,TLO,it_market,EQUITY
C44432.TI,,,TLO,it_market,EQUITY
1BR1.TI,WFD UNIBAIL-RODAMCO,,TLO,it_market,EQUITY
X94048.TI,,,TLO,it_market,EQUITY
P167O3.MI,,,MIL,it_market,EQUITY
F0045A.TI,,,TLO,it_market,EQUITY
VNA.TI,VONOVIA,,TLO,it_market,EQUITY
JS38G9.TI,,,TLO,it_market,EQUITY
ABI.TI,ANHEUSER-BUSCH INBEV,,TLO,it_market,EQUITY
P16JB8.MI,,,MIL,it_market,EQUITY
X16140.TI,,,TLO,it_market,EQUITY
X44593.TI,,,TLO,it_market,EQUITY
BBVA-U.TI,BBVA,,TLO,it_market,EQUITY
C25223.TI,,,TLO,it_market,EQUITY
CB-U.TI,COMMERZBANK,,TLO,it_market,EQUITY
EOA.TI,E.ON,,TLO,it_market,EQUITY
JS3881.TI,,,TLO,it_market,EQUITY
CONG-U.TI,CONTINENTAL,,TLO,it_market,EQUITY
HEN3.TI,HENKEL PREF,,TLO,it_market,EQUITY
X75855.TI,,,TLO,it_market,EQUITY
P14IB5.MI,,,MIL,it_market,EQUITY
F18864.MI,,,MIL,it_market,EQUITY
X69228.TI,,,TLO,it_market,EQUITY
UR9GYJ.MI,,,MIL,it_market,EQUITY
Q00446.MI,,,MIL,it_market,EQUITY
UR9FZT.MI,,,MIL,it_market,EQUITY
P15SU1.MI,,,MIL,it_market,EQUITY
Q00449.MI,,,MIL,it_market,EQUITY
F19005.MI,,,MIL,it_market,EQUITY
F15932.MI,,,MIL,it_market,EQUITY
Q00594.MI,,,MIL,it_market,EQUITY
Q00595.MI,,,MIL,it_market,EQUITY
X99258.TI,,,TLO,it_market,EQUITY
UR9GYG.MI,,,MIL,it_market,EQUITY
P14XY6.MI,,,MIL,it_market,EQUITY
I07632.MI,,,MIL,it_market,EQUITY
P15VR1.MI,,,MIL,it_market,EQUITY
P16R72.MI,,,MIL,it_market,EQUITY
UB262D.MI,,,MIL,it_market,EQUITY
UB1GCU.MI,,,MIL,it_market,EQUITY
Q00450.MI,,,MIL,it_market,EQUITY
F18939.MI,,,MIL,it_market,EQUITY
UB1ZGJ.MI,,,MIL,it_market,EQUITY
P16NK1.MI,,,MIL,it_market,EQUITY
P15W84.MI,,,MIL,it_market,EQUITY
UB1ZHY.MI,,,MIL,it_market,EQUITY
P161F4.MI,,,MIL,it_market,EQUITY
UB1ZFC.MI,,,MIL,it_market,EQUITY
GLE.TI,SOCIETE GENERALE,,TLO,it_market,EQUITY
PA6472.MI,,,MIL,it_market,EQUITY
PA6381.MI,,,MIL,it_market,EQUITY
P16LI9.MI,,,MIL,it_market,EQUITY
P163B9.MI,,,MIL,it_market,EQUITY
P16N43.MI,,,MIL,it_market,EQUITY
P16M77.MI,,,MIL,it_market,EQUITY
P15X83.MI,,,MIL,it_market,EQUITY
P16D78.MI,,,MIL,it_market,EQUITY
P16GU4.MI,,,MIL,it_market,EQUITY
P16GE8.MI,,,MIL,it_market,EQUITY
P16J80.MI,,,MIL,it_market,EQUITY
VIV.TI,VIVENDI,,TLO,it_market,EQUITY
P15ZV4.MI,,,MIL,it_market,EQUITY
AFX.TI,CARL ZEISS MEDITEC,Carl Zeiss Meditec AG,TLO,it_market,EQUITY
FPMB.TI,FREEPORT-MCMORAN,Freeport-McMoRan Inc.,TLO,it_market,EQUITY
NRE.TI,NOKIAN RENKAAT,Nokian Renkaat Oyj,TLO,it_market,EQUITY
VX1.TI,VERTEX PHARMACEUTICALS,Vertex Pharmaceuticals Incorporated,TLO,it_market,EQUITY
PYPL-U.TI,PAYPAL,"PayPal Holdings, Inc.",TLO,it_market,EQUITY
OPC.TI,OCCIDENTAL PETROLEUM,Occidental Petroleum Corporation,TLO,it_market,EQUITY
RE21.TI,RED ELECTRICA CORP,"Red Eléctrica Corporación, S.A.",TLO,it_market,EQUITY
EAD-U.TI,AIRBUS,,TLO,it_market,EQUITY
SGOB-U.TI,SAINT-GOBAIN,,TLO,it_market,EQUITY
XLNX-U.TI,XILINX,"Xilinx, Inc.",TLO,it_market,EQUITY
ADP.TI,AUTOMATIC DATA PROCESSING,"Automatic Data Processing, Inc.",TLO,it_market,EQUITY
FOO.TI,SALESFORCE.COM,"salesforce.com, inc.",TLO,it_market,EQUITY
DAP.TI,DANAHER,Danaher Corporation,TLO,it_market,EQUITY
639.TI,SPOTIFY TECHNOLOGY,Spotify Technology S.A.,TLO,it_market,EQUITY
AMD-U.TI,ADVANCED MICRO DEVICES,"Advanced Micro Devices, Inc.",TLO,it_market,EQUITY
CABK-U.TI,CAIXABANK,"CaixaBank, S.A.",TLO,it_market,EQUITY
PG-U.TI,PROCTER & GAMBLE,The Procter & Gamble Company,TLO,it_market,EQUITY
ADS-U.TI,ADOBE,Adobe Inc.,TLO,it_market,EQUITY
AYJ.TI,VALNEVA,Valneva SE,TLO,it_market,EQUITY
ICY.TI,INCYTE,Incyte Corporation,TLO,it_market,EQUITY
MST-U.TI,MORGAN STANLEY,Morgan Stanley,TLO,it_market,EQUITY
RAW.TI,RAIFFEISEN BANK,Raiffeisen Bank International AG,TLO,it_market,EQUITY
AYJ.TI,VALNEVA,Valneva SE,TLO,it_market,EQUITY
CABK-U.TI,CAIXABANK,"CaixaBank, S.A.",TLO,it_market,EQUITY
ICY.TI,INCYTE,Incyte Corporation,TLO,it_market,EQUITY
2M6.TI,MEDTRONIC,Medtronic plc,TLO,it_market,EQUITY
PLL.TI,PRUDENTIAL FINANCIAL,"Prudential Financial, Inc.",TLO,it_market,EQUITY
CSPAXA.MI,CSP INTERNATIONAL AXA,,MIL,it_market,EQUITY
AP-U.TI,APPLE,Apple Inc.,TLO,it_market,EQUITY
639.TI,SPOTIFY TECHNOLOGY,Spotify Technology S.A.,TLO,it_market,EQUITY
AVS.TI,ASM INTERNATIONAL,ASM International NV,TLO,it_market,EQUITY
FRA.TI,FRAPORT,Fraport AG,TLO,it_market,EQUITY
T5W.TI,JUST EAT TAKEAWAY,Just Eat Takeaway.com N.V.,TLO,it_market,EQUITY
AKU1.TI,AKZO NOBEL,Akzo Nobel N.V.,TLO,it_market,EQUITY
VBK.TI,VERBIO VEREINIGTE BIOENERGIE,VERBIO Vereinigte BioEnergie AG,TLO,it_market,EQUITY
P16NI5.MI,,,MIL,it_market,EQUITY
NKE.TI,NIKE,"NIKE, Inc.",TLO,it_market,EQUITY
VOWG-U.TI,VOLKSWAGEN,Volkswagen AG,TLO,it_market,EQUITY
AIY.TI,ACTIVISION BLIZZARD,"Activision Blizzard, Inc.",TLO,it_market,EQUITY
UEN.TI,UBISOFT ENTERTAINMENT,Ubisoft Entertainment SA,TLO,it_market,EQUITY
HZY.MI,HOMIZY,Homizy S.p.A.,MIL,it_market,EQUITY
P14TR8.MI,,,MIL,it_market,EQUITY
P15R73.MI,,,MIL,it_market,EQUITY
UB0WFY.MI,,,MIL,it_market,EQUITY
F15647.MI,,,MIL,it_market,EQUITY
F15991.MI,,,MIL,it_market,EQUITY
S27599.MI,,,MIL,it_market,EQUITY
F15649.MI,,,MIL,it_market,EQUITY
P16DO4.MI,,,MIL,it_market,EQUITY
BLQA.TI,BLACKROCK,"BlackRock, Inc.",TLO,it_market,EQUITY
TMW.TI,TEAMVIEWER,TeamViewer AG,TLO,it_market,EQUITY
LVMH.TI,LVMH,,TLO,it_market,EQUITY
ADSG-U.TI,ADIDAS,,TLO,it_market,EQUITY
CARR-U.TI,CARREFOUR,,TLO,it_market,EQUITY
ALW.MI,ALGOWATT,algoWatt S.p.A.,MIL,it_market,EQUITY
TEF.TI,TELEFONICA,,TLO,it_market,EQUITY
MUV2.TI,MUNICH REINSURANCE,,TLO,it_market,EQUITY
P16N35.MI,,,MIL,it_market,EQUITY
BN9.TI,THE BANK OF NEW YORK MELLON,The Bank of New York Mellon Corporation,TLO,it_market,EQUITY
ISC.MI,ISCC FINTECH,Integrated System Credit Consulting Fintech S.p.A.,MIL,it_market,EQUITY
INGA.MI,ING GROEP,ING Groep N.V.,MIL,it_market,EQUITY
BAC.TI,BANK OF AMERICA,Bank of America Corporation,TLO,it_market,EQUITY
MDC.MI,MEDICA,Medica S.p.A.,MIL,it_market,EQUITY
MSFT.MI,MICROSOFT CORP,,MIL,it_market,EQUITY
C49959.TI,,,TLO,it_market,EQUITY
C49958.TI,,,TLO,it_market,EQUITY
W0W2R1.MI,,,MIL,it_market,EQUITY
UB0RNN.MI,,,MIL,it_market,EQUITY
P16QJ6.MI,,,MIL,it_market,EQUITY
PA6480.MI,,,MIL,it_market,EQUITY
F18654.MI,,,MIL,it_market,EQUITY
P165R0.MI,,,MIL,it_market,EQUITY
F17975.MI,,,MIL,it_market,EQUITY
F19049.MI,,,MIL,it_market,EQUITY
P16NM7.MI,,,MIL,it_market,EQUITY
I07887.MI,,,MIL,it_market,EQUITY
P16M69.MI,,,MIL,it_market,EQUITY
P16O00.MI,,,MIL,it_market,EQUITY
P15IG1.MI,,,MIL,it_market,EQUITY
I07855.MI,,,MIL,it_market,EQUITY
P166E6.MI,,,MIL,it_market,EQUITY
Q00462.MI,,,MIL,it_market,EQUITY
P16GA6.MI,,,MIL,it_market,EQUITY
P166L1.MI,,,MIL,it_market,EQUITY
UB1ZFG.MI,,,MIL,it_market,EQUITY
Q00434.MI,,,MIL,it_market,EQUITY
UB0RVQ.MI,,,MIL,it_market,EQUITY
P15MH1.MI,,,MIL,it_market,EQUITY
UR9GY8.MI,,,MIL,it_market,EQUITY
X91226.TI,,,TLO,it_market,EQUITY
P159S1.MI,,,MIL,it_market,EQUITY
UR9ZPY.MI,,,MIL,it_market,EQUITY
F16735.MI,,,MIL,it_market,EQUITY
P14PH7.MI,,,MIL,it_market,EQUITY
X68558.TI,,,TLO,it_market,EQUITY
P15SA3.MI,,,MIL,it_market,EQUITY
P16KY8.MI,,,MIL,it_market,EQUITY
I07641.TI,,,TLO,it_market,EQUITY
I07629.TI,,,TLO,it_market,EQUITY
UB028M.MI,,,MIL,it_market,EQUITY
C85052.TI,,,TLO,it_market,EQUITY
C70836.TI,,,TLO,it_market,EQUITY
Q00430.MI,,,MIL,it_market,EQUITY
I74918.TI,,,TLO,it_market,EQUITY
Q00407.MI,,,MIL,it_market,EQUITY
X46984.TI,,,TLO,it_market,EQUITY
P14UL9.MI,,,MIL,it_market,EQUITY
Q00432.MI,,,MIL,it_market,EQUITY
OB0N0G.TI,,,TLO,it_market,EQUITY
UB165R.MI,,,MIL,it_market,EQUITY
PA6431.MI,,,MIL,it_market,EQUITY
UB0RN9.MI,,,MIL,it_market,EQUITY
PA6456.MI,,,MIL,it_market,EQUITY
X67713.TI,,,TLO,it_market,EQUITY
Q00660.MI,,,MIL,it_market,EQUITY
Q00435.MI,,,MIL,it_market,EQUITY
F17042.MI,,,MIL,it_market,EQUITY
I74900.TI,,,TLO,it_market,EQUITY
P15BT9.MI,,,MIL,it_market,EQUITY
P15SS5.MI,,,MIL,it_market,EQUITY
P14XK5.MI,,,MIL,it_market,EQUITY
F18653.MI,,,MIL,it_market,EQUITY
BNP.TI,BNP PARIBAS,,TLO,it_market,EQUITY
X36234.TI,,,TLO,it_market,EQUITY
X91353.TI,,,TLO,it_market,EQUITY
GEC.TI,GENERAL ELECTRIC,,TLO,it_market,EQUITY
I74941.TI,,,TLO,it_market,EQUITY
HEI.TI,HEIDELBERG CEMENT,,TLO,it_market,EQUITY
SSPX5S.MI,,,MIL,it_market,EQUITY
X91833.TI,,,TLO,it_market,EQUITY
I44630.TI,,,TLO,it_market,EQUITY
OB15GG.TI,,,TLO,it_market,EQUITY
I07857.MI,,,MIL,it_market,EQUITY
P16DM8.MI,,,MIL,it_market,EQUITY
P164B7.MI,,,MIL,it_market,EQUITY
P166I7.MI,,,MIL,it_market,EQUITY
P166H9.MI,,,MIL,it_market,EQUITY
P167P0.MI,,,MIL,it_market,EQUITY
UB1GCN.MI,,,MIL,it_market,EQUITY
P166C0.MI,,,MIL,it_market,EQUITY
P167E4.MI,,,MIL,it_market,EQUITY
P167J3.MI,,,MIL,it_market,EQUITY
P16H90.MI,,,MIL,it_market,EQUITY
PP.TI,KERING,,TLO,it_market,EQUITY
OB15GH.TI,,,TLO,it_market,EQUITY
OB15GD.TI,,,TLO,it_market,EQUITY
GIS.TI,GILEAD SCIENCES,,TLO,it_market,EQUITY
X35090.TI,,,TLO,it_market,EQUITY
C71411.TI,,,TLO,it_market,EQUITY
X0056K.TI,,,TLO,it_market,EQUITY
JS38N6.TI,,,TLO,it_market,EQUITY
OB15GJ.TI,,,TLO,it_market,EQUITY
SAP.TI,SAP,,TLO,it_market,EQUITY
T6A.TI,TRIPADVISOR,,TLO,it_market,EQUITY
JS3892.TI,,,TLO,it_market,EQUITY
C30593.TI,,,TLO,it_market,EQUITY
OB15GN.TI,,,TLO,it_market,EQUITY
Z29578.MI,,,MIL,it_market,EQUITY
F18653.MI,,,MIL,it_market,EQUITY
UB19KE.MI,,,MIL,it_market,EQUITY
P16ND6.MI,,,MIL,it_market,EQUITY
P16OA0.MI,,,MIL,it_market,EQUITY
P15UT9.MI,,,MIL,it_market,EQUITY
P16LC2.MI,,,MIL,it_market,EQUITY
P168S2.MI,,,MIL,it_market,EQUITY
P15VT7.MI,,,MIL,it_market,EQUITY
FSKINC.MI,,,MIL,it_market,EQUITY
P15VS9.MI,,,MIL,it_market,EQUITY
UB1ZL7.MI,,,MIL,it_market,EQUITY
P169D2.MI,,,MIL,it_market,EQUITY
G-COM.MI,GIGLIO.COM,,MIL,it_market,EQUITY
BDSB.TI,BANCO DE SABADELL,"Banco de Sabadell, S.A.",TLO,it_market,EQUITY
GLO.TI,GLOBAL PAYMENTS,Global Payments Inc.,TLO,it_market,EQUITY
TXN-U.TI,TEXAS INSTRUMENTS,Texas Instruments Incorporated,TLO,it_market,EQUITY
ADJ.TI,ADLER GROUP,Adler Group S.A.,TLO,it_market,EQUITY
VVD.TI,VEOLIA ENVIRONNEMENT,Veolia Environnement S.A.,TLO,it_market,EQUITY
ALSO.TI,ALSTOM,Alstom SA,TLO,it_market,EQUITY
ITU.TI,INTUIT,Intuit Inc.,TLO,it_market,EQUITY
BRM.TI,BRISTOL-MYERS SQUIBB,Bristol-Myers Squibb Company,TLO,it_market,EQUITY
BIIB-U.TI,BIOGEN,Biogen Inc.,TLO,it_market,EQUITY
AXI.TI,ATOS,Atos SE,TLO,it_market,EQUITY
CCAP.TI,CORESTATE CAPITAL HOLDING,CORESTATE Capital Holding S.A.,TLO,it_market,EQUITY
HOT.TI,HOCHTIEF,HOCHTIEF Aktiengesellschaft,TLO,it_market,EQUITY
PUM.TI,PUMA,,TLO,it_market,EQUITY
HAS.TI,HASBRO,"Hasbro, Inc.",TLO,it_market,EQUITY
AP2.TI,APPLIED MATERIALS,"Applied Materials, Inc.",TLO,it_market,EQUITY
8GM.TI,GENERAL MOTORS,General Motors Company,TLO,it_market,EQUITY
EBAY-U.TI,EBAY,eBay Inc.,TLO,it_market,EQUITY
GOOGL.TI,AZIONE ALPHABET - CLASS A,Alphabet Inc.,TLO,it_market,EQUITY
MT-U.TI,ARCELORMITTAL,ArcelorMittal,TLO,it_market,EQUITY
XOM-U.TI,EXXON MOBIL,Exxon Mobil Corporation,TLO,it_market,EQUITY
LAR.TI,LAM RESEARCH,Lam Research Corporation,TLO,it_market,EQUITY
ZOE.TI,ZOETIS,Zoetis Inc.,TLO,it_market,EQUITY
HFG.TI,HELLOFRESH,HelloFresh SE,TLO,it_market,EQUITY
M4I.TI,MASTERCARD,Mastercard Incorporated,TLO,it_market,EQUITY
4AB.TI,ABBVIE,AbbVie Inc.,TLO,it_market,EQUITY
JS3GD2.TI,,,TLO,it_market,EQUITY
P15UY9.MI,,,MIL,it_market,EQUITY
8GC.TI,GLENCORE,Glencore plc,TLO,it_market,EQUITY
AIRP-U.TI,L'AIR LIQUIDE,,TLO,it_market,EQUITY
NFC.TI,NETFLIX,,TLO,it_market,EQUITY
SNH.TI,STEINHOFF INTERNATIONAL,Steinhoff International Holdings N.V.,TLO,it_market,EQUITY
DCX.TI,DAIMLER,,TLO,it_market,EQUITY
F16126.MI,,,MIL,it_market,EQUITY
P15NL1.MI,,,MIL,it_market,EQUITY
UB0WG0.MI,,,MIL,it_market,EQUITY
F15853.MI,,,MIL,it_market,EQUITY
UB0WNY.MI,,,MIL,it_market,EQUITY
CTO.TI,COSTCO WHOLESALE,Costco Wholesale Corporation,TLO,it_market,EQUITY
NTH.TI,NORTHROP GRUMMAN,Northrop Grumman Corporation,TLO,it_market,EQUITY
PHIA.TI,PHILIPS,,TLO,it_market,EQUITY
ICC.MI,INTERNATIONAL CARE COMPANY,International Care Company S.P.A.,MIL,it_market,EQUITY
W8A.TI,WALGREENS BOOTS ALLIANCE,"Walgreens Boots Alliance, Inc.",TLO,it_market,EQUITY
AMD.MI,ADVANCED MICRO DEVICES,,MIL,it_market,EQUITY
NVDA.MI,NVIDIA CORP,,MIL,it_market,EQUITY
UB029W.MI,,,MIL,it_market,EQUITY
BIRO.MI,ESTRIMA,Estrima S.p.A.,MIL,it_market,EQUITY
KHC-U.TI,THE KRAFT HEINZ,The Kraft Heinz Company,TLO,it_market,EQUITY
OREP-U.TI,L'OREAL,,TLO,it_market,EQUITY
P160M2.MI,,,MIL,it_market,EQUITY
X86512.TI,,,TLO,it_market,EQUITY
W3GCJ4.MI,,,MIL,it_market,EQUITY
P163P9.MI,,,MIL,it_market,EQUITY
F19006.MI,,,MIL,it_market,EQUITY
P16AG6.MI,,,MIL,it_market,EQUITY
UB1ZFF.MI,,,MIL,it_market,EQUITY
P16G42.MI,,,MIL,it_market,EQUITY
Q00460.MI,,,MIL,it_market,EQUITY
F18381.MI,,,MIL,it_market,EQUITY
UB1X6Q.MI,,,MIL,it_market,EQUITY
F17813.MI,,,MIL,it_market,EQUITY
O8JPP3.MI,,,MIL,it_market,EQUITY
P16HH9.MI,,,MIL,it_market,EQUITY
F19004.MI,,,MIL,it_market,EQUITY
Q00458.MI,,,MIL,it_market,EQUITY
UB1P83.MI,,,MIL,it_market,EQUITY
W4RQ96.MI,,,MIL,it_market,EQUITY
P16R56.MI,,,MIL,it_market,EQUITY
F19077.MI,,,MIL,it_market,EQUITY
UB1ZM8.MI,,,MIL,it_market,EQUITY
P167L9.MI,,,MIL,it_market,EQUITY
P16JE2.MI,,,MIL,it_market,EQUITY
P16QC1.MI,,,MIL,it_market,EQUITY
F17714.MI,,,MIL,it_market,EQUITY
P16N92.MI,,,MIL,it_market,EQUITY
S27858.MI,,,MIL,it_market,EQUITY
F18646.MI,,,MIL,it_market,EQUITY
JS3BV5.TI,,,TLO,it_market,EQUITY
SANT.TI,BANCO SANTANDER,,TLO,it_market,EQUITY
I07852.TI,,,TLO,it_market,EQUITY
X15569.TI,,,TLO,it_market,EQUITY
JS3S03.TI,,,TLO,it_market,EQUITY
C30487.TI,,,TLO,it_market,EQUITY
X94013.TI,,,TLO,it_market,EQUITY
I44634.TI,,,TLO,it_market,EQUITY
X92704.TI,,,TLO,it_market,EQUITY
I46167.TI,,,TLO,it_market,EQUITY
INGA-U.TI,ING GROEP,,TLO,it_market,EQUITY
FTE.TI,ORANGE,,TLO,it_market,EQUITY
PSM.TI,PROSIEBENSAT1 MEDIA,,TLO,it_market,EQUITY
X94307.TI,,,TLO,it_market,EQUITY
F18385.MI,,,MIL,it_market,EQUITY
P16N68.MI,,,MIL,it_market,EQUITY
P163U9.MI,,,MIL,it_market,EQUITY
P15IS6.MI,,,MIL,it_market,EQUITY
Q00464.MI,,,MIL,it_market,EQUITY
F18801.MI,,,MIL,it_market,EQUITY
OB17XF.TI,,,TLO,it_market,EQUITY
I45609.TI,,,TLO,it_market,EQUITY
I07879.TI,,,TLO,it_market,EQUITY
W3GPK4.TI,,,TLO,it_market,EQUITY
FME.TI,FRESENIUS MEDICAL CARE,,TLO,it_market,EQUITY
X16131.TI,,,TLO,it_market,EQUITY
RENA-U.TI,RENAULT,,TLO,it_market,EQUITY
F16058.MI,,,MIL,it_market,EQUITY
P15JP0.MI,,,MIL,it_market,EQUITY
X64765.TI,,,TLO,it_market,EQUITY
X86482.TI,,,TLO,it_market,EQUITY
P14I83.MI,,,MIL,it_market,EQUITY
UB112W.MI,,,MIL,it_market,EQUITY
F16070.MI,,,MIL,it_market,EQUITY
UR9SZH.MI,,,MIL,it_market,EQUITY
F16554.MI,,,MIL,it_market,EQUITY
UB0ST1.MI,,,MIL,it_market,EQUITY
US03938LAP94.TI,,,TLO,it_market,EQUITY
UB0273.MI,,,MIL,it_market,EQUITY
I07836.MI,,,MIL,it_market,EQUITY
P14I67.MI,,,MIL,it_market,EQUITY
P14ID1.MI,,,MIL,it_market,EQUITY
F19021.MI,,,MIL,it_market,EQUITY
X76193.TI,,,TLO,it_market,EQUITY
F17041.MI,,,MIL,it_market,EQUITY
UR9GYE.MI,,,MIL,it_market,EQUITY
F15923.MI,,,MIL,it_market,EQUITY
OB0N0Q.TI,,,TLO,it_market,EQUITY
I07643.MI,,,MIL,it_market,EQUITY
Q00663.MI,,,MIL,it_market,EQUITY
OB0N0H.TI,,,TLO,it_market,EQUITY
X68507.TI,,,TLO,it_market,EQUITY
I07833.MI,,,MIL,it_market,EQUITY
F16167.MI,,,MIL,it_market,EQUITY
F16068.MI,,,MIL,it_market,EQUITY
C14292.TI,,,TLO,it_market,EQUITY
P15FQ6.MI,,,MIL,it_market,EQUITY
Q00677.MI,,,MIL,it_market,EQUITY
P15II7.MI,,,MIL,it_market,EQUITY
O8JPQ1.MI,,,MIL,it_market,EQUITY
P14UM7.MI,,,MIL,it_market,EQUITY
X35570.TI,,,TLO,it_market,EQUITY
F16161.MI,,,MIL,it_market,EQUITY
F16717.MI,,,MIL,it_market,EQUITY
I07820.MI,,,MIL,it_market,EQUITY
P15LB6.MI,,,MIL,it_market,EQUITY
XS2397352662.TI,,,TLO,it_market,EQUITY
W3P5K5.MI,,,MIL,it_market,EQUITY
P164N2.MI,,,MIL,it_market,EQUITY
UR9FZR.MI,,,MIL,it_market,EQUITY
JS3J22.TI,,,TLO,it_market,EQUITY
I07633.MI,,,MIL,it_market,EQUITY
X96658.TI,,,TLO,it_market,EQUITY
Q00421.MI,,,MIL,it_market,EQUITY
Q00602.MI,,,MIL,it_market,EQUITY
OB0N0L.TI,,,TLO,it_market,EQUITY
I07644.MI,,,MIL,it_market,EQUITY
F15777.MI,,,MIL,it_market,EQUITY
F16622.MI,,,MIL,it_market,EQUITY
I07825.MI,,,MIL,it_market,EQUITY
C49737.TI,,,TLO,it_market,EQUITY
F18571.MI,,,MIL,it_market,EQUITY
F18936.MI,,,MIL,it_market,EQUITY
P16CJ6.MI,,,MIL,it_market,EQUITY
SDF.TI,K+S,,TLO,it_market,EQUITY
ACA.TI,CREDIT AGRICOLE,,TLO,it_market,EQUITY
RWE.TI,RWE,,TLO,it_market,EQUITY
P16MB2.MI,,,MIL,it_market,EQUITY
P16G75.MI,,,MIL,it_market,EQUITY
F18410.MI,,,MIL,it_market,EQUITY
VOW3-U.TI,VOLKSWAGEN PREF,,TLO,it_market,EQUITY
EO.TI,FAURECIA,,TLO,it_market,EQUITY
QEN.TI,CENTENE,Centene Corporation,TLO,it_market,EQUITY
BAY.TI,BAYER,,TLO,it_market,EQUITY
SGEF-U.TI,VINCI,,TLO,it_market,EQUITY
NOK1V.TI,NOKIA,,TLO,it_market,EQUITY
AGN.TI,AEGON,,TLO,it_market,EQUITY
UB1X71.MI,,,MIL,it_market,EQUITY
P16QX7.MI,,,MIL,it_market,EQUITY
P168I3.MI,,,MIL,it_market,EQUITY
P16KS0.MI,,,MIL,it_market,EQUITY
P167M7.MI,,,MIL,it_market,EQUITY
P15ZE0.MI,,,MIL,it_market,EQUITY
P16CE7.MI,,,MIL,it_market,EQUITY
P16N84.MI,,,MIL,it_market,EQUITY
F19150.MI,,,MIL,it_market,EQUITY
P167K1.MI,,,MIL,it_market,EQUITY
PA6795.MI,,,MIL,it_market,EQUITY
P16CH0.MI,,,MIL,it_market,EQUITY
P16KU6.MI,,,MIL,it_market,EQUITY
P16KQ4.MI,,,MIL,it_market,EQUITY
P169U6.MI,,,MIL,it_market,EQUITY
MRK.TI,MERCK,,TLO,it_market,EQUITY
HCL.TI,HECLA MINING,Hecla Mining Company,TLO,it_market,EQUITY
S92.TI,SMA SOLAR TECHNOLOGY,SMA Solar Technology AG,TLO,it_market,EQUITY
FMC1.TI,FORD MOTOR,Ford Motor Company,TLO,it_market,EQUITY
MRK-U.TI,MERCK & CO.,"Merck & Co., Inc.",TLO,it_market,EQUITY
1COV.TI,COVESTRO,Covestro AG,TLO,it_market,EQUITY
ERCB.TI,ERICSSON - CLASS B,Telefonaktiebolaget LM Ericsson (publ),TLO,it_market,EQUITY
5CV.TI,CUREVAC,CureVac N.V.,TLO,it_market,EQUITY
MS-U.TI,MICROSOFT,Microsoft Corporation,TLO,it_market,EQUITY
HI91.TI,HILTON WORLDWIDE HOLDINGS,Hilton Worldwide Holdings Inc.,TLO,it_market,EQUITY
SYV.TI,3D SYSTEMS CORP,3D Systems Corporation,TLO,it_market,EQUITY
DHER.TI,DELIVERY HERO,Delivery Hero SE,TLO,it_market,EQUITY
0Q3.TI,BEYOND MEAT,"Beyond Meat, Inc.",TLO,it_market,EQUITY
SIX2.TI,SIXT,Sixt SE,TLO,it_market,EQUITY
CIE-U.TI,CIENA,Ciena Corporation,TLO,it_market,EQUITY
AMG-U.TI,AMGEN,Amgen Inc.,TLO,it_market,EQUITY
AXP.TI,AMERICAN EXPRESS,American Express Company,TLO,it_market,EQUITY
PAH3.TI,PORSCHE AUTOMOBIL HOLDING PREF,Porsche Automobil Holding SE,TLO,it_market,EQUITY
CBK.MI,COMMERZBANK,Commerzbank AG,MIL,it_market,EQUITY
AIXA.TI,AIXTRON,AIXTRON SE,TLO,it_market,EQUITY
ADE.TI,BITCOIN GROUP,Bitcoin Group SE,TLO,it_market,EQUITY
BRYN.TI,BERKSHIRE HATHAWAY,Berkshire Hathaway Inc.,TLO,it_market,EQUITY
CAT-U.TI,CATERPILLAR,Caterpillar Inc.,TLO,it_market,EQUITY
EDP.TI,EDP,"EDP - Energias de Portugal, S.A.",TLO,it_market,EQUITY
EUZ.TI,ECKERT & ZIEGLER,Eckert & Ziegler Strahlen- und Medizintechnik AG,TLO,it_market,EQUITY
AAD.TI,AMADEUS FIRE,Amadeus FiRe AG,TLO,it_market,EQUITY
JNJ-U.TI,JOHNSON & JOHNSON,Johnson & Johnson,TLO,it_market,EQUITY
PHMO-U.TI,PHILIP MORRIS INTERNATIONAL,Philip Morris International Inc.,TLO,it_market,EQUITY
WDC.TI,WESTERN DIGITAL,Western Digital Corporation,TLO,it_market,EQUITY
ELE-U.TI,ENDESA,"Endesa, S.A.",TLO,it_market,EQUITY
LEG.TI,LEG IMMOBILIEN,LEG Immobilien SE,TLO,it_market,EQUITY
EVT.TI,EVOTEC,Evotec SE,TLO,it_market,EQUITY
CMCS-U.TI,COMCAST,Comcast Corporation,TLO,it_market,EQUITY
MD-U.TI,MCDONALD'S,McDonald's Corporation,TLO,it_market,EQUITY
SHL.TI,SIEMENS HEALTHINEERS,Siemens Healthineers AG,TLO,it_market,EQUITY
ACC-U.TI,ACCOR,Accor SA,TLO,it_market,EQUITY
P16NS4.MI,,,MIL,it_market,EQUITY
IBE-U.TI,IBERDROLA,,TLO,it_market,EQUITY
P16T39.MI,,,MIL,it_market,EQUITY
IN4.MI,INDUSTRIAL STARS OF ITALY 4,Industrial Stars Of Italy 4 S.P.A.,MIL,it_market,EQUITY
UB2AZH.MI,,,MIL,it_market,EQUITY
P15JA2.MI,,,MIL,it_market,EQUITY
PA5292.MI,,,MIL,it_market,EQUITY
P15RK4.MI,,,MIL,it_market,EQUITY
F16718.MI,,,MIL,it_market,EQUITY
F16189.MI,,,MIL,it_market,EQUITY
F17697.MI,,,MIL,it_market,EQUITY
F15681.MI,,,MIL,it_market,EQUITY
LWE.TI,LOWES COMPANIES,"Lowe's Companies, Inc.",TLO,it_market,EQUITY
LDB.MI,LINDBERGH,Lindbergh S.p.A.,MIL,it_market,EQUITY
INTC.MI,INTEL,,MIL,it_market,EQUITY
AF.MI,AIR FRANCE-KLM,Air France-KLM SA,MIL,it_market,EQUITY
TKO.MI,TAKE OFF,Take Off S.p.A.,MIL,it_market,EQUITY
ICOS.MI,INTERCOS,Intercos S.p.A.,MIL,it_market,EQUITY
CIS-U.TI,CISCO SYSTEMS,"Cisco Systems, Inc.",TLO,it_market,EQUITY
IVG.MI,,Iveco Group N.V.,MIL,it_market,EQUITY
UB2AZK.MI,,,MIL,it_market,EQUITY
BMW.TI,BMW,,TLO,it_market,EQUITY
REP.MI,REPSOL,"Repsol, S.A.",MIL,it_market,EQUITY
COK-U.TI,THE COCA-COLA COMPANY,The Coca-Cola Company,TLO,it_market,EQUITY
S27636.MI,,,MIL,it_market,EQUITY
ALV.TI,ALLIANZ,,TLO,it_market,EQUITY
CB1A.TI,CONSTELLATION BRANDS,"Constellation Brands, Inc.",TLO,it_market,EQUITY
F17970.MI,,,MIL,it_market,EQUITY
F17812.MI,,,MIL,it_market,EQUITY
F17973.MI,,,MIL,it_market,EQUITY
P15YW5.MI,,,MIL,it_market,EQUITY
UB1ZKJ.MI,,,MIL,it_market,EQUITY
P16KR2.MI,,,MIL,it_market,EQUITY
O8JPX7.MI,,,MIL,it_market,EQUITY
I07901.MI,,,MIL,it_market,EQUITY
P16FT8.MI,,,MIL,it_market,EQUITY
UB1ZGK.MI,,,MIL,it_market,EQUITY
I07890.MI,,,MIL,it_market,EQUITY
I07851.MI,,,MIL,it_market,EQUITY
P15IK3.MI,,,MIL,it_market,EQUITY
S27850.MI,,,MIL,it_market,EQUITY
P16N50.MI,,,MIL,it_market,EQUITY
X86458.TI,,,TLO,it_market,EQUITY
C93360.TI,,,TLO,it_market,EQUITY
P16KL5.MI,,,MIL,it_market,EQUITY
P15OW6.MI,,,MIL,it_market,EQUITY
O8JPJ4.MI,,,MIL,it_market,EQUITY
F17140.MI,,,MIL,it_market,EQUITY
P15GZ5.MI,,,MIL,it_market,EQUITY
F15762.MI,,,MIL,it_market,EQUITY
F17696.MI,,,MIL,it_market,EQUITY
F16734.MI,,,MIL,it_market,EQUITY
X31564.TI,,,TLO,it_market,EQUITY
X69333.TI,,,TLO,it_market,EQUITY
P15OX4.MI,,,MIL,it_market,EQUITY
X31645.TI,,,TLO,it_market,EQUITY
F15928.MI,,,MIL,it_market,EQUITY
Q00424.MI,,,MIL,it_market,EQUITY
C84275.TI,,,TLO,it_market,EQUITY
UB02BH.MI,,,MIL,it_market,EQUITY
UB029X.MI,,,MIL,it_market,EQUITY
F16000.MI,,,MIL,it_market,EQUITY
Q00399.MI,,,MIL,it_market,EQUITY
UB026Y.MI,,,MIL,it_market,EQUITY
I07630.MI,,,MIL,it_market,EQUITY
Q00427.MI,,,MIL,it_market,EQUITY
C70597.TI,,,TLO,it_market,EQUITY
C85011.TI,,,TLO,it_market,EQUITY
Q00431.MI,,,MIL,it_market,EQUITY
F16710.MI,,,MIL,it_market,EQUITY
P14I59.MI,,,MIL,it_market,EQUITY
Q00403.MI,,,MIL,it_market,EQUITY
OB0N0N.TI,,,TLO,it_market,EQUITY
X0161K.TI,,,TLO,it_market,EQUITY
OB03RE.TI,,,TLO,it_market,EQUITY
F16065.MI,,,MIL,it_market,EQUITY
S7LESG.MI,,,MIL,it_market,EQUITY
UB0RNS.MI,,,MIL,it_market,EQUITY
X68540.TI,,,TLO,it_market,EQUITY
UB1P7Y.MI,,,MIL,it_market,EQUITY
P15P18.MI,,,MIL,it_market,EQUITY
PA6761.MI,,,MIL,it_market,EQUITY
X35227.TI,,,TLO,it_market,EQUITY
X31572.TI,,,TLO,it_market,EQUITY
Q00420.MI,,,MIL,it_market,EQUITY
Q00441.MI,,,MIL,it_market,EQUITY
Q00400.MI,,,MIL,it_market,EQUITY
I07642.MI,,,MIL,it_market,EQUITY
P14IC3.MI,,,MIL,it_market,EQUITY
F00406.TI,,,TLO,it_market,EQUITY
X35391.TI,,,TLO,it_market,EQUITY
P15LM3.MI,,,MIL,it_market,EQUITY
P16PN0.MI,,,MIL,it_market,EQUITY
I74877.TI,,,TLO,it_market,EQUITY
I74912.TI,,,TLO,it_market,EQUITY
I07854.MI,,,MIL,it_market,EQUITY
F17709.MI,,,MIL,it_market,EQUITY
X99584.TI,,,TLO,it_market,EQUITY
I07645.MI,,,MIL,it_market,EQUITY
F17724.MI,,,MIL,it_market,EQUITY
I07823.MI,,,MIL,it_market,EQUITY
I74891.TI,,,TLO,it_market,EQUITY
P15V44.MI,,,MIL,it_market,EQUITY
Q00668.MI,,,MIL,it_market,EQUITY
JS3C56.TI,,,TLO,it_market,EQUITY
P16OH5.MI,,,MIL,it_market,EQUITY
P15IN7.MI,,,MIL,it_market,EQUITY
P15VQ3.MI,,,MIL,it_market,EQUITY
P16CY5.MI,,,MIL,it_market,EQUITY
X43578.TI,,,TLO,it_market,EQUITY
SIE.TI,SIEMENS,,TLO,it_market,EQUITY
X16174.TI,,,TLO,it_market,EQUITY
OB15GF.TI,,,TLO,it_market,EQUITY
I74930.TI,,,TLO,it_market,EQUITY
DP-U.TI,DEUTSCHE POST,,TLO,it_market,EQUITY
SANF.TI,SANOFI,,TLO,it_market,EQUITY
X17154.TI,,,TLO,it_market,EQUITY
X36045.TI,,,TLO,it_market,EQUITY
LF-U.TI,DEUTSCHE LUFTHANSA,,TLO,it_market,EQUITY
TSLA-U.TI,TESLA,,TLO,it_market,EQUITY
REP-U.TI,REPSOL,,TLO,it_market,EQUITY
INF-U.TI,INFINEON TECHNOLOGIES,,TLO,it_market,EQUITY
SEJ1.TI,SAFRAN,,TLO,it_market,EQUITY
X91841.TI,,,TLO,it_market,EQUITY
C30389.TI,,,TLO,it_market,EQUITY
2ON.TI,,,TLO,it_market,EQUITY
I07875.TI,,,TLO,it_market,EQUITY
OB0N0N.TI,,,TLO,it_market,EQUITY
F16000.MI,,,MIL,it_market,EQUITY
UB029X.MI,,,MIL,it_market,EQUITY
F16734.MI,,,MIL,it_market,EQUITY
S7LESG.MI,,,MIL,it_market,EQUITY
P14I59.MI,,,MIL,it_market,EQUITY
UB0RNS.MI,,,MIL,it_market,EQUITY
P15P18.MI,,,MIL,it_market,EQUITY
UB1P7Y.MI,,,MIL,it_market,EQUITY
X68540.TI,,,TLO,it_market,EQUITY
F00406.TI,,,TLO,it_market,EQUITY
Q00441.MI,,,MIL,it_market,EQUITY
Q00400.MI,,,MIL,it_market,EQUITY
I07645.MI,,,MIL,it_market,EQUITY
X99584.TI,,,TLO,it_market,EQUITY
JS3C56.TI,,,TLO,it_market,EQUITY
Q00668.MI,,,MIL,it_market,EQUITY
P16OH5.MI,,,MIL,it_market,EQUITY
P15V44.MI,,,MIL,it_market,EQUITY
ENR.TI,SIEMENS ENERGY,,TLO,it_market,EQUITY
TKAG-U.TI,THYSSENKRUPP,,TLO,it_market,EQUITY
P15WV1.MI,,,MIL,it_market,EQUITY
P16C04.MI,,,MIL,it_market,EQUITY
P16C46.MI,,,MIL,it_market,EQUITY
P16KM3.MI,,,MIL,it_market,EQUITY
F18127.MI,,,MIL,it_market,EQUITY
P167H7.MI,,,MIL,it_market,EQUITY
P16KV4.MI,,,MIL,it_market,EQUITY
P16J64.MI,,,MIL,it_market,EQUITY
F18476.MI,,,MIL,it_market,EQUITY
P16QR9.MI,,,MIL,it_market,EQUITY
P16LP4.MI,,,MIL,it_market,EQUITY
4AIM2.MI,4AIM SICAF COMPARTO 2 CROWDFUND,Comparto 2 Crowdfunding Fund,MIL,it_market,EQUITY
AH-U.TI,KONINKLIJKE AHOLD DELHAIZE,,TLO,it_market,EQUITY
ABEC.TI,AZIONE ALPHABET - CLASS C,,TLO,it_market,EQUITY
IUI1.TI,INTUITIVE SURGICAL,"Intuitive Surgical, Inc.",TLO,it_market,EQUITY
EG4.TI,ENAGAS,"Enagás, S.A.",TLO,it_market,EQUITY
GS-U.TI,GOLDMAN SACHS GROUP,"The Goldman Sachs Group, Inc.",TLO,it_market,EQUITY
CPA.TI,COLGATE-PALMOLIVE,Colgate-Palmolive Company,TLO,it_market,EQUITY
AUD.TI,AUTODESK,"Autodesk, Inc.",TLO,it_market,EQUITY
INT-U.TI,INTEL,Intel Corporation,TLO,it_market,EQUITY
OGN.TI,ORGANON & CO.,Organon & Co.,TLO,it_market,EQUITY
ZAL.TI,ZALANDO,Zalando SE,TLO,it_market,EQUITY
TJX.TI,TJX COMPANIES INC,"The TJX Companies, Inc.",TLO,it_market,EQUITY
A1G.TI,AMERICAN AIRLINES GROUP,American Airlines Group Inc.,TLO,it_market,EQUITY
AAU.TI,ALCOA,Alcoa Corporation,TLO,it_market,EQUITY
PM-U.TI,ALTRIA GROUP,"Altria Group, Inc.",TLO,it_market,EQUITY
G1A.TI,GEA GROUP,GEA Group Aktiengesellschaft,TLO,it_market,EQUITY
UT8.TI,UBER TECHNOLOGIES,"Uber Technologies, Inc.",TLO,it_market,EQUITY
US8A.TI,MCEWEN MINING,McEwen Mining Inc.,TLO,it_market,EQUITY
OMV.TI,OMV,OMV Aktiengesellschaft,TLO,it_market,EQUITY
IBM-U.TI,IBM,International Business Machines Corporation,TLO,it_market,EQUITY
DOD.TI,DOMINION ENERGY,"Dominion Energy, Inc.",TLO,it_market,EQUITY
CAPP-U.TI,CAPGEMINI,Capgemini SE,TLO,it_market,EQUITY
DTE.TI,DEUTSCHE TELEKOM,,TLO,it_market,EQUITY
SVIX1S.MI,,,MIL,it_market,EQUITY
8TRA.TI,TRATON,Traton SE,TLO,it_market,EQUITY
KLA.TI,KLA-TENCOR,KLA Corporation,TLO,it_market,EQUITY
2BH.TI,HCA-HEALTHCARE,"HCA Healthcare, Inc.",TLO,it_market,EQUITY
T.TI,AT&T,AT&T Inc.,TLO,it_market,EQUITY
PNK.TI,PIONEER NATURAL RESOURCES,Pioneer Natural Resources Company,TLO,it_market,EQUITY
SQ3.TI,BLOCK,"Block, Inc.",TLO,it_market,EQUITY
GTQ1.TI,SIEMENS GAMESA RENEWABLE ENERGY,"Siemens Gamesa Renewable Energy, S.A.",TLO,it_market,EQUITY
BOSS.TI,HUGO BOSS,Hugo Boss AG,TLO,it_market,EQUITY
1SI.TI,SNAP - CLASSE A,Snap Inc.,TLO,it_market,EQUITY
SRT.TI,SARTORIUS,Sartorius Aktiengesellschaft,TLO,it_market,EQUITY
CIT-U.TI,CITIGROUP,Citigroup Inc.,TLO,it_market,EQUITY
VZ.TI,VERIZON COMMUNICATIONS,Verizon Communications Inc.,TLO,it_market,EQUITY
ESL.TI,ESSILORLUXOTTICA,,TLO,it_market,EQUITY
UB2AZC.MI,,,MIL,it_market,EQUITY
F18857.MI,,,MIL,it_market,EQUITY
UB0WNW.MI,,,MIL,it_market,EQUITY
UB0RR3.MI,,,MIL,it_market,EQUITY
P14TP2.MI,,,MIL,it_market,EQUITY
S27622.MI,,,MIL,it_market,EQUITY
P15RM0.MI,,,MIL,it_market,EQUITY
F16127.MI,,,MIL,it_market,EQUITY
SVS.MI,SVAS BIOSANA,SVAS Biosana S.p.A.,MIL,it_market,EQUITY
AXA.TI,AXA,,TLO,it_market,EQUITY
SBB.MI,SABABA SECURITY,Sababa Security S.p.A.,MIL,it_market,EQUITY
MFEB.MI,MFE B,MFE-MediaForEurope N.V.,MIL,it_market,EQUITY
D.MI,DIRECTA SIM,Directa S.I.M.p.A.,MIL,it_market,EQUITY
REVO.MI,REVO,REVO S.p.A.,MIL,it_market,EQUITY
AMZN.MI,AMAZON,"Amazon.com, Inc.",MIL,it_market,EQUITY
GBUS.MI,GIBUS,Gibus S.p.A.,MIL,it_market,EQUITY
DREVO.MI,DIR ASS REVO,,MIL,it_market,EQUITY
P160N0.MI,,,MIL,it_market,EQUITY
P163R5.MI,,,MIL,it_market,EQUITY
I07896.MI,,,MIL,it_market,EQUITY
P16ON3.MI,,,MIL,it_market,EQUITY
P16PT7.MI,,,MIL,it_market,EQUITY
Q00465.MI,,,MIL,it_market,EQUITY
F17713.MI,,,MIL,it_market,EQUITY
PA6993.MI,,,MIL,it_market,EQUITY
O8JPL2.MI,,,MIL,it_market,EQUITY
P167Q8.MI,,,MIL,it_market,EQUITY
P16PW1.MI,,,MIL,it_market,EQUITY
P15XG0.MI,,,MIL,it_market,EQUITY
P16PQ3.MI,,,MIL,it_market,EQUITY
P15V02.MI,,,MIL,it_market,EQUITY
P15YV7.MI,,,MIL,it_market,EQUITY
UB1GCG.MI,,,MIL,it_market,EQUITY
P16L03.MI,,,MIL,it_market,EQUITY
W39SU6.MI,,,MIL,it_market,EQUITY
F17853.MI,,,MIL,it_market,EQUITY
J29094.MI,,,MIL,it_market,EQUITY
UB0EQQ.MI,,,MIL,it_market,EQUITY
I07877.MI,,,MIL,it_market,EQUITY
PA6811.MI,,,MIL,it_market,EQUITY
UR9GYD.MI,,,MIL,it_market,EQUITY
UB0WGN.MI,,,MIL,it_market,EQUITY
UR9GYH.MI,,,MIL,it_market,EQUITY
I07647.MI,,,MIL,it_market,EQUITY
P16Q16.MI,,,MIL,it_market,EQUITY
C14494.TI,,,TLO,it_market,EQUITY
W2AN41.MI,,,MIL,it_market,EQUITY
JS3B93.TI,,,TLO,it_market,EQUITY
C85040.TI,,,TLO,it_market,EQUITY
F19007.MI,,,MIL,it_market,EQUITY
C84931.TI,,,TLO,it_market,EQUITY
I07853.MI,,,MIL,it_market,EQUITY
XS2407748016.TI,,,TLO,it_market,EQUITY
JS3DK8.TI,,,TLO,it_market,EQUITY
JS3870.TI,,,TLO,it_market,EQUITY
X76304.TI,,,TLO,it_market,EQUITY
X70087.TI,,,TLO,it_market,EQUITY
GAZ-U.TI,ENGIE,,TLO,it_market,EQUITY
C26517.TI,,,TLO,it_market,EQUITY
OB15GL.TI,,,TLO,it_market,EQUITY
X92023.TI,,,TLO,it_market,EQUITY
OB1592.TI,,,TLO,it_market,EQUITY
MTE.TI,MICRON TECHNOLOGY,,TLO,it_market,EQUITY
AMA-U.TI,AMAZON.COM,,TLO,it_market,EQUITY
P16SK0.MI,,,MIL,it_market,EQUITY
UB1ZGF.MI,,,MIL,it_market,EQUITY
F18074.MI,,,MIL,it_market,EQUITY
P16PZ4.MI,,,MIL,it_market,EQUITY
P15IL1.MI,,,MIL,it_market,EQUITY
UB19LA.MI,,,MIL,it_market,EQUITY
I74942.TI,,,TLO,it_market,EQUITY
FRE.TI,FRESENIUS,,TLO,it_market,EQUITY
X99682.TI,,,TLO,it_market,EQUITY
F5D.TI,COVIVIO REIT,,TLO,it_market,EQUITY
SCHN.TI,SCHNEIDER ELECTRIC,,TLO,it_market,EQUITY
I74925.TI,,,TLO,it_market,EQUITY
X16182.TI,,,TLO,it_market,EQUITY
DBK.TI,DEUTSCHE BANK,,TLO,it_market,EQUITY
X92457.TI,,,TLO,it_market,EQUITY
X94234.TI,,,TLO,it_market,EQUITY
Q00402.MI,,,MIL,it_market,EQUITY
F16071.MI,,,MIL,it_market,EQUITY
F00405.TI,,,TLO,it_market,EQUITY
Q00658.MI,,,MIL,it_market,EQUITY
Q00429.MI,,,MIL,it_market,EQUITY
F15926.MI,,,MIL,it_market,EQUITY
Q00440.MI,,,MIL,it_market,EQUITY
P14I75.MI,,,MIL,it_market,EQUITY
F15999.MI,,,MIL,it_market,EQUITY
P15RQ1.MI,,,MIL,it_market,EQUITY
US912810SP49.TI,,,TLO,it_market,EQUITY
P15M11.MI,,,MIL,it_market,EQUITY
X31777.TI,,,TLO,it_market,EQUITY
W273S3.MI,,,MIL,it_market,EQUITY
OR9SDA.TI,,,TLO,it_market,EQUITY
X74878.TI,,,TLO,it_market,EQUITY
X99991.TI,,,TLO,it_market,EQUITY
P15HC2.MI,,,MIL,it_market,EQUITY
X68477.TI,,,TLO,it_market,EQUITY
Q00667.MI,,,MIL,it_market,EQUITY
P15BV5.MI,,,MIL,it_market,EQUITY
UR9GYK.MI,,,MIL,it_market,EQUITY
I07792.MI,,,MIL,it_market,EQUITY
OB03RB.TI,,,TLO,it_market,EQUITY
F18197.MI,,,MIL,it_market,EQUITY
Q00442.MI,,,MIL,it_market,EQUITY
W120D8.MI,,,MIL,it_market,EQUITY
FORA.TI,AGEAS,,TLO,it_market,EQUITY
P161E7.MI,,,MIL,it_market,EQUITY
P16NE4.MI,,,MIL,it_market,EQUITY
P16KO9.MI,,,MIL,it_market,EQUITY
P15VM2.MI,,,MIL,it_market,EQUITY
P16LX8.MI,,,MIL,it_market,EQUITY
P15VF6.MI,,,MIL,it_market,EQUITY
P16FU6.MI,,,MIL,it_market,EQUITY
P16OL7.MI,,,MIL,it_market,EQUITY
P15WU3.MI,,,MIL,it_market,EQUITY
P16OY0.MI,,,MIL,it_market,EQUITY
P16J07.MI,,,MIL,it_market,EQUITY
P16TI2.MI,,,MIL,it_market,EQUITY
I74927.TI,,,TLO,it_market,EQUITY
DAN-U.TI,DANONE,,TLO,it_market,EQUITY
TOT.TI,TOTALENERGIES,,TLO,it_market,EQUITY
FFSDAI.MI,,,MIL,it_market,EQUITY
F17984.MI,,,MIL,it_market,EQUITY
F3A.TI,FIRST SOLAR,"First Solar, Inc.",TLO,it_market,EQUITY
TN8.TI,THERMO FISHER SCIENTIFIC,Thermo Fisher Scientific Inc.,TLO,it_market,EQUITY
4S0.TI,SERVICENOW,"ServiceNow, Inc.",TLO,it_market,EQUITY
AWC.TI,AMERICAN WATER WORKS COMPANY,"American Water Works Company, Inc.",TLO,it_market,EQUITY
PLUN.TI,PLUG POWER,Plug Power Inc.,TLO,it_market,EQUITY
CMAB.TI,MAPFRE,"Mapfre, S.A.",TLO,it_market,EQUITY
STH.TI,SEAGATE TECHNOLOGY HOLDINGS,Seagate Technology Holdings plc,TLO,it_market,EQUITY
NDX1.TI,NORDEX,Nordex SE,TLO,it_market,EQUITY
TWTR-U.TI,TWITTER,"Twitter, Inc.",TLO,it_market,EQUITY
I74927.TI,,,TLO,it_market,EQUITY
DAN-U.TI,DANONE,,TLO,it_market,EQUITY
TOT.TI,TOTALENERGIES,,TLO,it_market,EQUITY
FFSDAI.MI,,,MIL,it_market,EQUITY
AI3A.TI,AMADEUS IT GROUP,"Amadeus IT Group, S.A.",TLO,it_market,EQUITY
TN8.TI,THERMO FISHER SCIENTIFIC,Thermo Fisher Scientific Inc.,TLO,it_market,EQUITY
AWC.TI,AMERICAN WATER WORKS COMPANY,"American Water Works Company, Inc.",TLO,it_market,EQUITY
INR.TI,INTERNATIONAL CONSOLIDATED AIRL,"International Consolidated Airlines Group, S.A.",TLO,it_market,EQUITY
FIV.TI,FISERV,"Fiserv, Inc.",TLO,it_market,EQUITY
VFP.TI,V.F.,V.F. Corporation,TLO,it_market,EQUITY
VOL1.TI,VOLVO CAR,AB Volvo (publ),TLO,it_market,EQUITY
3V64.TI,VISA - CLASSE A,Visa Inc.,TLO,it_market,EQUITY
6D81.TI,DUPONT DE NEMOURS,"DuPont de Nemours, Inc.",TLO,it_market,EQUITY
WAF.TI,SILTRONIC,Siltronic AG,TLO,it_market,EQUITY
HMI.TI,HERMES INTERNATIONAL,Hermès International Société en commandite par actions,TLO,it_market,EQUITY
PF-U.TI,PFIZER,Pfizer Inc.,TLO,it_market,EQUITY
EDF-U.TI,EDF,Electricité de France S.A.,TLO,it_market,EQUITY
BOE-U.TI,BOEING,The Boeing Company,TLO,it_market,EQUITY
SRT3.TI,SARTORIUS PREF,Sartorius Aktiengesellschaft,TLO,it_market,EQUITY
ORA-U.TI,ORACLE,Oracle Corporation,TLO,it_market,EQUITY
WD-U.TI,THE WALT DISNEY,The Walt Disney Company,TLO,it_market,EQUITY
CVX-U.TI,CHEVRON,Chevron Corporation,TLO,it_market,EQUITY
NEF.TI,NESTE,Neste Oyj,TLO,it_market,EQUITY
F17984.MI,,,MIL,it_market,EQUITY
F3A.TI,FIRST SOLAR,"First Solar, Inc.",TLO,it_market,EQUITY
RFC.TI,TELEPERFORMANCE,Teleperformance SE,TLO,it_market,EQUITY
PLUN.TI,PLUG POWER,Plug Power Inc.,TLO,it_market,EQUITY
CMAB.TI,MAPFRE,"Mapfre, S.A.",TLO,it_market,EQUITY
P16NJ3.MI,,,MIL,it_market,EQUITY
MICP-U.TI,MICHELIN,Compagnie Générale des Établissements Michelin Société en commandite par actions,TLO,it_market,EQUITY
1CALL.MI,MEGLIOQUESTO,MeglioQuesto S.p.A.,MIL,it_market,EQUITY
P16RE5.MI,,,MIL,it_market,EQUITY
UB027P.MI,,,MIL,it_market,EQUITY
S27548.MI,,,MIL,it_market,EQUITY
SMON5L.MI,,,MIL,it_market,EQUITY
LLY.TI,ELI LILLY & COMPANY,Eli Lilly and Company,TLO,it_market,EQUITY
AMGN.MI,AMGEN,,MIL,it_market,EQUITY
MVRS.TI,META PLATFORMS,,TLO,it_market,EQUITY
GROW.MI,GROWENS,Growens S.p.A.,MIL,it_market,EQUITY
MVRS.MI,META PLATFORMS,"Meta Platforms, Inc.",MIL,it_market,EQUITY
ITX-U.TI,INDITEX,,TLO,it_market,EQUITY
TISG.MI,THE ITALIAN SEA GROUP,The Italian Sea Group S.p.A.,MIL,it_market,EQUITY
JPM.TI,J.P. MORGAN CHASE & CO.,JPMorgan Chase & Co.,TLO,it_market,EQUITY
FTC.MI,FINANZA.TECH,Finanza.tech S.p.A.,MIL,it_market,EQUITY
NVDA-U.TI,NVIDIA,NVIDIA Corporation,TLO,it_market,EQUITY
SIF.MI,S.I.F. ITALIA,S.I.F. Italia S.p.A.,MIL,it_market,EQUITY
NFT.MI,NICE FOOTWEAR,Nice Footwear S.p.A.,MIL,it_market,EQUITY
MFEA.MI,MFE A,MFE-MediaForEurope N.V.,MIL,it_market,EQUITY
AIRF-U.TI,AIR FRANCE KLM,,TLO,it_market,EQUITY
1TIME.MI,COMPAGNIA DEI CARAIBI,Compagnia dei Caraibi S.p.A.,MIL,it_market,EQUITY
AAPL.MI,APPLE,,MIL,it_market,EQUITY
DTH.MI,DEFENCE TECH HOLDING,Defence Tech Holding S.p.A.,MIL,it_market,EQUITY
FINFLA.MI,,,MIL,it_market,EQUITY
GOOGL.MI,ALPHABET CLASSE A,,MIL,it_market,EQUITY
BASF.TI,BASF,,TLO,it_market,EQUITY
