symbol,shortName,longName,exchange,market,quoteType
5239PA.KL,TITIJYA-PA,,KLS,my_market,EQUITY
0103PA.KL,MNC-PA,,KLS,my_market,EQUITY
7105.KL,HCK,HCK Capital Group Berhad,KLS,my_market,EQUITY
5075.KL,PLENITU,Plenitude Berhad,KLS,my_market,EQUITY
5188.KL,CNOUHUA,China Ouhua Winery Holdings Limited,KLS,my_market,EQUITY
5142.KL,WASEONG,Wah Seong Corporation Berhad,KLS,my_market,EQUITY
5576.KL,MINHO,Minho M Bhd,KLS,my_market,EQUITY
0191.KL,CABNET,,KLS,my_market,EQUITY
2186.KL,KUCHAI,Kuchai Development Bhd,KLS,my_market,EQUITY
7085.KL,LTKM,LTKM Bhd,KLS,my_market,EQUITY
7197.KL,GESHEN,GE-Shen Corporation Berhad,KLS,my_market,EQUITY
0219.KL,RL,,KLS,my_market,EQUITY
0074.KL,GOCEAN,,KLS,my_market,EQUITY
7235.KL,SUPERLN,Superlon Holdings Berhad,KLS,my_market,EQUITY
5010.KL,TONGHER,Tong Herr Resources Bhd,KLS,my_market,EQUITY
7243.KL,IMPIANA,Bio Osmo Berhad,KLS,my_market,EQUITY
0136.KL,GREENYB,,KLS,my_market,EQUITY
2984.KL,FACBIND,FACB Industries Inc. Bhd,KLS,my_market,EQUITY
5295.KL,INNATURE,,KLS,my_market,EQUITY
0834EA.KL,KLCI2XL,Kenanga KLCI Daily 2x Leveraged ETF,KLS,my_market,EQUITY
0179PA.KL,BIOHLDG-PA,,KLS,my_market,EQUITY
7439.KL,TECGUAN,Teck Guan Perdana Bhd,KLS,my_market,EQUITY
8419.KL,PANSAR,Pansar Bhd,KLS,my_market,EQUITY
0835EA.KL,KLCI1XI,Kenanga KLCI Daily (-1x) Inverse ETF,KLS,my_market,EQUITY
2607.KL,INCKEN,Inch Kenneth Kajang Rubber Public Limited Company,KLS,my_market,EQUITY
5012.KL,TAANN,TA Ann Holdings Bhd,KLS,my_market,EQUITY
5622.KL,PEB,Triplc Berhad,KLS,my_market,EQUITY
5129.KL,MELATI,Melati Ehsan Holdings Berhad,KLS,my_market,EQUITY
1147.KL,GOB,,KLS,my_market,EQUITY
7285.KL,TOMYPAK,Tomypak Holdings Bhd,KLS,my_market,EQUITY
7055.KL,PLB,PLB Engineering Bhd,KLS,my_market,EQUITY
0828EA.KL,GOLDETF,TradePlus Shariah Gold ETF,KLS,my_market,EQUITY
8273.KL,PPHB,Public Packages Holdings Bhd,KLS,my_market,EQUITY
0008.KL,WILLOW,,KLS,my_market,EQUITY
7115.KL,SKBSHUT,SKB Shutters Corp. Bhd,KLS,my_market,EQUITY
0021.KL,GHLSYS,,KLS,my_market,EQUITY
5797.KL,CHOOBEE,Choo Bee Metal Industries Bhd,KLS,my_market,EQUITY
5401.KL,TROP,,KLS,my_market,EQUITY
0048.KL,ANCOMLB,,KLS,my_market,EQUITY
0140.KL,XOXNET,,KLS,my_market,EQUITY
7036.KL,BORNOIL,Borneo Oil Berhad,KLS,my_market,EQUITY
8761.KL,BREM,Brem Holding Berhad,KLS,my_market,EQUITY
5088.KL,APEX,Apex Equity Holdings Berhad,KLS,my_market,EQUITY
7544.KL,QUALITY,Quality Concrete Holdings Bhd,KLS,my_market,EQUITY
9776.KL,SMCAP,Farm&apos;s Best Bhd,KLS,my_market,EQUITY
5136.KL,COMPLET,Complete Logistic Services Berhad,KLS,my_market,EQUITY
0106.KL,REXIT,,KLS,my_market,EQUITY
7248.KL,SLP,SLP Resources Berhad,KLS,my_market,EQUITY
4847.KL,KTB,Konsortium Transnasional Bhd,KLS,my_market,EQUITY
5274.KL,HLCAP,,KLS,my_market,EQUITY
5166.KL,MINDA,,KLS,my_market,EQUITY
0079.KL,ALRICH,,KLS,my_market,EQUITY
7412.KL,SHH,SHH Resources Holdings Bhd,KLS,my_market,EQUITY
0119.KL,APPASIA,,KLS,my_market,EQUITY
9717.KL,SYCAL,Sycal Ventures Berhad,KLS,my_market,EQUITY
7178.KL,YSPSAH,Y.S.P. Southeast Asia Holding Berhad,KLS,my_market,EQUITY
7176.KL,TPC,TPC Plus Berhad,KLS,my_market,EQUITY
7108PA.KL,PERDANA-PA,,KLS,my_market,EQUITY
5015.KL,APM,APM Automotive Holdings Berhad,KLS,my_market,EQUITY
0233.KL,PEKAT,,KLS,my_market,EQUITY
0098.KL,BAHVEST,,KLS,my_market,EQUITY
6602.KL,BCB,BCB Berhad,KLS,my_market,EQUITY
5120.KL,AMFIRST,AmFirst Real Estate Investment Trust,KLS,my_market,EQUITY
0213.KL,MTAG,,KLS,my_market,EQUITY
0132.KL,TDEX,,KLS,my_market,EQUITY
0126.KL,MICROLN,,KLS,my_market,EQUITY
0083.KL,NOTION,,KLS,my_market,EQUITY
0092.KL,MTOUCHE,,KLS,my_market,EQUITY
0838EA.KL,CHINA100-MYR,,KLS,my_market,EQUITY
7010.KL,HOOVER,Grand Hoover Berhad,KLS,my_market,EQUITY
0058.KL,JCBNEXT,,KLS,my_market,EQUITY
0175.KL,HHGROUP,,KLS,my_market,EQUITY
5133.KL,PENERGY,Petra Energy Berhad,KLS,my_market,EQUITY
9008PB.KL,OMESTI-PB,,KLS,my_market,EQUITY
5107.KL,IQGROUP,IQ Group Holdings Berhad,KLS,my_market,EQUITY
5145.KL,SEALINK,Sealink International Bhd,KLS,my_market,EQUITY
8966.KL,PRLEXUS,Prolexus Bhd,KLS,my_market,EQUITY
5908.KL,DKSH,DKSH Holdings (Malaysia) Berhad,KLS,my_market,EQUITY
6939.KL,FIAMMA,Fiamma Holdings Bhd,KLS,my_market,EQUITY
0100.KL,ESCERAM,,KLS,my_market,EQUITY
7227.KL,UMSNGB,,KLS,my_market,EQUITY
5178.KL,DYNACIA,Tatt Giap Group Berhad,KLS,my_market,EQUITY
7252.KL,TEOSENG,Teo Seng Capital Berhad,KLS,my_market,EQUITY
5125.KL,PANTECH,Pantech Group Holdings Bhd,KLS,my_market,EQUITY
7241.KL,NGGB,BHS Industries Bhd,KLS,my_market,EQUITY
0099.KL,SCICOM,,KLS,my_market,EQUITY
5236.KL,MATRIX,Matrix Concepts Holdings Berhad,KLS,my_market,EQUITY
5192.KL,KSSC,K.Seng Seng Corporation Bhd.,KLS,my_market,EQUITY
5271.KL,PECCA,,KLS,my_market,EQUITY
5211PA.KL,SUNWAY-PA,,KLS,my_market,EQUITY
0041.KL,HONGSENG,,KLS,my_market,EQUITY
0172.KL,OCK,,KLS,my_market,EQUITY
7205.KL,COCOLND,Cocoaland Holdings Bhd,KLS,my_market,EQUITY
0237.KL,HAILY,,KLS,my_market,EQUITY
4065.KL,PPB,PPB Group Berhad,KLS,my_market,EQUITY
7239.KL,SCNWOLF,Scanwolf Corporation Berhad,KLS,my_market,EQUITY
7609.KL,AJIYA,Ajiya Berhad,KLS,my_market,EQUITY
9296.KL,RCECAP,RCE Capital Berhad,KLS,my_market,EQUITY
3794.KL,MCEMENT,Lafarge Malaysia Berhad,KLS,my_market,EQUITY
0007.KL,PUC,,KLS,my_market,EQUITY
7239.KL,SCNWOLF,Scanwolf Corporation Berhad,KLS,my_market,EQUITY
0098.KL,BAHVEST,,KLS,my_market,EQUITY
5107.KL,IQGROUP,IQ Group Holdings Berhad,KLS,my_market,EQUITY
0213.KL,MTAG,,KLS,my_market,EQUITY
9008PB.KL,OMESTI-PB,,KLS,my_market,EQUITY
0099.KL,SCICOM,,KLS,my_market,EQUITY
5236.KL,MATRIX,Matrix Concepts Holdings Berhad,KLS,my_market,EQUITY
2739.KL,TECHNAX,Sino Hua-An International Bhd,KLS,my_market,EQUITY
8443.KL,HIL,HIL Industries Bhd,KLS,my_market,EQUITY
6432.KL,APOLLO,Apollo Food Holdings Berhad,KLS,my_market,EQUITY
8869.KL,PMETAL,Press Metal Bhd,KLS,my_market,EQUITY
5271.KL,PECCA,,KLS,my_market,EQUITY
5211PA.KL,SUNWAY-PA,,KLS,my_market,EQUITY
3794.KL,MCEMENT,Lafarge Malaysia Berhad,KLS,my_market,EQUITY
0215.KL,SLVEST,,KLS,my_market,EQUITY
7086.KL,ABLEGRP,AbleGroup Berhad,KLS,my_market,EQUITY
0018.KL,LAMBO,,KLS,my_market,EQUITY
2038.KL,NSOP,Negri Sembilan Oil Palms Berhad,KLS,my_market,EQUITY
7113.KL,TOPGLOV,Top Glove Corporation Berhad,KLS,my_market,EQUITY
0161.KL,HEXIND,,KLS,my_market,EQUITY
0095.KL,MAG,,KLS,my_market,EQUITY
6262.KL,INNO,Innoprise Plantations Bhd,KLS,my_market,EQUITY
0820EA.KL,FBMKLCI-EA,FTSE Bursa Malaysia KLCI ETF,KLS,my_market,EQUITY
2054.KL,TDM,TDM Berhad,KLS,my_market,EQUITY
0197.KL,WEGMANS,,KLS,my_market,EQUITY
3336.KL,IJM,IJM Corporation Berhad,KLS,my_market,EQUITY
0166.KL,INARI,,KLS,my_market,EQUITY
7237.KL,PWROOT,Power Root Berhad,KLS,my_market,EQUITY
7219.KL,MINETEC,Minetech Resources Berhad,KLS,my_market,EQUITY
5082.KL,ANNUM,Cymao Holdings Berhad,KLS,my_market,EQUITY
3395.KL,BJCORP,Berjaya Corporation Berhad,KLS,my_market,EQUITY
0036.KL,KGROUP,,KLS,my_market,EQUITY
5031.KL,TIMECOM,Time Dotcom Bhd.,KLS,my_market,EQUITY
5211.KL,SUNWAY,Sunway Berhad,KLS,my_market,EQUITY
0038.KL,ARTRONIQ,,KLS,my_market,EQUITY
0823EA.KL,PAM-C50,Principal FTSE China 50 ETF,KLS,my_market,EQUITY
2836.KL,CARLSBG,Carlsberg Brewery Malaysia Bhd,KLS,my_market,EQUITY
5071.KL,COASTAL,,KLS,my_market,EQUITY
4162.KL,BAT,British American Tobacco Malaysia Bhd,KLS,my_market,EQUITY
5347.KL,TENAGA,Tenaga Nasional Berhad,KLS,my_market,EQUITY
1562.KL,BJTOTO,Berjaya Sports Toto Berhad,KLS,my_market,EQUITY
5819.KL,HLBANK,Hong Leong Bank Berhad,KLS,my_market,EQUITY
4715.KL,GENM,Genting Malaysia Berhad,KLS,my_market,EQUITY
0185.KL,HSSEB,,KLS,my_market,EQUITY
7315.KL,AHB,AHB Holdings Berhad,KLS,my_market,EQUITY
8613.KL,ENRA,ENRA Group Berhad,KLS,my_market,EQUITY
7191.KL,ADVENTA,Adventa Bhd,KLS,my_market,EQUITY
0112.KL,MIKROMB,,KLS,my_market,EQUITY
0007.KL,PUC,,KLS,my_market,EQUITY
0143.KL,KEYASIC,,KLS,my_market,EQUITY
3255.KL,HEIM,Heineken Malaysia Berhad,KLS,my_market,EQUITY
0165.KL,XOX,,KLS,my_market,EQUITY
5014.KL,AIRPORT,Malaysia Airports Holdings Bhd,KLS,my_market,EQUITY
0189.KL,MATANG,,KLS,my_market,EQUITY
0209.KL,AIMFLEX,,KLS,my_market,EQUITY
0236.KL,RAMSSOL,,KLS,my_market,EQUITY
4677.KL,YTL,,KLS,my_market,EQUITY
7207.KL,SUCCESS,Success Transformer Corporation Berhad,KLS,my_market,EQUITY
0128.KL,FRONTKN,,KLS,my_market,EQUITY
0200.KL,REVENUE,,KLS,my_market,EQUITY
0222.KL,OPTIMAX,,KLS,my_market,EQUITY
3182.KL,GENTING,Genting Berhad,KLS,my_market,EQUITY
5210.KL,ARMADA,Bumi Armada Berhad,KLS,my_market,EQUITY
5286.KL,MI,,KLS,my_market,EQUITY
6033.KL,PETGAS,Petronas Gas Bhd,KLS,my_market,EQUITY
7277.KL,DIALOG,Dialog Group Berhad,KLS,my_market,EQUITY
3441.KL,JOHAN,Johan Holdings Bhd,KLS,my_market,EQUITY
5172.KL,SINARAN,K-Star Sports Limited,KLS,my_market,EQUITY
7029.KL,MASTER,Master-Pack Group Berhad,KLS,my_market,EQUITY
0168.KL,BOILERM,,KLS,my_market,EQUITY
9016.KL,EKSONS,Eksons Corporation Berhad,KLS,my_market,EQUITY
5255.KL,ICON,Icon Offshore Berhad,KLS,my_market,EQUITY
9008.KL,OMESTI,,KLS,my_market,EQUITY
7595.KL,MGB,ML Global Berhad,KLS,my_market,EQUITY
8192.KL,MERCURY,Mercury Industries Bhd,KLS,my_market,EQUITY
9946.KL,REX,Rex Industry Berhad,KLS,my_market,EQUITY
6009.KL,P&O,Pacific &amp; Orient Bhd,KLS,my_market,EQUITY
7374.KL,TIENWAH,Tien Wah Press Holdings Bhd,KLS,my_market,EQUITY
7200.KL,TEKSENG,Tek Seng Holdings Bhd,KLS,my_market,EQUITY
7215.KL,NIHSIN,,KLS,my_market,EQUITY
5069.KL,BLDPLNT,Bld Plantation Bhd,KLS,my_market,EQUITY
0226.KL,ANEKA,,KLS,my_market,EQUITY
0116PA.KL,FOCUS-PA,,KLS,my_market,EQUITY
8885.KL,AVI,Reliance Pacific Bhd,KLS,my_market,EQUITY
5047.KL,NPC,,KLS,my_market,EQUITY
7128.KL,CAMRES,Cam Resources Bhd,KLS,my_market,EQUITY
6041.KL,FARLIM,,KLS,my_market,EQUITY
5006.KL,STELLA,Merge Energy Bhd,KLS,my_market,EQUITY
0060.KL,VC,,KLS,my_market,EQUITY
5016.KL,WARISAN,Warisan TC Holdings Bhd,KLS,my_market,EQUITY
7186.KL,SWSCAP,SWS Capital Berhad,KLS,my_market,EQUITY
6084.KL,STAR,Star Media Group Berhad,KLS,my_market,EQUITY
5293.KL,AME,,KLS,my_market,EQUITY
9938.KL,BRIGHT,Bright Packaging Industry Bhd,KLS,my_market,EQUITY
7181PA.KL,ARBB-PA,,KLS,my_market,EQUITY
7132.KL,SMISCOR,SMIS Corp. Bhd,KLS,my_market,EQUITY
0210.KL,KHJB,,KLS,my_market,EQUITY
9792.KL,SEG,SEG International Bhd,KLS,my_market,EQUITY
7145PA.KL,AGES-PA,,KLS,my_market,EQUITY
0836EA.KL,MY-MOMETF,TradePlus DWA Malaysia Momentum Tracker ETF,KLS,my_market,EQUITY
0056.KL,NCT,,KLS,my_market,EQUITY
0836EA.KL,MY-MOMETF,TradePlus DWA Malaysia Momentum Tracker ETF,KLS,my_market,EQUITY
6084.KL,STAR,Star Media Group Berhad,KLS,my_market,EQUITY
0221.KL,TCS,,KLS,my_market,EQUITY
7374.KL,TIENWAH,Tien Wah Press Holdings Bhd,KLS,my_market,EQUITY
9946.KL,REX,Rex Industry Berhad,KLS,my_market,EQUITY
4286.KL,SEAL,Seal Inc. Bhd,KLS,my_market,EQUITY
0230.KL,TELADAN,,KLS,my_market,EQUITY
4359.KL,TURIYA,Turiya Berhad,KLS,my_market,EQUITY
7219PA.KL,MINETEC-PA,,KLS,my_market,EQUITY
1996.KL,KRETAM,Kretam Holdings Berhad,KLS,my_market,EQUITY
5293.KL,AME,,KLS,my_market,EQUITY
0226.KL,ANEKA,,KLS,my_market,EQUITY
1198.KL,MAA,MAA Group Berhad,KLS,my_market,EQUITY
2259.KL,TALAMT,Talam Transform Berhad,KLS,my_market,EQUITY
0199.KL,TRIMODE,,KLS,my_market,EQUITY
9628.KL,LEBTECH,,KLS,my_market,EQUITY
5011.KL,MSNIAGA,Mesiniaga Bhd,KLS,my_market,EQUITY
0168.KL,BOILERM,,KLS,my_market,EQUITY
5175.KL,IVORY,Ivory Properties Group Berhad,KLS,my_market,EQUITY
4405.KL,TCHONG,Tan Chong Motor Holdings Bhd,KLS,my_market,EQUITY
9377.KL,FSBM,,KLS,my_market,EQUITY
9687.KL,IDEAL,Ideal United Bintang Berhad,KLS,my_market,EQUITY
3034.KL,HAPSENG,Hap Seng Consolidated Berhad,KLS,my_market,EQUITY
0206.KL,NADIBHD,,KLS,my_market,EQUITY
5127.KL,ARREIT,AmanahRaya Real Estate Investment Trust,KLS,my_market,EQUITY
7811.KL,SAPIND,Sapura Industrial Bhd,KLS,my_market,EQUITY
0177.KL,PASUKGB,,KLS,my_market,EQUITY
7029.KL,MASTER,Master-Pack Group Berhad,KLS,my_market,EQUITY
3441.KL,JOHAN,Johan Holdings Bhd,KLS,my_market,EQUITY
5172.KL,SINARAN,K-Star Sports Limited,KLS,my_market,EQUITY
5152.KL,MBL,Muar Ban Lee Group Berhad,KLS,my_market,EQUITY
9407.KL,PARAGON,Paragon Union Bhd,KLS,my_market,EQUITY
5084.KL,IBRACO,Ibraco Berhad,KLS,my_market,EQUITY
7018.KL,CME,CME Group Bhd,KLS,my_market,EQUITY
4383.KL,JTIASA,Jaya Tiasa Holdings Berhad,KLS,my_market,EQUITY
3107.KL,FIMACOR,Fima Corp. Bhd,KLS,my_market,EQUITY
7579.KL,AWC,AWC Berhad,KLS,my_market,EQUITY
7854.KL,TIMWELL,,KLS,my_market,EQUITY
5277.KL,FPGROUP,,KLS,my_market,EQUITY
2569.KL,SBAGAN,Sungei Bagan Rubber Co. Malaya Bhd,KLS,my_market,EQUITY
5121.KL,HEKTAR,Hektar Real Estate Investment Trust,KLS,my_market,EQUITY
2542.KL,RVIEW,"Riverview Rubber Estates, Berhad",KLS,my_market,EQUITY
6637.KL,PNEPCB,PNE PCB Bhd,KLS,my_market,EQUITY
5208.KL,EITA,EITA Resources Berhad,KLS,my_market,EQUITY
5592.KL,GCE,Grand Central Enterprises Bhd,KLS,my_market,EQUITY
5027.KL,KMLOONG,Kim Loong Resources Berhad,KLS,my_market,EQUITY
9091.KL,EMICO,Emico Holdings Berhad,KLS,my_market,EQUITY
5835.KL,DOLMITE,Dolomite Corporation Berhad,KLS,my_market,EQUITY
0201.KL,NOVA,,KLS,my_market,EQUITY
0040.KL,OPENSYS,,KLS,my_market,EQUITY
5029.KL,FAREAST,Far East Holdings Bhd,KLS,my_market,EQUITY
7192.KL,GIIB,Goodway Integrated Industries Bhd,KLS,my_market,EQUITY
4596.KL,SAPRES,Sapura Resources Berhad,KLS,my_market,EQUITY
0157.KL,FOCUSP,,KLS,my_market,EQUITY
0094.KL,INIX,,KLS,my_market,EQUITY
0186.KL,PTRANS,,KLS,my_market,EQUITY
0211.KL,TASHIN,,KLS,my_market,EQUITY
9466.KL,KKB,KKB Engineering Bhd,KLS,my_market,EQUITY
8591.KL,CRESBLD,Crest Builder Holdings Bhd,KLS,my_market,EQUITY
8702.KL,TEXCHEM,Texchem Resources Bhd,KLS,my_market,EQUITY
0162.KL,WIDAD,,KLS,my_market,EQUITY
5257.KL,CARIMIN,Carimin Petroleum Berhad,KLS,my_market,EQUITY
5665.KL,SSTEEL,Southern Steel Berhad,KLS,my_market,EQUITY
3891.KL,MUIIND,Malayan United Industries Berhad,KLS,my_market,EQUITY
0089.KL,TEXCYCL,,KLS,my_market,EQUITY
7033.KL,HIGHTEC,Kumpulan H &amp; L High-Tech Berhad,KLS,my_market,EQUITY
0829EA.KL,CHINAETF-MYR,TradePlus S&amp;P New China Tracker ETF,KLS,my_market,EQUITY
5265.KL,DOLPHIN,,KLS,my_market,EQUITY
1929.KL,CHINTEK,Chin Teck Plantations Berhad,KLS,my_market,EQUITY
0024.KL,JAG,,KLS,my_market,EQUITY
5151.KL,HEXTAR,Halex Holdings Berhad,KLS,my_market,EQUITY
3204.KL,GKENT,George Kent (Malaysia) Berhad,KLS,my_market,EQUITY
0154.KL,EAH,,KLS,my_market,EQUITY
7203.KL,WANGZNG,Wang-Zheng Berhad,KLS,my_market,EQUITY
5843.KL,KPS,Kumpulan Perangsang Selangor Bhd,KLS,my_market,EQUITY
5200.KL,UOADEV,UOA Development Bhd,KLS,my_market,EQUITY
5021.KL,AYS,AYS Ventures Berhad,KLS,my_market,EQUITY
5005.KL,UNISEM,Unisem (M) Berhad,KLS,my_market,EQUITY
5038.KL,KSL,KSL Holdings Bhd,KLS,my_market,EQUITY
5141.KL,DAYANG,Dayang Enterprise Holdings Berhad,KLS,my_market,EQUITY
7204.KL,D&O,D &amp; O Green Technologies Berhad.,KLS,my_market,EQUITY
5008.KL,HARISON,Harrisons Holdings (Malaysia) Berhad,KLS,my_market,EQUITY
5243.KL,VELESTO,,KLS,my_market,EQUITY
0097.KL,VITROX,,KLS,my_market,EQUITY
5297.KL,TJSETIA,,KLS,my_market,EQUITY
7169.KL,DOMINAN,,KLS,my_market,EQUITY
4324.KL,HENGYUAN,Shell Refining Company (Federation of Malaya) Berhad,KLS,my_market,EQUITY
9954.KL,RGTBHD,Asia Knight Berhad,KLS,my_market,EQUITY
7218.KL,TOCEAN,Transocean Holdings Bhd.,KLS,my_market,EQUITY
7089.KL,LIIHEN,Lii Hen Industries Berhad,KLS,my_market,EQUITY
5237.KL,MPHBCAP,MPHB Capital Berhad,KLS,my_market,EQUITY
5268.KL,TOPBLDS,,KLS,my_market,EQUITY
1287.KL,PMHLDG,Pan Malaysia Holdings Bhd,KLS,my_market,EQUITY
7382.KL,GLBHD,Golden Land Berhad,KLS,my_market,EQUITY
7246.KL,SIGN,Signature International Berhad,KLS,my_market,EQUITY
5115.KL,ALAM,Alam Maritim Resources Berhad,KLS,my_market,EQUITY
8044.KL,CFM,,KLS,my_market,EQUITY
0034.KL,MMAG,,KLS,my_market,EQUITY
5202.KL,MSM,,KLS,my_market,EQUITY
9385.KL,LAYHONG,Lay Hong Berhad,KLS,my_market,EQUITY
4219.KL,BJLAND,Berjaya Land Berhad,KLS,my_market,EQUITY
7251.KL,BARAKAH,Barakah Offshore Petroleum Berhad,KLS,my_market,EQUITY
1538.KL,SYMLIFE,Symphony Life Berhad,KLS,my_market,EQUITY
0188.KL,HLT,,KLS,my_market,EQUITY
5140.KL,TASCO,TASCO Berhad,KLS,my_market,EQUITY
9288.KL,BONIA,Bonia Corporation Berhad,KLS,my_market,EQUITY
5606.KL,IGBB,Goldis Berhad,KLS,my_market,EQUITY
0146.KL,JFTECH,,KLS,my_market,EQUITY
8397.KL,TNLOGIS,Tiong Nam Logistics Holdings Bhd,KLS,my_market,EQUITY
7181.KL,ARBB,Aturmaju Resources Berhad,KLS,my_market,EQUITY
7035.KL,CCK,,KLS,my_market,EQUITY
0148.KL,SUNZEN,,KLS,my_market,EQUITY
7240.KL,VERTICE,Voir Holdings Berhad,KLS,my_market,EQUITY
0202.KL,RGTECH,,KLS,my_market,EQUITY
5095.KL,HEVEA,HeveaBoard Bhd,KLS,my_market,EQUITY
9822.KL,SAM,SAM Engineering &amp; Equipment (M) Berhad,KLS,my_market,EQUITY
5116.KL,ALAQAR,Al-&apos;Aqar Healthcare REIT,KLS,my_market,EQUITY
5284.KL,LCTITAN,,KLS,my_market,EQUITY
3301.KL,HLIND,Hong Leong Industries Berhad,KLS,my_market,EQUITY
4634.KL,POS,Pos Malaysia Berhad,KLS,my_market,EQUITY
6173.KL,BDB,,KLS,my_market,EQUITY
7088.KL,POHUAT,Poh Huat Resources Holdings Bhd,KLS,my_market,EQUITY
5066.KL,NTPM,NTPM Holdings Berhad,KLS,my_market,EQUITY
5099.KL,AIRASIA,AirAsia Berhad,KLS,my_market,EQUITY
1961.KL,IOICORP,IOI Corp.Bhd,KLS,my_market,EQUITY
0032.KL,REDTONE,,KLS,my_market,EQUITY
5131.KL,ZHULIAN,Zhulian Corporation Berhad,KLS,my_market,EQUITY
7084.KL,QL,QL Resources Berhad,KLS,my_market,EQUITY
5258.KL,BIMB,BIMB Holdings Berhad,KLS,my_market,EQUITY
5281.KL,ADVCON,,KLS,my_market,EQUITY
0080.KL,STRAITS,,KLS,my_market,EQUITY
5288.KL,SIMEPROP,,KLS,my_market,EQUITY
7209.KL,CHEETAH,Cheetah Holdings Berhad,KLS,my_market,EQUITY
1066.KL,RHBBANK,RHB Capital Berhad,KLS,my_market,EQUITY
2658.KL,AJI,Ajinomoto Malaysia Bhd,KLS,my_market,EQUITY
5148.KL,UEMS,UEM Sunrise Berhad,KLS,my_market,EQUITY
0830EA.KL,FANG-2XL,TradePlus NYSE FANG+ Daily (2x) Leveraged Tracker ETF,KLS,my_market,EQUITY
1724.KL,PARAMON,Paramount Corporation Berhad,KLS,my_market,EQUITY
7145.KL,AGES,Prinsiptek Corp. Bhd,KLS,my_market,EQUITY
6254.KL,PDZ,PDZ Holdings Bhd,KLS,my_market,EQUITY
5292.KL,UWC,,KLS,my_market,EQUITY
7165OR.KL,CSH-OR,,KLS,my_market,EQUITY
7228.KL,T7GLOBAL,Tanjung Offshore Bhd,KLS,my_market,EQUITY
7225.KL,PA,P.A. Resources Berhad,KLS,my_market,EQUITY
8494.KL,LBICAP,LBI Capital Bhd,KLS,my_market,EQUITY
5032.KL,BIPORT,Bintulu Port Holdings Bhd,KLS,my_market,EQUITY
4316.KL,SHCHAN,Sin Heng Chan (Malaya) Berhad,KLS,my_market,EQUITY
9539.KL,MUH,Multi-Usage Holdings Bhd,KLS,my_market,EQUITY
5108.KL,ICAP,iCapital.biz Berhad,KLS,my_market,EQUITY
7139.KL,NICE,Niche Capital Emas Holdings Berhad,KLS,my_market,EQUITY
5102.KL,GCB,Guan Chong Bhd.,KLS,my_market,EQUITY
7006.KL,LATITUD,Latitude Tree Holdings Bhd,KLS,my_market,EQUITY
2062.KL,HARBOUR,Harbour-Link Group Berhad,KLS,my_market,EQUITY
6149.KL,METROD,Metrod Holdings Berhad,KLS,my_market,EQUITY
9695.KL,PLS,,KLS,my_market,EQUITY
5026.KL,MHC,,KLS,my_market,EQUITY
5267.KL,XINHWA,,KLS,my_market,EQUITY
8052.KL,CGB,,KLS,my_market,EQUITY
7114.KL,DNONCE,D Nonce Technology Bhd,KLS,my_market,EQUITY
7165.KL,CSH,Spring Gallery Berhad,KLS,my_market,EQUITY
6718.KL,CRESNDO,Crescendo Corporation Berhad,KLS,my_market,EQUITY
7004.KL,MCEHLDG,Multi-Code Electronics Industries (M) Berhad,KLS,my_market,EQUITY
7253.KL,HANDAL,Handal Resources Berhad,KLS,my_market,EQUITY
0102.KL,WAJA,,KLS,my_market,EQUITY
1902.KL,PINEPAC,,KLS,my_market,EQUITY
0824EA.KL,MYETFID,MyETF MSCI Malaysia Islamic Dividend,KLS,my_market,EQUITY
0116.KL,FOCUS,,KLS,my_market,EQUITY
5173.KL,SYSCORP,Shin Yang Shipping Corporation Berhad,KLS,my_market,EQUITY
0827EA.KL,METFUS50,MyETF Dow Jones U.S. Titans 50 (USD),KLS,my_market,EQUITY
0064.KL,EFFICEN,,KLS,my_market,EQUITY
7016.KL,CHUAN,Chuan Huat Resources Bhd,KLS,my_market,EQUITY
7215PA.KL,NIHSIN-PA,,KLS,my_market,EQUITY
5165.KL,DFCITY,Hock Heng Stone Industries Bhd,KLS,my_market,EQUITY
4995.KL,VERSATL,Versatile Creative Berhad,KLS,my_market,EQUITY
7245PA.KL,WZSATU-PA,,KLS,my_market,EQUITY
0085.KL,MLAB,,KLS,my_market,EQUITY
6378.KL,WMG,Tekala Corp. Bhd,KLS,my_market,EQUITY
5078.KL,M&G,Silk Holdings Berhad,KLS,my_market,EQUITY
8362.KL,KYM,,KLS,my_market,EQUITY
8117.KL,POLY,Poly Glass Fibre M Bhd,KLS,my_market,EQUITY
5105.KL,CANONE,"Can-One Berhad
",KLS,my_market,EQUITY
5218PA.KL,SAPNRG-PA,,KLS,my_market,EQUITY
0026.KL,NOVAMSC,,KLS,my_market,EQUITY
3514.KL,MARCO,Marco Holdings Berhad,KLS,my_market,EQUITY
0832EA.KL,HSCEI-2XL,TradePlus HSCEI Daily (2x) Leveraged Tracker ETF,KLS,my_market,EQUITY
5252.KL,SASBADI,Sasbadi Holdings Berhad,KLS,my_market,EQUITY
6548.KL,MPCORP,,KLS,my_market,EQUITY
5213.KL,SNTORIA,Sentoria Group Berhad,KLS,my_market,EQUITY
03005.KL,MHCARE,,KLS,my_market,EQUITY
5049.KL,CVIEW,Country View Bhd,KLS,my_market,EQUITY
7201.KL,PICORP,Progressive Impact Corp. Bhd,KLS,my_market,EQUITY
5223.KL,MENTIGA,Mentiga Corporation Berhad,KLS,my_market,EQUITY
8125.KL,DAIBOCI,Daibochi Plastic &amp; Packaging Industry Bhd,KLS,my_market,EQUITY
9334.KL,KESM,KESM Industries Bhd,KLS,my_market,EQUITY
0011.KL,BTECH,,KLS,my_market,EQUITY
7223.KL,JADI,Jadi Imaging Holdings Bhd,KLS,my_market,EQUITY
0227.KL,EFRAME,,KLS,my_market,EQUITY
9113.KL,ICONIC,Sanbumi Holdings Berhad,KLS,my_market,EQUITY
0822EA.KL,PAM-A40M,Principal FTSE ASEAN 40 Malaysia,KLS,my_market,EQUITY
1694.KL,MENANG,Menang Corp. M Bhd,KLS,my_market,EQUITY
7889.KL,THRIVEN,Thriven Global Berhad,KLS,my_market,EQUITY
0149.KL,FIBON,,KLS,my_market,EQUITY
8931.KL,JERASIA,Jerasia Capital Bhd,KLS,my_market,EQUITY
8141.KL,MJPERAK,Majuperak Holdings Bhd,KLS,my_market,EQUITY
5169.KL,HOHUP,Ho Hup Construction Company Berhad,KLS,my_market,EQUITY
6556PA.KL,ANNJOO-PA,,KLS,my_market,EQUITY
6076.KL,ENCORP,,KLS,my_market,EQUITY
6491.KL,KFIMA,Kumpulan Fima Bhd,KLS,my_market,EQUITY
5276.KL,DANCO,,KLS,my_market,EQUITY
7202.KL,CSCENIC,Classic Scenic Bhd,KLS,my_market,EQUITY
0039.KL,GFM,,KLS,my_market,EQUITY
5205.KL,SENDAI,,KLS,my_market,EQUITY
3611.KL,PGLOBE,,KLS,my_market,EQUITY
03051.KL,AORB,,KLS,my_market,EQUITY
6211.KL,KIALIM,Kia Lim Bhd,KLS,my_market,EQUITY
8923.KL,JIANKUN,Jiankun International Berhad,KLS,my_market,EQUITY
7053.KL,SEEHUP,,KLS,my_market,EQUITY
5163.KL,SEB,Seremban Engineering Berhad,KLS,my_market,EQUITY
0091.KL,DAYA,,KLS,my_market,EQUITY
0833EA.KL,HSCEI-1XI,TradePlus HSCEI Daily (-1x) Inverse Tracker ETF,KLS,my_market,EQUITY
7096.KL,JOE,GPA Holdings Bhd,KLS,my_market,EQUITY
0190.KL,ESAFE,,KLS,my_market,EQUITY
7005.KL,BIG,BIG Industries Berhad,KLS,my_market,EQUITY
9873.KL,PRESTAR,Prestar Resources Bhd,KLS,my_market,EQUITY
3573.KL,LIENHOE,Lien Hoe Corp. Bhd,KLS,my_market,EQUITY
7073.KL,SEACERA,Seacera Group Berhad,KLS,my_market,EQUITY
7014.KL,YLI,YLI Holdings Bhd,KLS,my_market,EQUITY
7020.KL,YKGI,YKGI Holdings Berhad,KLS,my_market,EQUITY
8486.KL,LIONPSIM,Lion Forest Industries Berhad,KLS,my_market,EQUITY
3883.KL,MUDA,Muda Holdings Berhad,KLS,my_market,EQUITY
7099.KL,ATTA,,KLS,my_market,EQUITY
7140.KL,OKA,Oka Corp. Bhd,KLS,my_market,EQUITY
5000.KL,HUMEIND,Hume Industries Berhad,KLS,my_market,EQUITY
7070.KL,VIZIONE,,KLS,my_market,EQUITY
8567.KL,SALCON,Salcon Bhd,KLS,my_market,EQUITY
7323.KL,KEN,Ken Holdings Bhd,KLS,my_market,EQUITY
7501.KL,HARNLEN,Harn Len Corporation Bhd,KLS,my_market,EQUITY
0159.KL,AMEDIA,,KLS,my_market,EQUITY
5533.KL,OCB,OCB Bhd,KLS,my_market,EQUITY
7025.KL,WOODLAN,Woodlandor Holdings Bhd,KLS,my_market,EQUITY
7117.KL,CJCEN,Century Logistics Holdings Bhd,KLS,my_market,EQUITY
03047.KL,LSH,,KLS,my_market,EQUITY
5156.KL,XDL,XiDeLang Holdings Limited,KLS,my_market,EQUITY
9962.KL,GMUTUAL,Gromutual Bhd,KLS,my_market,EQUITY
0220.KL,OVH,,KLS,my_market,EQUITY
7017.KL,KOMARK,Komarkcorp Bhd,KLS,my_market,EQUITY
0113.KL,MMSV,,KLS,my_market,EQUITY
6874.KL,KUB,KUB Malaysia Berhad,KLS,my_market,EQUITY
7133.KL,ULICORP,United U-LI Corporation Berhad,KLS,my_market,EQUITY
0006.KL,PINEAPP,,KLS,my_market,EQUITY
5436.KL,PERSTIM,,KLS,my_market,EQUITY
7083.KL,ANALABS,Analabs Resources Berhad,KLS,my_market,EQUITY
0167.KL,MCLEAN,,KLS,my_market,EQUITY
5291.KL,HPMT,,KLS,my_market,EQUITY
5110.KL,UOAREIT,Uoa Real Estate Investment,KLS,my_market,EQUITY
0218.KL,ACO,,KLS,my_market,EQUITY
0156.KL,MPAY,,KLS,my_market,EQUITY
7803.KL,RUBEREX,Rubberex Corp. M Bhd,KLS,my_market,EQUITY
9172.KL,FPI,Formosa Prosonic Industries Berhad,KLS,my_market,EQUITY
5789.KL,LBS,LBS Bina Group Bhd,KLS,my_market,EQUITY
5171.KL,KIMLUN,Kimlun Corporation Berhad,KLS,my_market,EQUITY
5280.KL,KIPREIT,,KLS,my_market,EQUITY
5182.KL,MCT,MCT Berhad,KLS,my_market,EQUITY
0105.KL,ASIAPLY,,KLS,my_market,EQUITY
3689.KL,F&N,Fraser &amp; Neave Holdings Bhd,KLS,my_market,EQUITY
5079.KL,GETS,KBES Bhd.,KLS,my_market,EQUITY
5147.KL,SAMCHEM,Samchem Holdings Bhd,KLS,my_market,EQUITY
7232.KL,RESINTC,Resintech Bhd,KLS,my_market,EQUITY
5139.KL,AEONCR,Aeon Credit Service M Bhd,KLS,my_market,EQUITY
9083.KL,JETSON,Kumpulan Jetson Bhd,KLS,my_market,EQUITY
0109.KL,SCBUILD,,KLS,my_market,EQUITY
8672.KL,KAMDAR,Kamdar Group (M) Bhd,KLS,my_market,EQUITY
2674.KL,ALCOM,Aluminium Co. of Malaysia Bhd,KLS,my_market,EQUITY
8605.KL,FIHB,Federal Furniture Holdings M Bhd,KLS,my_market,EQUITY
0029.KL,DIGISTA,,KLS,my_market,EQUITY
7249.KL,EWEIN,,KLS,my_market,EQUITY
0084.KL,FAST,,KLS,my_market,EQUITY
7161.KL,KERJAYA,Kerjaya Prospek Group Berhad,KLS,my_market,EQUITY
3557.KL,ECOFIRS,Ecofirst Consolidated Bhd,KLS,my_market,EQUITY
9806.KL,NATWIDE,,KLS,my_market,EQUITY
0150.KL,FINTEC,,KLS,my_market,EQUITY
5111.KL,TWRREIT,Tower Real Estate Investment Trust,KLS,my_market,EQUITY
5036.KL,EDARAN,Edaran Berhad,KLS,my_market,EQUITY
5300.KL,YENHER,,KLS,my_market,EQUITY
8621.KL,LPI,LPI Capital Bhd,KLS,my_market,EQUITY
3743.KL,SUNSURIA,Sunsuria Berhad,KLS,my_market,EQUITY
1082.KL,HLFG,Hong Leong Financial Group Berhad,KLS,my_market,EQUITY
4006.KL,ORIENT,Oriental Holdings Bhd,KLS,my_market,EQUITY
3239.KL,BJASSET,Berjaya Assets Berhad,KLS,my_market,EQUITY
7163.KL,PJBUMI,,KLS,my_market,EQUITY
5104.KL,CNH,,KLS,my_market,EQUITY
7160.KL,PENTA,Pentamaster Corp. Bhd,KLS,my_market,EQUITY
9318.KL,FITTERS,Fitters Diversified Berhad,KLS,my_market,EQUITY
7152.KL,JAYCORP,Jaycorp Berhad,KLS,my_market,EQUITY
3719.KL,PANAMY,Panasonic Manufacturing Malaysia Berhad,KLS,my_market,EQUITY
8176.KL,ATAIMS,Denko Industrial Corp. Bhd,KLS,my_market,EQUITY
3565.KL,WCEHB,Kumpulan Europlus Berhad,KLS,my_market,EQUITY
5068.KL,LUSTER,Luster Industries Bhd,KLS,my_market,EQUITY
7130.KL,KPOWER,Kumpulan Powernet Bhd,KLS,my_market,EQUITY
0082.KL,GPACKET,,KLS,my_market,EQUITY
0028.KL,SCOPE,,KLS,my_market,EQUITY
5249.KL,IOIPG,IOI Properties Group Berhad,KLS,my_market,EQUITY
5649.KL,GPHAROS,Golden Pharos Bhd,KLS,my_market,EQUITY
7247.KL,SCGM,SCGM Bhd,KLS,my_market,EQUITY
0055.KL,SERSOL,,KLS,my_market,EQUITY
0012.KL,3A,,KLS,my_market,EQUITY
7148.KL,DPHARMA,CCM Duopharma Biotech Berhad,KLS,my_market,EQUITY
8176.KL,ATAIMS,Denko Industrial Corp. Bhd,KLS,my_market,EQUITY
0203.KL,SMETRIC,,KLS,my_market,EQUITY
7034.KL,TGUAN,Thong Guan Industries Bhd,KLS,my_market,EQUITY
4758.KL,ANCOM,Ancom Berhad,KLS,my_market,EQUITY
6012.KL,MAXIS,Maxis Berhad,KLS,my_market,EQUITY
8478.KL,HWATAI,HWA TAI Industries Bhd,KLS,my_market,EQUITY
3565.KL,WCEHB,Kumpulan Europlus Berhad,KLS,my_market,EQUITY
5068.KL,LUSTER,Luster Industries Bhd,KLS,my_market,EQUITY
5250.KL,SEM,7-Eleven Malaysia Holdings Berhad,KLS,my_market,EQUITY
5278.KL,RHONEMA,,KLS,my_market,EQUITY
0138.KL,MYEG,,KLS,my_market,EQUITY
0051.KL,CUSCAPI,,KLS,my_market,EQUITY
3042.KL,PETRONM,Petron Malaysia Refining &amp; Marketing Bhd,KLS,my_market,EQUITY
1295.KL,PBBANK,Public Bank Berhad,KLS,my_market,EQUITY
5077.KL,MAYBULK,Malaysian Bulk Carriers Bhd.,KLS,my_market,EQUITY
0228.KL,HPPHB,,KLS,my_market,EQUITY
7164.KL,KNM,KNM Group Bhd,KLS,my_market,EQUITY
0066.KL,VSOLAR,,KLS,my_market,EQUITY
6742.KL,YTLPOWR,YTL Power International Berhad,KLS,my_market,EQUITY
2097.KL,EASTLND,EastLand Equity Bhd,KLS,my_market,EQUITY
0107.KL,EDUSPEC,,KLS,my_market,EQUITY
4723.KL,JAKS,JAKS Resources Berhad,KLS,my_market,EQUITY
8133.KL,BHIC,Boustead Heavy Industries Corporation Bhd,KLS,my_market,EQUITY
1589.KL,IWCITY,Iskandar Waterfront City Berhad,KLS,my_market,EQUITY
4464.KL,PHB,Naim Indah Corp. Bhd,KLS,my_market,EQUITY
0078.KL,GDEX,,KLS,my_market,EQUITY
0180.KL,KTC,,KLS,my_market,EQUITY
3662.KL,MFLOUR,Malayan Flour Mills Bhd,KLS,my_market,EQUITY
1619.KL,DRBHCOM,DRB-HICOM Berhad,KLS,my_market,EQUITY
0169.KL,SMTRACK,,KLS,my_market,EQUITY
3026.KL,DLADY,Dutch Lady Milk Industries Bhd,KLS,my_market,EQUITY
7668.KL,BESHOM,Hai-O Enterprise Bhd,KLS,my_market,EQUITY
8877.KL,EKOVEST,Ekovest Berhad,KLS,my_market,EQUITY
1015.KL,AMBANK,AMMB Holdings Berhad,KLS,my_market,EQUITY
8206.KL,ECOWLD,Eco World Development Group Berhad,KLS,my_market,EQUITY
0035.KL,OPCOM,,KLS,my_market,EQUITY
5256.KL,REACH,Reach Energy Berhad,KLS,my_market,EQUITY
9997.KL,PENSONI,Pensonic Holdings Bhd,KLS,my_market,EQUITY
5296.KL,MRDIY,,KLS,my_market,EQUITY
5227.KL,IGBREIT,IGB Real Estate Investment Trust,KLS,my_market,EQUITY
5517.KL,SHANG,Shangri-La Hotels Malaysia Bhd,KLS,my_market,EQUITY
3867.KL,MPI,Malaysian Pacific Industries Berhad,KLS,my_market,EQUITY
5231.KL,PELIKAN,Pelikan International Corporation Berhad,KLS,my_market,EQUITY
7062.KL,KHIND,Khind Holdings Bhd,KLS,my_market,EQUITY
6483.KL,KENANGA,K &amp; N Kenanga Holdings Berhad,KLS,my_market,EQUITY
7050.KL,WONG,Wong Engineering Corporation Berhad,KLS,my_market,EQUITY
7130.KL,KPOWER,Kumpulan Powernet Bhd,KLS,my_market,EQUITY
5983.KL,MBMR,MBM Resources Bhd,KLS,my_market,EQUITY
5028.KL,HTPADU,Heitech Padu Bhd,KLS,my_market,EQUITY
0800EA.KL,ABFMY1,ABF Malaysia Bond Index,KLS,my_market,EQUITY
8532.KL,PERTAMA,Sinotop Holdings Berhad,KLS,my_market,EQUITY
3816.KL,MISC,,KLS,my_market,EQUITY
0208.KL,GREATEC,,KLS,my_market,EQUITY
5218.KL,SAPNRG,SapuraKencana Petroleum Berhad,KLS,my_market,EQUITY
5254.KL,BPLANT,Boustead Plantations Berhad,KLS,my_market,EQUITY
5191.KL,TAMBUN,Tambun Indah Land Berhad,KLS,my_market,EQUITY
0118.KL,TRIVE,,KLS,my_market,EQUITY
7230.KL,TOMEI,Tomei Consolidated Berhad,KLS,my_market,EQUITY
5195.KL,CENSOF,Censof Holdings Berhad,KLS,my_market,EQUITY
7079.KL,TWL,Tiger Synergy Berhad,KLS,my_market,EQUITY
0171.KL,PLABS,,KLS,my_market,EQUITY
0181.KL,AEMULUS,,KLS,my_market,EQUITY
1171.KL,MBSB,Malaysia Building Society Bhd,KLS,my_market,EQUITY
5285.KL,SIMEPLT,,KLS,my_market,EQUITY
0163.KL,CAREPLS,,KLS,my_market,EQUITY
8419PA.KL,PANSAR-PA,,KLS,my_market,EQUITY
0133.KL,SANICHI,,KLS,my_market,EQUITY
5054.KL,TRC,TRC Synergy Bhd,KLS,my_market,EQUITY
5022.KL,PAOS,Paos Holdings Berhad,KLS,my_market,EQUITY
5160.KL,HOMERIZ,Homeritz Corporation Berhad,KLS,my_market,EQUITY
9121.KL,KPSCB,,KLS,my_market,EQUITY
7471.KL,EDEN,Eden Inc. Berhad,KLS,my_market,EQUITY
6521.KL,SURIA,Suria Capital Holdings Bhd,KLS,my_market,EQUITY
7091.KL,UNIMECH,Unimech Group Bhd,KLS,my_market,EQUITY
7498.KL,RALCO,,KLS,my_market,EQUITY
0049.KL,OCNCASH,,KLS,my_market,EQUITY
0150PA.KL,FINTEC-PA,,KLS,my_market,EQUITY
7099PA.KL,ATTA-PA,,KLS,my_market,EQUITY
5087.KL,MYCRON,Mycron Steel Bhd,KLS,my_market,EQUITY
8346.KL,PRKCORP,Perak Corp. Bhd,KLS,my_market,EQUITY
5167.KL,TURBO,,KLS,my_market,EQUITY
7226.KL,WATTA,Watta Holding Bhd,KLS,my_market,EQUITY
3018.KL,OLYMPIA,Olympia Industries Berhad,KLS,my_market,EQUITY
0158.KL,SCC,,KLS,my_market,EQUITY
0174.KL,IDMENSN,,KLS,my_market,EQUITY
7077.KL,KPPROP,GSB Group Berhad,KLS,my_market,EQUITY
0017.KL,XOXTECH,,KLS,my_market,EQUITY
5065.KL,ORNA,Ornapaper Bhd,KLS,my_market,EQUITY
7617.KL,MAGNA,,KLS,my_market,EQUITY
4251PA.KL,IBHD-PA,,KLS,my_market,EQUITY
7722.KL,ASIABRN,Asia Brands Berhad,KLS,my_market,EQUITY
5009.KL,WTHORSE,White Horse Bhd,KLS,my_market,EQUITY
5009.KL,WTHORSE,White Horse Bhd,KLS,my_market,EQUITY
0147.KL,INNITY,,KLS,my_market,EQUITY
5001.KL,MIECO,Mieco Chipboard Bhd,KLS,my_market,EQUITY
5789PA.KL,LBS-PA,,KLS,my_market,EQUITY
7217.KL,EMETALL,Eonmetall Group Bhd,KLS,my_market,EQUITY
3778.KL,MELEWAR,Melewar Industrial Group Berhad,KLS,my_market,EQUITY
5062.KL,HUAYANG,Hua Yang Bhd,KLS,my_market,EQUITY
5239.KL,TITIJYA,Titijaya Land Berhad,KLS,my_market,EQUITY
7094.KL,EUROSP,Eurospan Holdings Bhd,KLS,my_market,EQUITY
1058.KL,MANULFE,Manulife Holdings Berhad,KLS,my_market,EQUITY
8745.KL,S&FCAP,Leweko Resources Bhd,KLS,my_market,EQUITY
8664PA.KL,SPSETIA-PA,,KLS,my_market,EQUITY
3379PB.KL,INSAS-PB,,KLS,my_market,EQUITY
0231.KL,FLEXI,,KLS,my_market,EQUITY
0174.KL,IDMENSN,,KLS,my_market,EQUITY
0017.KL,XOXTECH,,KLS,my_market,EQUITY
7077.KL,KPPROP,GSB Group Berhad,KLS,my_market,EQUITY
6904.KL,SUBUR,Subur Tiasa Holdings Bhd,KLS,my_market,EQUITY
7157.KL,CYL,,KLS,my_market,EQUITY
6068.KL,PCCS,PCCS Group Bhd,KLS,my_market,EQUITY
0821EA.KL,MYETFDJ,MYETF DJ Islamic Malaysia Titans 25,KLS,my_market,EQUITY
4081.KL,PMCORP,Pan Malaysia Corporation Berhad,KLS,my_market,EQUITY
7765.KL,RAPID,Rapid Synergy Bhd,KLS,my_market,EQUITY
0825EA.KL,METFSID,MyETF MSCI SEA Islamic Dividend,KLS,my_market,EQUITY
7137.KL,UMS,UMS Holdings Berhad,KLS,my_market,EQUITY
7108.KL,PERDANA,,KLS,my_market,EQUITY
2429.KL,TANCO,Tanco Holdings Bhd,KLS,my_market,EQUITY
8907.KL,EG,EG Industries Berhad,KLS,my_market,EQUITY
7170.KL,LFECORP,,KLS,my_market,EQUITY
1163PA.KL,ALLIANZ-PA,,KLS,my_market,EQUITY
5094.KL,CSCSTEL,CSC Steel Holdings Bhd,KLS,my_market,EQUITY
5037.KL,COMPUGT,,KLS,my_market,EQUITY
5159.KL,YOCB,,KLS,my_market,EQUITY
3379.KL,INSAS,Insas Berhad,KLS,my_market,EQUITY
0235.KL,NESTCON,,KLS,my_market,EQUITY
0217.KL,PWRWELL,,KLS,my_market,EQUITY
6114.KL,MKH,MKH Berhad,KLS,my_market,EQUITY
5228.KL,ELKDESA,ELK-Desa Resources Berhad,KLS,my_market,EQUITY
3174.KL,L&G,Land &amp; General Bhd,KLS,my_market,EQUITY
0117.KL,SMRT,,KLS,my_market,EQUITY
0025.KL,YBS,,KLS,my_market,EQUITY
5232.KL,LEONFB,Leon Fuat Berhad,KLS,my_market,EQUITY
7173.KL,TOYOVEN,Toyo Ink Group Berhad,KLS,my_market,EQUITY
0096.KL,NEXGRAM,,KLS,my_market,EQUITY
7078.KL,AZRB,Ahmad Zaki Resources Berhad,KLS,my_market,EQUITY
5568.KL,APB,APB Resources Berhad,KLS,my_market,EQUITY
2305.KL,AYER,,KLS,my_market,EQUITY
0198.KL,GDB,,KLS,my_market,EQUITY
4251.KL,IBHD,I-Berhad,KLS,my_market,EQUITY
5269.KL,ALSREIT,,KLS,my_market,EQUITY
7045.KL,SCOMIES,Scomi Energy Services Bhd,KLS,my_market,EQUITY
5230.KL,TUNEPRO,Tune Protect Group Berhad,KLS,my_market,EQUITY
7146.KL,AEM,AE Multi Holdings Berhad,KLS,my_market,EQUITY
0232.KL,VOLCANO,,KLS,my_market,EQUITY
7048.KL,ATLAN,Atlan Holdings Bhd,KLS,my_market,EQUITY
5190.KL,BENALEC,Benalec Holdings Berhad,KLS,my_market,EQUITY
7187.KL,CHGP,Boon Koon Group Berhad,KLS,my_market,EQUITY
7047.KL,FAJAR,Fajarbaru Builder Group Bhd.,KLS,my_market,EQUITY
7245.KL,WZSATU,WZ Satu Berhad,KLS,my_market,EQUITY
0170.KL,KANGER,,KLS,my_market,EQUITY
6769.KL,JKGLAND,JKG Land Berhad,KLS,my_market,EQUITY
0022.KL,PARLO,,KLS,my_market,EQUITY
5183.KL,PCHEM,,KLS,my_market,EQUITY
5162.KL,VSTECS,ECS ICT Berhad,KLS,my_market,EQUITY
9598.KL,PTARAS,Pintaras Jaya Bhd,KLS,my_market,EQUITY
8524.KL,TALIWRK,,KLS,my_market,EQUITY
7229.KL,FAVCO,Favelle Favco Berhad,KLS,my_market,EQUITY
7071.KL,OCR,O&amp;C Resources Berhad,KLS,my_market,EQUITY
7054.KL,AASIA,Astral Asia Berhad,KLS,my_market,EQUITY
5090.KL,MEDIAC,Media Chinese International Limited,KLS,my_market,EQUITY
3158.KL,YNHPROP,Ynh Property Berhad,KLS,my_market,EQUITY
7773.KL,EPMB,EP Manufacturing Bhd,KLS,my_market,EQUITY
5053.KL,OSK,OSK Holdings Berhad,KLS,my_market,EQUITY
2828.KL,CIHLDG,CI Holdings Bhd,KLS,my_market,EQUITY
7107.KL,OFI,Oriental Food Industries Holdings Bhd,KLS,my_market,EQUITY
5184.KL,CYPARK,Cypark Resources Berhad,KLS,my_market,EQUITY
0090.KL,ELSOFT,,KLS,my_market,EQUITY
7100.KL,UCHITEC,Uchi Technologies Berhad,KLS,my_market,EQUITY
7174.KL,CAB,CAB Cakaran Corp. Bhd,KLS,my_market,EQUITY
7168.KL,PRG,PRG Holdings Berhad,KLS,my_market,EQUITY
9423.KL,CWG,Chee Wah Corp. Bhd,KLS,my_market,EQUITY
9261.KL,GADANG,Gadang Holdings Berhad,KLS,my_market,EQUITY
5614.KL,ILB,Integrated Logistics Bhd,KLS,my_market,EQUITY
7080PA.KL,PERMAJU-PA,,KLS,my_market,EQUITY
3948.KL,DUTALND,DutaLand Berhad,KLS,my_market,EQUITY
5219.KL,PESTECH,Pestech International Berhad,KLS,my_market,EQUITY
5303.KL,SWIFT,,KLS,my_market,EQUITY
0068.KL,ASDION,,KLS,my_market,EQUITY
4502.KL,MEDIA,Media Prima Bhd,KLS,my_market,EQUITY
5738.KL,CHHB,Country Heights Holdings Berhad,KLS,my_market,EQUITY
1651.KL,MRCB,Malaysian Resources Corporation Berhad,KLS,my_market,EQUITY
8311.KL,PESONA,Pesona Metro Holdings Berhad,KLS,my_market,EQUITY
0151.KL,KGB,,KLS,my_market,EQUITY
5138.KL,HSPLANT,Hap Seng Plantations Holdings Bhd,KLS,my_market,EQUITY
5673.KL,IPMUDA,Ipmuda Berhad,KLS,my_market,EQUITY
7216.KL,KAWAN,Kawan Food Bhd,KLS,my_market,EQUITY
2089.KL,UTDPLT,United Plantations Bhd,KLS,my_market,EQUITY
9679.KL,WCT,WCT Holdings Berhad,KLS,my_market,EQUITY
5185.KL,AFFIN,Affin Holdings Bhd,KLS,my_market,EQUITY
5035.KL,KNUSFOR,Knusford Bhd,KLS,my_market,EQUITY
3069.KL,MFCB,Mega First Corp. Bhd,KLS,my_market,EQUITY
6963.KL,VS,VS Industry Berhad,KLS,my_market,EQUITY
0155.KL,MGRC,,KLS,my_market,EQUITY
5112.KL,THPLANT,TH Plantations Berhad,KLS,my_market,EQUITY
0239.KL,ECOMATE,,KLS,my_market,EQUITY
7022.KL,GTRONIC,Globetronics Technology Bhd,KLS,my_market,EQUITY
0223.KL,SAMAIDEN,,KLS,my_market,EQUITY
9075.KL,THETA,Theta Edge Berhad,KLS,my_market,EQUITY
3417.KL,E&O,Eastern &amp; Oriental Berhad,KLS,my_market,EQUITY
7214.KL,ARANK,A-Rank Berhad,KLS,my_market,EQUITY
5260.KL,OWG,Only World Group Holdings Berhad,KLS,my_market,EQUITY
9474.KL,BRAHIMS,Brahim&apos;s Holdings Berhad,KLS,my_market,EQUITY
5024.KL,HUPSENG,Hup Seng Industries Bhd,KLS,my_market,EQUITY
0065.KL,EFORCE,,KLS,my_market,EQUITY
5657.KL,PARKSON,Parkson Holdings Berhad,KLS,my_market,EQUITY
4235.KL,LIONIND,Lion Industries Corporation Berhad,KLS,my_market,EQUITY
5048.KL,YB,Yi-Lai Bhd,KLS,my_market,EQUITY
0205.KL,DPIH,,KLS,my_market,EQUITY
5109.KL,YTLREIT,YTL Hospitality REIT,KLS,my_market,EQUITY
0069.KL,VINVEST,,KLS,my_market,EQUITY
0001.KL,SCOMNET,,KLS,my_market,EQUITY
7211.KL,TAFI,TAFI Industries Berhad,KLS,my_market,EQUITY
1481.KL,ASB,Advance Synergy Berhad,KLS,my_market,EQUITY
5101.KL,EVERGRN,Evergreen Fibreboard Bhd,KLS,my_market,EQUITY
6139.KL,TAKAFUL,Syarikat Takaful Malaysia Bhd,KLS,my_market,EQUITY
6888.KL,AXIATA,Axiata Group Berhad,KLS,my_market,EQUITY
0122.KL,AIM,,KLS,my_market,EQUITY
1155.KL,MAYBANK,Malayan Banking Berhad,KLS,my_market,EQUITY
7043.KL,JADEM,JMR Conglomeration Bhd,KLS,my_market,EQUITY
9393.KL,ITRONIC,,KLS,my_market,EQUITY
5878.KL,KPJ,KPJ Healthcare Bhd,KLS,my_market,EQUITY
0176.KL,KRONO,,KLS,my_market,EQUITY
2127.KL,COMFORT,Comfort Gloves Berhad,KLS,my_market,EQUITY
5073.KL,NAIM,Naim Holdings Berhad,KLS,my_market,EQUITY
0837EA.KL,AXJ-REITSETF,TradePlus MSCI Asia ex Japan REITs Tracker ETF,KLS,my_market,EQUITY
6633.KL,LHI,,KLS,my_market,EQUITY
5041.KL,PBA,PBA Holdings Bhd,KLS,my_market,EQUITY
0002.KL,KOTRA,,KLS,my_market,EQUITY
5199.KL,HIBISCS,Hibiscus Petroleum Berhad,KLS,my_market,EQUITY
4944.KL,NYLEX,Nylex (Malaysia) Berhad,KLS,my_market,EQUITY
0005.KL,UCREST,,KLS,my_market,EQUITY
5157.KL,SAUDEE,Saudee Group Berhad,KLS,my_market,EQUITY
8664.KL,SPSETIA,S P Setia Berhad,KLS,my_market,EQUITY
5275.KL,MYNEWS,,KLS,my_market,EQUITY
5703.KL,MUHIBAH,Muhibbah Engineering M Bhd,KLS,my_market,EQUITY
7087.KL,MAGNI,Magni-Tech Industries Berhad,KLS,my_market,EQUITY
3298.KL,HEXZA,Hexza Corporation Berhad,KLS,my_market,EQUITY
6947.KL,DIGI,DiGi.Com Berhad,KLS,my_market,EQUITY
5212.KL,PAVREIT,Pavilion Real Estate Investment Trust,KLS,my_market,EQUITY
0075.KL,LYC,,KLS,my_market,EQUITY
8583.KL,MAHSING,Mah Sing Group Bhd,KLS,my_market,EQUITY
4707.KL,NESTLE,Nestlé (Malaysia) Berhad,KLS,my_market,EQUITY
1818.KL,BURSA,Bursa Malaysia Berhad,KLS,my_market,EQUITY
2755.KL,FCW,FCW Holdings Bhd,KLS,my_market,EQUITY
7155.KL,SKPRES,SKP Resources Bhd,KLS,my_market,EQUITY
2224.KL,SDRED,Selangor Dredging Bhd,KLS,my_market,EQUITY
0153.KL,OVERSEA,,KLS,my_market,EQUITY
0054.KL,KARYON,,KLS,my_market,EQUITY
03025.KL,ENEST,,KLS,my_market,EQUITY
7183.KL,IQZAN,Ire-Tex Corp. Bhd,KLS,my_market,EQUITY
0229.KL,MOBILIA,,KLS,my_market,EQUITY
8435.KL,CEPCO,,KLS,my_market,EQUITY
7076.KL,CBIP,CB Industrial Product Holding Bhd,KLS,my_market,EQUITY
2453.KL,KLUANG,,KLS,my_market,EQUITY
3905.KL,MULPHA,,KLS,my_market,EQUITY
9741.KL,ROHAS,,KLS,my_market,EQUITY
0081.KL,MEGASUN,,KLS,my_market,EQUITY
0060PA.KL,VC-PA,,KLS,my_market,EQUITY
8605PB.KL,FIHB-PB,,KLS,my_market,EQUITY
7003.KL,Y&G,,KLS,my_market,EQUITY
03023.KL,SMILE,,KLS,my_market,EQUITY
1643.KL,LANDMRK,Landmarks Bhd,KLS,my_market,EQUITY
8664PB.KL,SPSETIA-PB,,KLS,my_market,EQUITY
6912.KL,PASDEC,Pasdec Holdings Bhd,KLS,my_market,EQUITY
7149.KL,ENGKAH,Eng Kah Corporation Berhad,KLS,my_market,EQUITY
03011.KL,AMLEX,,KLS,my_market,EQUITY
5220.KL,GLOTEC,Globaltec Formation Berhad,KLS,my_market,EQUITY
0020.KL,NETX,,KLS,my_market,EQUITY
7066PA.KL,YONGTAI-PA,,KLS,my_market,EQUITY
7129.KL,ASIAFLE,Asia File Corporation Bhd.,KLS,my_market,EQUITY
8079.KL,LEESK,Lee Swee Kiat Group Bhd,KLS,my_market,EQUITY
5070.KL,PRTASCO,Protasco Bhd,KLS,my_market,EQUITY
5259.KL,EATECH,E.A. Technique (M) Berhad,KLS,my_market,EQUITY
0179.KL,BIOHLDG,,KLS,my_market,EQUITY
7234.KL,MESB,MESB Bhd,KLS,my_market,EQUITY
5149.KL,TAS,TAS Offshore Berhad,KLS,my_market,EQUITY
5134.KL,SAB,Southern Acids M Bhd,KLS,my_market,EQUITY
7188.KL,BTM,BTM Resources Berhad,KLS,my_market,EQUITY
7028.KL,ZECON,Zecon Berhad,KLS,my_market,EQUITY
9814.KL,BERTAM,Bertam Alliance Bhd,KLS,my_market,EQUITY
0053.KL,OSKVI,,KLS,my_market,EQUITY
7082.KL,SYF,SYF Resources Bhd,KLS,my_market,EQUITY
7134.KL,PWF,PWF Consolidated Berhad,KLS,my_market,EQUITY
5135.KL,SWKPLNT,SARAWAK Plantation Bhd,KLS,my_market,EQUITY
9571.KL,MITRA,Mitrajaya Holdings Bhd,KLS,my_market,EQUITY
0225.KL,SCGBHD,,KLS,my_market,EQUITY
0207.KL,MESTRON,,KLS,my_market,EQUITY
9342.KL,ANZO,Anzo Holdings Berhad,KLS,my_market,EQUITY
8834.KL,IREKA,,KLS,my_market,EQUITY
0165PA.KL,XOX-PA,,KLS,my_market,EQUITY
7076.KL,CBIP,CB Industrial Product Holding Bhd,KLS,my_market,EQUITY
2453.KL,KLUANG,,KLS,my_market,EQUITY
0207.KL,MESTRON,,KLS,my_market,EQUITY
2135.KL,GOPENG,,KLS,my_market,EQUITY
5827.KL,OIB,Oriental Interest Bhd,KLS,my_market,EQUITY
5289.KL,TECHBND,,KLS,my_market,EQUITY
7031.KL,AMTEL,Amtel Holdings Berhad,KLS,my_market,EQUITY
7212.KL,DESTINI,Destini Berhad,KLS,my_market,EQUITY
0108.KL,N2N,,KLS,my_market,EQUITY
6459.KL,MNRB,MNRB Holdings Berhad,KLS,my_market,EQUITY
7180.KL,SERNKOU,Sern Kou Resources Bhd,KLS,my_market,EQUITY
5204.KL,AWANTEC,Prestariang Berhad,KLS,my_market,EQUITY
7154.KL,CAELY,Caely Holdings Bhd,KLS,my_market,EQUITY
7986.KL,CNASIA,CN Asia Corp.Bhd,KLS,my_market,EQUITY
5042.KL,TSRCAP,TSR Capital Berhad,KLS,my_market,EQUITY
1368.KL,EDGENTA,UEM Edgenta Berhad,KLS,my_market,EQUITY
0050.KL,SYSTECH,,KLS,my_market,EQUITY
7221.KL,BSLCORP,BSL Corp. Bhd,KLS,my_market,EQUITY
7158.KL,SCOMI,Scomi Group Bhd,KLS,my_market,EQUITY
2682.KL,PARKWD,Amalgamated Industrial Steel Berhad,KLS,my_market,EQUITY
9199.KL,LYSAGHT,Lysaght Galvanized Steel Bhd,KLS,my_market,EQUITY
4375.KL,SMI,South Malaysia Industries Bhd,KLS,my_market,EQUITY
5246.KL,WPRTS,Westports Holdings Berhad,KLS,my_market,EQUITY
5123.KL,SENTRAL,MRCB-Quill REIT,KLS,my_market,EQUITY
5081.KL,EIG,,KLS,my_market,EQUITY
0103.KL,MNC,,KLS,my_market,EQUITY
7123.KL,PWORTH,Priceworth International Berhad,KLS,my_market,EQUITY
3913.KL,MUIPROP,MUI Properties Berhad,KLS,my_market,EQUITY
5226.KL,GBGAQRS,Gabungan AQRS Berhad,KLS,my_market,EQUITY
7935.KL,MILUX,,KLS,my_market,EQUITY
6238.KL,HSL,Hock Seng Lee Bhd,KLS,my_market,EQUITY
5170.KL,SCABLE,Sarawak Cable Berhad,KLS,my_market,EQUITY
0037.KL,RGB,,KLS,my_market,EQUITY
0086.KL,YGL,,KLS,my_market,EQUITY
9431.KL,SJC,,KLS,my_market,EQUITY
7222.KL,IMASPRO,Imaspro Corporation Berhad,KLS,my_market,EQUITY
7013.KL,HUBLINE,Hubline Bhd,KLS,my_market,EQUITY
6807.KL,PUNCAK,Puncak Niaga Holdings Berhad,KLS,my_market,EQUITY
6645.KL,LITRAK,Lingkaran Trans Kota Holdings Berhad,KLS,my_market,EQUITY
5100.KL,BPPLAS,BP Plastics Holding Bhd,KLS,my_market,EQUITY
4022.KL,MAXIM,Tadmax Resources Berhad,KLS,my_market,EQUITY
7757.KL,UPA,,KLS,my_market,EQUITY
5225.KL,IHH,IHH Healthcare Berhad,KLS,my_market,EQUITY
7080.KL,PERMAJU,Permaju Industries Bhd,KLS,my_market,EQUITY
5098.KL,MASTEEL,Malaysia Steel Works (KL) Bhd.,KLS,my_market,EQUITY
5264.KL,MALAKOF,,KLS,my_market,EQUITY
5272.KL,RANHILL,,KLS,my_market,EQUITY
5196.KL,BJFOOD,Berjaya Food Berhad,KLS,my_market,EQUITY
6998.KL,BINTAI,Bintai Kinden Corp. Bhd,KLS,my_market,EQUITY
0195.KL,BINACOM,,KLS,my_market,EQUITY
6815.KL,EUPE,,KLS,my_market,EQUITY
7060.KL,NHFATT,New Hoong Fatt Holdings Bhd,KLS,my_market,EQUITY
0111.KL,K1,,KLS,my_market,EQUITY
5180.KL,CLMT,,KLS,my_market,EQUITY
5235SS.KL,KLCC,KLCC Real Estate Investment Trust,KLS,my_market,EQUITY
0187.KL,BCMALL,,KLS,my_market,EQUITY
7131.KL,ACME,,KLS,my_market,EQUITY
7198.KL,DPS,DPS Resources Bhd,KLS,my_market,EQUITY
7199.KL,KEINHIN,Kein Hing International Bhd,KLS,my_market,EQUITY
5132.KL,DELEUM,,KLS,my_market,EQUITY
7293.KL,YINSON,Yinson Holdings Berhad,KLS,my_market,EQUITY
0212.KL,SDS,,KLS,my_market,EQUITY
5161.KL,JCY,JCY International Berhad,KLS,my_market,EQUITY
5273.KL,CHINHIN,,KLS,my_market,EQUITY
5298.KL,OMH,,KLS,my_market,EQUITY
7231.KL,WELLCAL,,KLS,my_market,EQUITY
5209.KL,GASMSIA,Gas Malaysia Berhad,KLS,my_market,EQUITY
5932.KL,BPURI,Bina Puri Holdings Bhd,KLS,my_market,EQUITY
7210.KL,FM,Freight Management Holdings Bhd,KLS,my_market,EQUITY
0059.KL,ECOHLDS,,KLS,my_market,EQUITY
5187.KL,HBGLOB,HB Global Limited,KLS,my_market,EQUITY
8893.KL,MKLAND,,KLS,my_market,EQUITY
0193.KL,KAB,,KLS,my_market,EQUITY
5113.KL,RSAWIT,Rimbunan Sawit Berhad,KLS,my_market,EQUITY
7095.KL,PIE,PIE Industrial Bhd,KLS,my_market,EQUITY
0173.KL,CATCHA,,KLS,my_market,EQUITY
5197.KL,FLBHD,Focus Lumber Berhad.,KLS,my_market,EQUITY
0120.KL,VIS,,KLS,my_market,EQUITY
0023.KL,IFCAMSC,,KLS,my_market,EQUITY
5072.KL,HIAPTEK,Hiap Teck Venture Bhd,KLS,my_market,EQUITY
5916.KL,MSC,Malaysia Smelting Corporation Berhad,KLS,my_market,EQUITY
7208.KL,EURO,Euro Holdings Bhd,KLS,my_market,EQUITY
2771.KL,BSTEAD,Boustead Holdings Bhd,KLS,my_market,EQUITY
8982.KL,CEPAT,Cepatwawasan Group Bhd,KLS,my_market,EQUITY
5020.KL,GLOMAC,Glomac Berhad,KLS,my_market,EQUITY
2593.KL,UMCCA,,KLS,my_market,EQUITY
3484.KL,DBHD,Damansara Realty Bhd,KLS,my_market,EQUITY
5186.KL,MHB,Malaysia Marine and Heavy Engineering Holdings Berhad,KLS,my_market,EQUITY
7121.KL,XL,Xian Leng Holdings Bhd,KLS,my_market,EQUITY
1163.KL,ALLIANZ,Allianz Malaysia Berhad,KLS,my_market,EQUITY
4243.KL,WTK,WTK Holdings Bhd,KLS,my_market,EQUITY
5283.KL,EWINT,,KLS,my_market,EQUITY
4057.KL,ASIAPAC,Asian Pac Holdings Berhad,KLS,my_market,EQUITY
6556.KL,ANNJOO,Ann Joo Resources Berhad,KLS,my_market,EQUITY
1899.KL,BKAWAN,Batu Kawan Berhad,KLS,my_market,EQUITY
8338.KL,DATAPRP,Dataprep Holdings Bhd,KLS,my_market,EQUITY
5263.KL,SUNCON,,KLS,my_market,EQUITY
0093.KL,SOLUTN,,KLS,my_market,EQUITY
0072.KL,AT,,KLS,my_market,EQUITY
5106.KL,AXREIT,Axis Real Estate Investment Trust,KLS,my_market,EQUITY
0123.KL,PRIVA,,KLS,my_market,EQUITY
2771.KL,BSTEAD,Boustead Holdings Bhd,KLS,my_market,EQUITY
8982.KL,CEPAT,Cepatwawasan Group Bhd,KLS,my_market,EQUITY
2445.KL,KLK,Kuala Lumpur Kepong Berhad,KLS,my_market,EQUITY
6351.KL,AMWAY,Amway (Malaysia) Holdings Berhad,KLS,my_market,EQUITY
5272.KL,RANHILL,,KLS,my_market,EQUITY
7080.KL,PERMAJU,Permaju Industries Bhd,KLS,my_market,EQUITY
5098.KL,MASTEEL,Malaysia Steel Works (KL) Bhd.,KLS,my_market,EQUITY
5222.KL,FGV,Felda Global Ventures Holdings Berhad,KLS,my_market,EQUITY
0131.KL,DGSB,,KLS,my_market,EQUITY
7184.KL,G3,Yen Global Berhad,KLS,my_market,EQUITY
7676.KL,GCAP,Gunung Capital Bhd,KLS,my_market,EQUITY
0160.KL,HHHCORP,,KLS,my_market,EQUITY
7081.KL,PHARMA,Pharmaniaga Bhd,KLS,my_market,EQUITY
7233.KL,DUFU,Dufu Technology Corp. Berhad,KLS,my_market,EQUITY
0101.KL,TMCLIFE,,KLS,my_market,EQUITY
5216.KL,DSONIC,,KLS,my_market,EQUITY
5301.KL,CTOS,,KLS,my_market,EQUITY
0070.KL,MQTECH,,KLS,my_market,EQUITY
0010.KL,IRIS,,KLS,my_market,EQUITY
7097.KL,TAWIN,Ta Win Holdings Bhd,KLS,my_market,EQUITY
2488.KL,ABMB,Alliance Financial Group Berhad.,KLS,my_market,EQUITY
5242.KL,SOLID,Solid Automotive Berhad,KLS,my_market,EQUITY
2291.KL,GENP,,KLS,my_market,EQUITY
0043.KL,MTRONIC,,KLS,my_market,EQUITY
5176.KL,SUNREIT,Sunway Real Estate Investment Trust,KLS,my_market,EQUITY
7090.KL,AHEALTH,Apex Healthcare Berhad,KLS,my_market,EQUITY
6599.KL,AEON,Aeon Co. (M) Bhd,KLS,my_market,EQUITY
5247.KL,KAREX,Karex Berhad,KLS,my_market,EQUITY
4731.KL,SCIENTX,Scientex Berhad,KLS,my_market,EQUITY
5299.KL,IGBCR,,KLS,my_market,EQUITY
4863.KL,TM,Telekom Malaysia Berhad,KLS,my_market,EQUITY
7066.KL,YONGTAI,Yong Tai Berhad,KLS,my_market,EQUITY
0152.KL,DGB,,KLS,my_market,EQUITY
4456.KL,DNEX,Dagang NeXchange Berhad,KLS,my_market,EQUITY
4588.KL,UMW,UMW Holdings Bhd,KLS,my_market,EQUITY
3859.KL,MAGNUM,Magnum Berhad,KLS,my_market,EQUITY
7103.KL,SPRITZER,Spritzer Bhd.,KLS,my_market,EQUITY
2852.KL,CMSB,Cahya Mata Sarawak Bhd,KLS,my_market,EQUITY
6971.KL,KOBAY,Kobay Technology Bhd.,KLS,my_market,EQUITY
5398.KL,GAMUDA,Gamuda Bhd,KLS,my_market,EQUITY
7172.KL,PMBTECH,PMB Technology Bhd,KLS,my_market,EQUITY
5248.KL,BAUTO,Bermaz Auto Berhad,KLS,my_market,EQUITY
1023.KL,CIMB,CIMB Group Holdings Berhad,KLS,my_market,EQUITY
0183.KL,SALUTE,,KLS,my_market,EQUITY
5302.KL,ATECH,,KLS,my_market,EQUITY
7106.KL,SUPERMX,Supermax Corporation Berhad,KLS,my_market,EQUITY
7153.KL,KOSSAN,Kossan Rubber Industries Bhd,KLS,my_market,EQUITY
5253.KL,ECONBHD,,KLS,my_market,EQUITY
9148.KL,ADVPKG,Advanced Packaging Technology M Bhd,KLS,my_market,EQUITY
5085.KL,MUDAJYA,,KLS,my_market,EQUITY
0182.KL,LKL,,KLS,my_market,EQUITY
5025.KL,NWP,NWP Holdings Berhad,KLS,my_market,EQUITY
7052.KL,PADINI,Padini Holdings Berhad,KLS,my_market,EQUITY
7250.KL,UZMA,Uzma Berhad,KLS,my_market,EQUITY
4197.KL,SIME,Sime Darby Berhad,KLS,my_market,EQUITY
5238.KL,AAX,AirAsia X Berhad,KLS,my_market,EQUITY
6399.KL,ASTRO,Astro Malaysia Holdings Berhad,KLS,my_market,EQUITY
7120.KL,AXTERIA,Acoustech Berhad,KLS,my_market,EQUITY
0104.KL,GENETEC,,KLS,my_market,EQUITY
7167.KL,ABLEGLOB,Johore Tin Bhd,KLS,my_market,EQUITY
5168.KL,HARTA,Hartalega Holdings Berhad,KLS,my_market,EQUITY
0127.KL,JHM,,KLS,my_market,EQUITY
5681.KL,PETDAG,Petronas Dagangan Bhd,KLS,my_market,EQUITY
