symbol,shortName,longName,exchange,market,quoteType
AIR.MC,AIRBUS,Airbus SE,MCE,es_market,EQUITY
ITX.MC,INDUSTRIA DE DISE\O TEXTIL S.A.,"Industria de Diseño Textil, S.A.",MCE,es_market,EQUITY
XPBR.MC,"PETROLEO BRASILEIRO,S.A. -PETRO",Petróleo Brasileiro S.A. - Petrobras,MCE,es_market,EQUITY
IBE.MC,ACCIONES IBERDROLA,"Iberdrola, S.A.",MCE,es_market,EQUITY
XVALO.MC,"COMPANHIA VALE DO RIO DOCE, S.A",Vale S.A.,MCE,es_market,EQUITY
XPBRA.MC,"PETROLEO BRASILEIRO,S.A. -PETRO",Petróleo Brasileiro S.A. - Petrobras,MCE,es_market,EQUITY
XAMXL.MC,"AMERICA MOVIL, S.A.B. DE C.V. S","América Móvil, S.A.B. de C.V.",MCE,es_market,EQUITY
SAN.MC,BANCO SANTANDER S.A.,"Banco Santander, S.A.",MCE,es_market,EQUITY
BBVA.MC,BANCO BILBAO VIZCAYA ARGENTARIA,"Banco Bilbao Vizcaya Argentaria, S.A.",MCE,es_market,EQUITY
CLNX.MC,"CELLNEX TELECOM, S.A.","Cellnex Telecom, S.A.",MCE,es_market,EQUITY
AMS.MC,"AMADEUS IT GROUP, S.A.","Amadeus IT Group, S.A.",MCE,es_market,EQUITY
MTS.MC,ARCELORMITTAL SA,ArcelorMittal,MCE,es_market,EQUITY
NTGY.MC,"NATURGY ENERGY GROUP, S.A.","Naturgy Energy Group, S.A.",MCE,es_market,EQUITY
XBBDC.MC,"BANCO BRADESCO, S.A., PREFERENT",Banco Bradesco S.A.,MCE,es_market,EQUITY
CCEP.MC,COCA-COLA EUROPACIFIC PARTNERS ,Coca-Cola Europacific Partners PLC,MCE,es_market,EQUITY
TEF.MC,"TELEFONICA,S.A.","Telefónica, S.A.",MCE,es_market,EQUITY
AENA.MC,"AENA, S.M.E., S.A.","Aena S.M.E., S.A.",MCE,es_market,EQUITY
CABK.MC,"CAIXABANK, S.A.","CaixaBank, S.A.",MCE,es_market,EQUITY
ELE.MC,"ENDESA,S.A.","Endesa, S.A.",MCE,es_market,EQUITY
FER.MC,"FERROVIAL, S.A.","Ferrovial, S.A.",MCE,es_market,EQUITY
XNOR.MC,GRUPO FINANCIERO BANORTE S.A.B ,"Grupo Financiero Banorte, S.A.B. de C.V.",MCE,es_market,EQUITY
REP.MC,"REPSOL,  S.A.","Repsol, S.A.",MCE,es_market,EQUITY
XEKT.MC,"GRUPO ELEKTRA, S.A. DE CV, ORDI","Grupo Elektra, S.A.B. de C.V.",MCE,es_market,EQUITY
SGRE.MC,SIEMENS GAMESA RENEWABLE ENERGY,"Siemens Gamesa Renewable Energy, S.A.",MCE,es_market,EQUITY
ANE.MC,CORPORACI...N ACCIONA ENERG...A,"Corporación Acciona Energías Renovables, S.A.",MCE,es_market,EQUITY
REE.MC,"RED ELECTRICA CORPORACION, S.A.","Red Eléctrica Corporación, S.A.",MCE,es_market,EQUITY
IAG.MC,INTL CONSOLIDATED AIRLINES GROU,"International Consolidated Airlines Group, S.A.",MCE,es_market,EQUITY
GRF.MC,GRIFOLS S.A.,"Grifols, S.A.",MCE,es_market,EQUITY
ANA.MC,"ACCIONA, S.A.","Acciona, S.A.",MCE,es_market,EQUITY
XELTO.MC,"CENTRAIS ELETRICAS BRASILEIRAS,",Centrais Elétricas Brasileiras S.A. - Eletrobrás,MCE,es_market,EQUITY
XELTB.MC,"CENTRAIS ELETRICAS BRASILEIRAS,",Centrais Elétricas Brasileiras S.A. - Eletrobrás,MCE,es_market,EQUITY
XBRK.MC,"BRASKEM, S.A. - PREFERENTES CLA",Braskem S.A.,MCE,es_market,EQUITY
XGGB.MC,"GERDAU, S.A. PREFERENTES",Gerdau S.A.,MCE,es_market,EQUITY
ACS.MC,"ACS,ACTIVIDADES DE CONSTRUCCION","ACS, Actividades de Construcción y Servicios, S.A.",MCE,es_market,EQUITY
FDR.MC,"FLUIDRA, S.A.","Fluidra, S.A.",MCE,es_market,EQUITY
MAP.MC,"MAPFRE, S.A.","Mapfre, S.A.",MCE,es_market,EQUITY
ENG.MC,"ENAGAS,S.A.","Enagás, S.A.",MCE,es_market,EQUITY
FCC.MC,ACCIONES FOMENTO DE CONSTRUCCIO,"Fomento de Construcciones y Contratas, S.A.",MCE,es_market,EQUITY
MRL.MC,"MERLIN PROPERTIES SOCIMI, S.A.","MERLIN Properties SOCIMI, S.A.",MCE,es_market,EQUITY
BKT.MC,"BANKINTER, S.A.","Bankinter, S.A.",MCE,es_market,EQUITY
APAM.MC,APERAM,Aperam S.A.,MCE,es_market,EQUITY
ROVI.MC,LABORATORIOS FARMACEUTICOS ROVI,"Laboratorios Farmaceuticos Rovi, S.A.",MCE,es_market,EQUITY
SAB.MC,BANCO DE SABADELL,"Banco de Sabadell, S.A.",MCE,es_market,EQUITY
XCMIG.MC,COMPANHIA ENERGETICA DE MINAS G,Companhia Energética de Minas Gerais,MCE,es_market,EQUITY
GCO.MC,"GRUPO CATALANA OCCIDENTE, S.A.","Grupo Catalana Occidente, S.A.",MCE,es_market,EQUITY
COL.MC,"INMOBILIARIA COLONIAL, SOCIMI S","Inmobiliaria Colonial, SOCIMI, S.A.",MCE,es_market,EQUITY
CIE.MC,"CIE AUTOMOTIVE, S.A.","CIE Automotive, S.A.",MCE,es_market,EQUITY
ZOT.MC,"ZARDOYA OTIS, S.A.","Zardoya Otis, S.A.",MCE,es_market,EQUITY
ACX.MC,"ACERINOX, S.A.","Acerinox, S.A.",MCE,es_market,EQUITY
ALB.MC,CORPORACION FINANCIERA ALBA S.A,"Corporación Financiera Alba, S.A.",MCE,es_market,EQUITY
GEST.MC,"GESTAMP AUTOMOCION, S.A.","Gestamp Automoción, S.A.",MCE,es_market,EQUITY
VIS.MC,"VISCOFAN, S.A.","Viscofan, S.A.",MCE,es_market,EQUITY
EBRO.MC,"EBRO FOODS, S.A.","Ebro Foods, S.A.",MCE,es_market,EQUITY
VID.MC,"VIDRALA, S.A.","Vidrala, S.A.",MCE,es_market,EQUITY
XUSI.MC,USINAS SIDERURGICAS DE MINAS GE,Usinas Siderúrgicas de Minas Gerais S.A.,MCE,es_market,EQUITY
UNI.MC,"UNICAJA BANCO, S.A.","Unicaja Banco, S.A.",MCE,es_market,EQUITY
XCOP.MC,COMPANHIA PARAENSE DE ENERGIA -,Companhia Paranaense de Energia - COPEL,MCE,es_market,EQUITY
XUSIO.MC,USINAS SIDERURGICAS DE MINAS GE,Usinas Siderúrgicas de Minas Gerais S.A.,MCE,es_market,EQUITY
LOG.MC,COMPA...IA DE DISTRIBUCION INTE,"Compañía de Distribución Integral Logista Holdings, S.A.",MCE,es_market,EQUITY
ALM.MC,ALMIRALL S.A.,"Almirall, S.A.",MCE,es_market,EQUITY
SLR.MC,SOLARIA ENERGIA Y MEDIO AMBIENT,"Solaria Energía y Medio Ambiente, S.A.",MCE,es_market,EQUITY
LDA.MC,"LINEA DIRECTA ASEGURADORA, S.A.","Línea Directa Aseguradora, S.A.",MCE,es_market,EQUITY
IDR.MC,"INDRA SISTEMAS S.A., SERIE A","Indra Sistemas, S.A.",MCE,es_market,EQUITY
XBRPO.MC,"BRADESPAR, S.A., ORDINARIAS",Bradespar S.A.,MCE,es_market,EQUITY
CAF.MC,CONSTRUCCIONES Y AUXILIAR DE FE,"Construcciones y Auxiliar de Ferrocarriles, S.A.",MCE,es_market,EQUITY
XBRPP.MC,"BRADESPAR, S.A., PREFERENTES",Bradespar S.A.,MCE,es_market,EQUITY
EAT.MC,"AMREST HOLDINGS, S.E.",AmRest Holdings SE,MCE,es_market,EQUITY
NHH.MC,"NH HOTEL GROUP, S.A.","NH Hotel Group, S.A.",MCE,es_market,EQUITY
MEL.MC,"MELIA HOTELS INTERNATIONAL, S.A","Meliá Hotels International, S.A.",MCE,es_market,EQUITY
SCYR.MC,"SACYR, S.A.","Sacyr, S.A.",MCE,es_market,EQUITY
TL5.MC,"MEDIASET ESPA...A COMUNICACION,","Mediaset España Comunicación, S.A.",MCE,es_market,EQUITY
PSG.MC,PROSEGUR,"Prosegur Compañía de Seguridad, S.A.",MCE,es_market,EQUITY
XBRSB.MC,BANCO SANTANDER RIO S.A. ORD. B,Banco Santander Río S.A.,MCE,es_market,EQUITY
APPS.MC,"APPLUS SERVICES, S.A.","Applus Services, S.A.",MCE,es_market,EQUITY
MVC.MC,"METROVACESA, S.A.",Metrovacesa S.A.,MCE,es_market,EQUITY
AEDAS.MC,"AEDAS HOMES, S.A","Aedas Homes, S.A.",MCE,es_market,EQUITY
DIA.MC,DISTRIBUIDORA INTERNACIONAL DE ,"Distribuidora Internacional de Alimentación, S.A.",MCE,es_market,EQUITY
EDR.MC,"EDREAMS ODIGEO, S.A.",eDreams ODIGEO S.A.,MCE,es_market,EQUITY
FAE.MC,"FAES FARMA, S.A.","Faes Farma, S.A.",MCE,es_market,EQUITY
CASH.MC,"PROSEGUR CASH, S.A.","Prosegur Cash, S.A.",MCE,es_market,EQUITY
PHM.MC,"PHARMA MAR, S.A.","Pharma Mar, S.A.",MCE,es_market,EQUITY
ENO.MC,ELECNOR S.A.,"Elecnor, S.A.",MCE,es_market,EQUITY
HOME.MC,"NEINOR HOMES, S.A.","Neinor Homes, S.A.",MCE,es_market,EQUITY
PRO.MC,"PROEDUCA ALTUS, S.A.","Proeduca Altus, S.A.",MCE,es_market,EQUITY
A3M.MC,ATRESMEDIA CORPORACION DE MEDIO,"Atresmedia Corporación de Medios de Comunicación, S.A.",MCE,es_market,EQUITY
GRE.MC,"GRENERGY RENOVABLES, S.A.","Grenergy Renovables, S.A.",MCE,es_market,EQUITY
DOM.MC,"GLOBAL DOMINION ACCESS, S.A.","Global Dominion Access, S.A.",MCE,es_market,EQUITY
TLGO.MC,"TALGO, S.A.","Talgo, S.A.",MCE,es_market,EQUITY
RLIA.MC,"REALIA BUSINESS, S.A.","Realia Business, S.A.",MCE,es_market,EQUITY
OHLA.MC,"OBRASCON HUARTE LAIN, S.A.","Obrascón Huarte Lain, S.A.",MCE,es_market,EQUITY
ATRY.MC,"ATRYS HEALTH, S.A.","Atrys Health, S.A.",MCE,es_market,EQUITY
ENC.MC,"ENCE ENERGIA Y CELULOSA, S.A.","ENCE Energía y Celulosa, S.A.",MCE,es_market,EQUITY
ALNT.MC,"ALANTRA PARTNERS, S.A.","Alantra Partners, S.A.",MCE,es_market,EQUITY
YCPS.MC,"CASTELLANA PROPERTIES SOCIMI, S","Castellana Properties Socimi, S.A.",MCE,es_market,EQUITY
ADX.MC,"AUDAX RENOVABLES, S.A.","Audax Renovables, S.A.",MCE,es_market,EQUITY
SOL.MC,"SOLTEC POWER HOLDINGS, S.A.","Soltec Power Holdings, S.A.",MCE,es_market,EQUITY
UBS.MC,"URBAS GRUPO FINANCIERO, S.A.","Urbas Grupo Financiero, S.A.",MCE,es_market,EQUITY
MCM.MC,"MIQUEL Y COSTAS & MIQUEL, S.A.","Miquel y Costas & Miquel, S.A.",MCE,es_market,EQUITY
LRE.MC,LAR ESPA...A REAL ESTATE SOCIMI,"Lar España Real Estate SOCIMI, S.A.",MCE,es_market,EQUITY
XTZA.MC,"TV AZTECA, S.A. DE CV , CERTIFI","TV Azteca, S.A.B. de C.V.",MCE,es_market,EQUITY
TRE.MC,TECNICAS REUNIDAS S.A.,"Técnicas Reunidas, S.A.",MCE,es_market,EQUITY
R4.MC,"RENTA 4 BANCO, S.A.","Renta 4 Banco, S.A.",MCE,es_market,EQUITY
CBAV.MC,CLINICA BAVIERA S.A.,"Clínica Baviera, S.A.",MCE,es_market,EQUITY
GRN.MC,GREENALIA S.A.,"Greenalia, S.A.",MCE,es_market,EQUITY
GSJ.MC,"GRUPO EMPRESARIAL SAN JOSE, S.A","Grupo Empresarial San José, S.A.",MCE,es_market,EQUITY
YATO.MC,"ATOM HOTELES SOCIMI, S.A.","Atom Hoteles SOCIMI, S.A.",MCE,es_market,EQUITY
SQRL.MC,"SQUIRREL MEDIA, S.A.","Squirrel Media, S.A.",MCE,es_market,EQUITY
ECR.MC,ERCROS,"Ercros, S.A.",MCE,es_market,EQUITY
AMEN.MC,"AETERNAL MENTIS, S.A.","Aeternal Mentis, S.A.",MCE,es_market,EQUITY
ENER.MC,"GRUPO ECOENER, S.A.U.","Grupo Ecoener, S.A.U.",MCE,es_market,EQUITY
EIDF.MC,"ENERG...A, INNOVACI...N Y DESAR","Energía, Innovación y Desarrollo Fotovoltaico, SA",MCE,es_market,EQUITY
HLZ.MC,HOLALUZ CLIDOM S.A.,"Holaluz-Clidom, S.A.",MCE,es_market,EQUITY
ARM.MC,"ARIMA REAL ESTATE, S.A.","Árima Real Estate SOCIMI, S.A.",MCE,es_market,EQUITY
PRM.MC,"PRIM, S.A.","Prim, S.A.",MCE,es_market,EQUITY
RJF.MC,"LABORATORIO REIG JOFRE, S.A.","Laboratorio Reig Jofre, S.A.",MCE,es_market,EQUITY
IBG.MC,"IBERPAPEL GESTION,S.A.","Iberpapel Gestión, S.A.",MCE,es_market,EQUITY
TUB.MC,"TUBACEX, S.A.","Tubacex, S.A.",MCE,es_market,EQUITY
AMP.MC,"AMPER, S.A.","Amper, S.A.",MCE,es_market,EQUITY
ALC.MC,"ALTIA CONSULTORES, S.A.","Altia Consultores, S.A.",MCE,es_market,EQUITY
IZER.MC,"IZERTIS, S.A.","izertis, S.A.",MCE,es_market,EQUITY
MAKS.MC,"MAKING SCIENCE GROUP, S.A.","Making Science Group, S.A.",MCE,es_market,EQUITY
CEV.MC,CIA ESPA...OLA DE VIVIENDAS EN ,Compañía Española de Viviendas en Alquiler S.A.,MCE,es_market,EQUITY
YLFG.MC,"LA FINCA GLOBAL ASSETS SOCIMI, ","La Finca Global Assets SOCIMI, S.A.",MCE,es_market,EQUITY
ISUR.MC,INMOBILIARIA DEL SUR S.A.,"Inmobiliaria del Sur, S.A.",MCE,es_market,EQUITY
OLE.MC,"DEOLEO, S.A.","Deoleo, S.A.",MCE,es_market,EQUITY
YMRE.MC,"MERIDIA REAL ESTATE III SOCIMI,","Meridia Real Estate III, SOCIMI, S.A.",MCE,es_market,EQUITY
AGIL.MC,"AGILE CONTENT, S.A.","Agile Content, S.A.",MCE,es_market,EQUITY
ORY.MC,"ORYZON GENOMICS, S.A.",Oryzon Genomics S.A.,MCE,es_market,EQUITY
GALQ.MC,GENERAL DE ALQUILER DE MAQUINAR,"General de Alquiler de Maquinaria, S.A.",MCE,es_market,EQUITY
NXT.MC,"NUEVA EXPRESI...N TEXTIL, S.A.","Nueva Expresión Textil, S.A.",MCE,es_market,EQUITY
AZK.MC,"AZKOYEN, S.A.","Azkoyen, S.A.",MCE,es_market,EQUITY
YADR.MC,"ADRIANO CARE SOCIMI, S.A.","Adriano Care SOCIMI, S.A.",MCE,es_market,EQUITY
GIGA.MC,"GIGAS HOSTING, S.A.","Gigas Hosting, S.A.",MCE,es_market,EQUITY
LGT.MC,"LINGOTES ESPECIALES, S.A.","Lingotes Especiales, S.A.",MCE,es_market,EQUITY
NTH.MC,"NATURHOUSE HEALTH, S.A","Naturhouse Health, S.A.",MCE,es_market,EQUITY
VOC.MC,VOCENTO,"Vocento, S.A.",MCE,es_market,EQUITY
AI.MC,AIRTIFICIAL INTELLIGENCE STRUCT,"Airtificial Intelligence Structures, S.A.",MCE,es_market,EQUITY
YTAN.MC,"TANDER INVERSIONES SOCIMI, S.A.","Tander Inversiones SOCIMI, S.A.",MCE,es_market,EQUITY
YVIT.MC,"VITRUVIO REAL ESTATE SOCIMI, S.","Vitruvio Real Estate SOCIMI, S.A.",MCE,es_market,EQUITY
MDF.MC,"DURO FELGUERA, S.A.","Duro Felguera, S.A.",MCE,es_market,EQUITY
NEA.MC,NICOLAS CORREA,"Nicolás Correa, S.A.",MCE,es_market,EQUITY
NBI.MC,"NBI BEARINGS EUROPE, S.A","NBI Bearings Europe, S.A.",MCE,es_market,EQUITY
TRG.MC,TUBOS REUNIDOS S.A.,"Tubos Reunidos, S.A.",MCE,es_market,EQUITY
BAIN.MC,BORGES AGRICULTURAL & INDUSTRIA,"Borges Agricultural & Industrial Nuts, S.A.",MCE,es_market,EQUITY
GRI.MC,"GRI...O ECOLOGIC, S.A.","Griñó Ecologic, S.A.",MCE,es_market,EQUITY
FACE.MC,"FACEPHI BIOMETR...A, S.A.","Facephi Biometria, S.A.",MCE,es_market,EQUITY
LLN.MC,LLEIDANETWORKS SERVEIS TELEMATI,"LleidaNetworks Serveis Telemàtics, S.A.",MCE,es_market,EQUITY
REN.MC,"RENTA CORPORACION REAL ESTATE, ","Renta Corporación Real Estate, S.A.",MCE,es_market,EQUITY
PRS.MC,PROMOTORA DE INFORMACIONES S.A.,"Promotora de Informaciones, S.A.",MCE,es_market,EQUITY
YAC1.MC,ALMAGRO CAPITAL SOCIMI S.A,"Almagro Capital SOCIMI, S.A.",MCE,es_market,EQUITY
BKY.MC,BERKELEY ENERGIA LIMITED,Berkeley Energia Limited,MCE,es_market,EQUITY
MTB.MC,"MONTEBALITO, S.A.","Montebalito, S.A.",MCE,es_market,EQUITY
ISE.MC,"INNOVATIVE SOLUTIONS ECOSYSTEM,","Innovative Solutions Ecosystem, S.A.",MCE,es_market,EQUITY
480S.MC,"SOLUCIONES CUATROOCHENTA, S.A.",Soluciones Cuatroochenta S.L.,MCE,es_market,EQUITY
ELZ.MC,"ASTURIANA DE LAMINADOS, S.A","Asturiana de Laminados, S.A.",MCE,es_market,EQUITY
COM.MC,"CATENON, S.A.","Catenon, S.A.",MCE,es_market,EQUITY
END.MC,"ENDURANCE MOTIVE, S.A.","Endurance Motive, S.A.",MCE,es_market,EQUITY
LIB.MC,LIBERTAS 7,"Libertas 7, S.A.",MCE,es_market,EQUITY
ADZ.MC,"ADOLFO DOMINGUEZ, S.A.","Adolfo Domínguez, S.A.",MCE,es_market,EQUITY
TR1.MC,"TIER1 TECHNOLOGY, S.A.","TIER 1 Technology, S.A.",MCE,es_market,EQUITY
NTX.MC,"NETEX KNOWLEDGE FACTORY, S.A.","Netex Knowledge Factory, S.A.",MCE,es_market,EQUITY
PANG.MC,PANGAEA ONCOLOGY S.A.,"Pangaea Oncology, S.A.",MCE,es_market,EQUITY
NYE.MC,NYESA VALORES CORPORACION S.A.,"Nyesa Valores Corporación, S.A.",MCE,es_market,EQUITY
ALQ.MC,"ALQUIBER QUALITY, S.A.","Alquiber Quality, S.A.",MCE,es_market,EQUITY
KOM.MC,"PLASTICOS COMPUESTOS, S.A.","Plásticos Compuestos, S.A.",MCE,es_market,EQUITY
YPARK.MC,INMOBILIARIA PARK ROSE IBEROAME,"Inmobiliaria Park Rose Iberoamericana SOCIMI, S.A.",MCE,es_market,EQUITY
EZE.MC,"GRUPO EZENTIS, S.A.","Grupo Ezentis, S.A.",MCE,es_market,EQUITY
MONI.MC,"MONDO TV ESTUDIOS, S.A.",Mondo TV Studios S A U,MCE,es_market,EQUITY
ADL.MC,"ADL BIONATUR SOLUTIONS, S.A.","ADL Bionatur Solutions, S.A.",MCE,es_market,EQUITY
DOMO.MC,"DOMO ACTIVOS, S.A.","Domo Activos, S.A.",MCE,es_market,EQUITY
SPH.MC,"PROFITHOL, S.A.","Profithol, S.A.",MCE,es_market,EQUITY
RIO.MC,"BODEGAS RIOJANAS,S.A.","Bodegas Riojanas, S.A.",MCE,es_market,EQUITY
PVA.MC,"PESCANOVA,S.A.","Pescanova, S.A.",MCE,es_market,EQUITY
CLR.MC,"CLERHP ESTRUCTURAS, S.A.","CLERHP Estructuras, S.A.",MCE,es_market,EQUITY
CMM.MC,"COMMCENTER, S.A.","Commcenter, S.A.",MCE,es_market,EQUITY
CLE.MC,"CLEVER GLOBAL, S.A.","Clever Global, S.A.",MCE,es_market,EQUITY
YQPQ.MC,QUID PRO QUO ALQUILER SEGURO SO,"Quid Pro Quo Alquiler Seguro SOCIMI, S.A",MCE,es_market,EQUITY
EEP.MC,"EUROESPES, S.A.","Euroespes, S.A.",MCE,es_market,EQUITY
YAI1.MC,"ALL IRON RE I SOCIMI, S.A.","All Iron Re I Socimi, S.A.",MCE,es_market,EQUITY
XENBR.MC,"EDP - ENERGIAS DO BRASIL, S.A.",EDP - Energias do Brasil S.A.,MCE,es_market,EQUITY
MIO.MC,"MEDIA INVESTMENT OPTIMIZATION, ","Media Investment Optimization, S.A.",MCE,es_market,EQUITY
YTST.MC,"TESTA RESIDENCAL SOCIMI, S.A.",,MCE,es_market,EQUITY
LLYC.MC,"LLORENTE Y CUENCA, S.A.","Llorente & Cuenca, S.A.",MCE,es_market,EQUITY
YHCR.MC,"HOME CAPITAL RENTALS SOCIMI, S.",Home Capital Rentals Socimi S.A. Fund,MCE,es_market,EQUITY
ART.MC,"ARTECHE LANTEGI  ELKARTEA, S.A.",Arteche Lantegi Elkartea SA,MCE,es_market,EQUITY
GRF-P.MC,GRIFOLS S.A. CLASE B,,MCE,es_market,EQUITY
CITY.MC,"CLUB  DE FUTBOL INTERCITY, S.A.",Club De Futbol Intercity Sad,MCE,es_market,EQUITY
YMHRE.MC,MILLENIUM HOTELS REAL ESTATE I ,"Millenium Hotels Real Estate I SOCIMI, S.A.",MCE,es_market,EQUITY
PAR.MC,PARLEM TELECOM COMPANYIA DE TEL,"Parlem Telecom Companyia de Telecomunicacions, S.A.",MCE,es_market,EQUITY
SNG.MC,SINGULAR PEOPLE S.A.,"Singular People, S.A.",MCE,es_market,EQUITY
YINB1.MC,INBEST PRIME I INMUEBLES SOCIMI,"Inbest Prime I Inmuebles SOCIMI, S.A.",MCE,es_market,EQUITY
